4
784
0
0
0
0
0
0
0
0
0
0
0
0
0
0
0
0
0
0
0
0
0
0
0
0
0
0
0
0
0
0
0
0
0
0
0
0
0
0
0
0
0
0
0
0
0
0
0
0
0
0
0
0
0
0
0
0
0
0
0
0
0
0
0
0
0
0
0
0
0
0
0
0
0
0
0
0
0
0
0
0
0
0
0
0
0
0
0
0
0
0
0
0
0
0
0
0
0
0
0
0
0
0
0
0
0
0
0
0
0
0
0
0
0
0
0
0
0
0
0
0
0
0
0
0
0
0
0
0
0
0
0
0
0
0
0
0
0
0
0
0
0
0
0
0
0
0
0
0
0
0
0
0
0
0
0
0
0
0
0
0
0
0
0
0
0
0
0
0
0
0
0
0
0
0
0
0
0
0
0
0
0
0
0
0
0
0
0
0
0
0
0
0
0
0
0
0
0
0
0
0
0
0
0
0
0
0
0
0
0
0
0
0
0
0
0
0
0
0
0
0
0
0
0
0
0
0
0
0
0
0
0
0
0
0
0
0
0
0
0
0
0
0
0
0
0
0
0
0
0
0
0
0
0
0
0
0
0
0
0
0
0
0
0
0
0
0
0
0
0
0
0
0
0
0
0
0
0
0
0
0
0
0
0
0
0
0
0
0
0
0
0
0
0
0
0
0
0
0
0
0
0
0
0
0
0
0
0
0
0
0
0
0
0
0
0
0
0
0
0
0
0
0
0
0
0
0
0
0
0
0
0
0
0
0
0
0
0
0
0
0
0
0
0
0
0
0
0
0
0
0
0
0
0
0
0
0
0
0
0
0
0
0
0
0
0
0
0
0
0
0
0
0
0
0
0
0
0
0
0
0
0
0
0
0
0
0
0
0
0
0
0
0
0
0
0
0
0
0
0
0
0
0
0
0
0
0
0
0
0
0
0
0
0
0
0
0
0
0
0
0
0
0
0
0
0
0
0
0
0
0
0
0
0
0
0
0
0
0
0
0
0
0
0
0
0
0
0
0
0
0
0
0
0
0
0
0
0
0
0
0
0
0
0
0
0
0
0
0
0
0
0
0
0
0
0
0
0
0
0
0
0
0
0
0
0
0
0
0
0
0
0
0
0
0
0
0
0
0
0
0
0
0
0
0
0
0
0
0
0
0
0
0
0
0
0
0
0
0
0
0
0
0
0
0
0
0
0
0
0
0
0
0
0
0
0
0
0
0
0
0
0
0
0
0
0
0
0
0
0
0
0
0
0
0
0
0
0
0
0
0
0
0
0
0
0
0
0
0
0
0
0
0
0
0
0
0
0
0
0
0
0
0
0
0
0
0
0
0
0
0
0
0
0
0
0
0
0
0
0
0
0
0
0
0
0
0
0
0
0
0
0
0
0
0
0
0
0
0
0
0
0
0
0
0
0
0
0
0
0
0
0
0
0
0
0
0
0
0
0
0
0
0
0
0
0
0
0
0
0
0
0
0
0
0
0
0
0
0
0
0
0
0
0
0
0
0
0
0
0
0
0
0
0
0
0
0
0
0
0
0
0
0
0
0
0
0
0
0
0
0
0
0
0
0
0
0
0
0
0
0
0
0
0
0
0
0
0
0
0
0
0
0
0
0
0
0
0
0
0
0
0
0
0
0
0
0
0
0
0
0
0
0
0
0
0
0
0
0
0
0
0
0
0
0
0
0
0
0
0
0
0
0
0
0
0
0
0
0
0
0
0
0
0
0
0
0
0
0
0
0
0
0
0
0
0
0
0
0
0
0
0
0
0
0
0
0
0
0
0
0
0
0
0
0
0
0
0
0
0
0
0
0
0
0
0
0
0
0
0
0
0
0
0
0
0
0
0
0
0
0
0
0
0
0
0
0
0
0
0
0
0
0
0
0
0
0
0
0
0
0
0
0
0
0
0
0
0
0
0
0
0
0
0
0
0
0
0
0
0
0
0
0
0
0
0
0
0
0
0
0
0
0
0
0
0
0
0
0
0
0
0
0
0
0
0
0
0
0
0
0
0
0
0
0
0
0
0
0
0
0
0
0
0
0
0
0
0
0
0
0
0
0
0
0
0
0
0
0
0
0
0
0
0
0
0
0
0
0
0
0
0
0
0
0
0
0
0
0
0
0
0
0
0
0
0
0
0
0
0
0
0
0
0
0
0
0
0
0
0
0
0
0
0
0
0
0
0
0
0
0
0
0
0
0
0
0
0
0
0
0
0
0
0
0
0
0
0
0
0
0
0
0
0
0
0
0
0
0
0
0
0
0
0
0
0
0
0
0
0
0
0
0
0
0
0
0
0
0
0
0
0
0
0
0
0
0
0
0
0
0
0
0
0
0
0
0
0
0
0
0
0
0
0
0
0
0
0
0
0
0
0
0
0
0
0
0
0
0
0
0
0
0
0
0
0
0
0
0
0
0
0
0
0
0
0
0
0
0
0
0
0
0
0
0
0
0
0
0
0
0
0
0
0
0
0
0
0
0
0
0
0
0
0
0
0
0
0
0
0
0
0
0
0
0
0
0
0
0
0
0
0
0
0
0
0
0
0
0
0
0
0
0
0
0
0
0
0
0
0
0
0
0
0
0
0
0
0
0
0
0
0
0
0
0
0
0
0
0
0
0
0
0
0
0
0
0
0
0
0
0
0
0
0
0
0
0
0
0
0
0
0
0
0
0
0
0
0
0
0
0
0
0
0
0
0
0
0
0
0
0
0
0
0
0
0
0
0
0
0
0
0
0
0
0
0
0
0
0
0
0
0
0
0
0
0
0
0
0
0
0
0
0
0
0
0
0
0
0
0
0
0
0
0
0
0
0
0
0
0
0
0
0
0
0
0
0
0
0
0
0
0
0
0
0
0
0
0
0
0
0
0
0
0
0
0
0
0
0
0
0
0
0
0
0
0
0
0
0
0
0
0
0
0
0
0
0
0
0
0
0
0
0
0
0
0
0
0
0
0
0
0
0
0
0
0
0
0
0
0
0
0
0
0
0
0
0
0
0
0
0
0
0
0
0
0
0
0
0
0
0
0
0
0
0
0
0
0
0
0
0
0
0
0
0
0
0
0
0
0
0
0
0
0
0
0
0
0
0
0
0
0
0
0
0
0
0
0
0
0
0
0
0
0
0
0
0
0
0
0
0
0
0
0
0
0
0
0
0
0
0
0
0
0
0
0
0
0
0
0
0
0
0
0
0
0
0
0
0
0
0
0
0
0
0
0
0
0
0
0
0
0
0
0
0
0
0
0
0
0
0
0
0
0
0
0
0
0
0
0
0
0
0
0
0
0
0
0
0
0
0
0
0
0
0
0
0
0
0
0
0
0
0
0
0
0
0
0
0
0
0
0
0
0
0
0
0
0
0
0
0
0
0
0
0
0
0
0
0
0
0
0
0
0
0
0
0
0
0
0
0
0
0
0
0
0
0
0
0
0
0
0
0
0
0
0
0
0
0
0
0
0
0
0
0
0
0
0
0
0
0
0
0
0
0
0
0
0
0
0
0
0
0
0
0
0
0
0
0
0
0
0
0
0
0
0
0
0
0
32
784
-0.0357137285
-0.0263187289
0.0182575248
-0.00295356289
0.00234051794
-0.0200743452
-0.0323539563
0.0127760507
0.0128068887
0.0310494937
-0.00832128152
0.0013868846
0.023592148
-0.0333607122
-0.0319069922
0.00212097005
0.0122249573
-0.0351644158
-0.00832745433
-0.0309398416
-0.00589385815
0.013340909
0.00635547191
0.0307454653
0.0247262083
0.00192348287
-0.0291453656
0.0109942146
-0.00600004569
0.0143707581
0.0293086283
0.0187284313
-0.0169676449
-0.0323234573
0.0169342402
-0.0120596029
0.00950183999
0.0183553919
0.0349911116
-0.00949417427
-0.0178618189
0.0342430361
0.0140614836
0.0150235444
0.00893065799
-0.031104425
0.00930644665
0.0270040855
-0.0164705031
-0.00442207092
0.0190489274
-0.00158933527
-0.0187303983
-0.0160780828
-0.0100525022
-0.0238209143
-0.000963043422
0.0284040235
0.0292291678
-0.0314017758
0.0288755223
0.000319495855
0.00126261392
-0.0125810541
0.0359749347
0.00217324356
-0.0153009696
-0.0278483331
0.0349612013
-0.0311714914
0.00241913344
-0.00801779516
-0.0167385284
0.0290430244
-0.00539556844
-9.67249725e-05
0.0333851837
-0.0300664697
0.0203127097
0.0200253818
0.0234124772
-0.0268598739
-0.0345808789
0.0134610906
0.0263033696
0.00925310329
0.0168452319
0.0160649698
0.0356890261
0.0280477069
-0.0184963141
-0.013443145
-0.0106778853
0.00112573802
0.00802383665
0.0354349613
0.0016371134
0.0265019499
0.00613450399
0.0142872417
0.00421195431
-0.0184959192
-0.035359256
-0.0251156092
-0.0125104841
0.0141638331
0.0292983763
-0.0299217328
0.00592774898
-0.000644994143
0.0331577547
0.017735187
0.00389884785
0.0279099494
0.00880375132
0.0245007537
-0.0241087899
-0.0210762452
0.0132560926
-0.0320114791
-0.0348977372
-0.0347681232
-0.05306888
-0.0101316348
-0.0370605364
0.0273674168
0.0247647297
-0.00439811032
-0.0195564255
-0.0157211497
0.0040334654
0.00213986426
-0.0121155167
0.0203620568
0.0017571426
-0.000997279538
0.00227103196
-0.0292894971
0.00223900238
0.0245494992
0.00643633306
0.0325292014
0.00394321838
-0.0249864664
0.0346713066
-0.00815472845
-0.0257630683
0.00964934286
-0.0188998207
-0.0203814264
-0.0185486879
0.0140930116
-0.0259217061
-0.00738867652
0.00603374979
0.0539508685
-0.00771378307
0.00636706175
0.0110781277
-0.0458942838
-0.0703176931
-0.0443318263
-0.0198522005
-0.00623094663
-0.0264614802
0.0188071132
-0.00792978145
-0.0248721261
0.0319633447
-0.0064018718
-0.0257308651
0.0292825699
-0.0241164416
-0.0133049591
-0.0185248367
0.0051442082
-0.0127844932
-0.0370693915
-0.000501213188
-0.0116421161
-0.00758381374
0.0317396894
0.0562260672
0.015586786
0.00920822192
-0.0245605856
0.0191053804
-0.0146058276
-0.0621929169
-0.00554775074
-0.00472409138
-0.00323031959
0.0118353302
0.00949899573
0.0204021558
-0.00216861884
0.0322405361
0.0097619947
-0.00387595454
0.0263195913
0.0244499594
0.0307054929
0.0455518067
0.04278915
0.0143305315
-0.0354590565
-0.059016116
-0.028179178
-0.0555367991
-0.00346254651
0.0383699685
-0.0166825484
-0.0146591747
0.0176694226
0.0282712672
-0.0216590762
-0.00474853255
-0.0266012698
-0.0112787634
-0.0579181574
0.0148664024
-0.0133915013
-0.00151837966
-0.0306884851
0.0152185978
-0.000666847511
0.0122533804
0.0171728879
-0.0137146609
0.0289564077
0.00935126375
0.00213825167
-0.046074558
-0.0789538249
-0.0667963475
-0.0161909219
-0.0713898316
-0.00260516861
-0.0363145135
-0.013784497
0.00824351702
-0.0113187581
-0.040159557
-0.0223850887
-0.0652162656
-0.0878697038
-0.0118364124
-0.0816457644
-0.0242661647
-0.00584564963
-0.0385392644
-0.036621768
0.0195097309
0.0163042452
-0.0123746516
-0.00389214
0.00676653162
-0.0132419979
-0.0641115457
-0.0157138575
-0.0363585763
-0.0401578844
-0.0834761262
-0.0852220282
-0.00538180629
0.0246535502
0.011539978
0.00877139904
-0.0564950146
-0.0698520243
0.0202289727
0.0166143328
-0.0490176044
-0.0766762048
-0.0621097609
-0.0905454233
-0.0141944094
0.006338262
-0.00691431062
-0.00948540028
-0.0218773987
-0.0349959619
-0.0225361045
0.0348835513
-0.0467890538
-0.0274226684
-0.0848832875
-0.0579904951
-0.057117071
-0.114092045
-0.0505594946
-0.0666649863
0.0232901238
0.0184232499
0.0284361262
0.0177540667
-0.0262150038
-0.0179022793
-0.00844293088
0.0156450626
-0.022441823
-0.0594908185
-0.0737126321
-0.053845197
-0.0435399488
-0.00331537123
-0.0260287244
-0.0149362432
0.0142719625
-0.0273588002
0.0184440091
-0.00572803617
-0.0387487076
-0.0581944212
-0.0866807625
-0.0665838197
-0.105474949
-0.118928276
-0.0548895523
0.0319141299
0.0961111411
0.0853549838
0.0735836551
0.0348881744
-0.0184463747
-0.0132220807
-0.0330244005
0.0202045124
-0.0417973548
-0.0714892
-0.084811084
-0.0614126474
-0.0568626411
-0.0371485651
-0.0237264317
-0.0100786313
-0.0157647822
-0.0302773677
-0.00947011076
-0.0283096842
-0.0325740241
-0.0493088439
-0.0797496513
-0.10100089
-0.0815277025
-0.0432286263
0.0265141763
0.143799633
0.157474965
0.119951189
0.0501415282
-0.000522913237
-0.0379483849
-0.0437875353
0.0498009995
-0.0372297727
-0.0520046689
-0.0910933763
-0.057710357
-0.062695764
-0.0235096775
-0.0524260737
-0.0290358588
0.0107815675
0.00329110539
0.0296524018
-0.0163601097
0.0255731102
-0.0447729491
-0.0249256473
-0.0587571375
-0.101783656
-0.0503009371
-0.00968733151
0.122855239
0.176333815
0.164435238
0.085973464
-0.0150163453
-0.0443389043
0.00522146095
0.0107970051
0.0168497749
0.0196957737
-0.0634350255
-0.0923503712
-0.0563779771
-0.074926421
-0.0494415946
0.0180436932
0.0158552434
0.0182393547
-0.0045410227
-0.0353327319
0.00609024288
0.00110750564
-0.0382185765
-0.0304041486
-0.0752051845
-0.067184478
0.0051548956
0.152625024
0.189068049
0.151538953
0.105081908
-0.00684210798
-0.0096487524
-0.0204289202
0.0581477508
0.0582407154
0.0158465803
-0.00927382335
-0.00272210711
-0.00795922615
-0.0401788056
-0.0483535789
-0.0369593501
-0.0238558594
0.0168132726
-0.0145017803
-0.0320998169
-0.00158685492
-0.00288578682
0.0018899641
-0.00493753934
-0.0391641483
-0.0837468356
-0.0105904769
0.0598277561
0.138008595
0.185952172
0.110619888
0.087452583
0.0680261999
-0.0161839239
-0.00747962389
0.0952086821
0.0694967881
0.0195834674
0.00562535692
-0.0194646027
0.00699868146
0.0264909789
0.0279451162
-0.0238195136
-0.0183522664
0.0378718413
-0.0219291635
-0.0106200892
0.0081737591
0.00862690713
-0.0264258794
0.00583078945
0.0139734903
-0.0669026822
0.00239844876
0.0629564822
0.0459488519
0.0959581882
0.149799436
0.131293669
0.067848146
-0.019202169
0.0327584483
0.0843438208
0.0686218292
0.00397508964
0.0523020625
-0.024650028
-0.00724216225
-0.00452413457
0.0362078473
-0.0168024469
-0.0146897379
0.0134195136
-0.00415288517
-0.0298209637
0.0134023717
-0.00605638465
0.0281405896
-0.0218485575
0.0140424566
-0.0833527818
-0.0744969845
-0.0551563464
0.0101741413
0.0798325315
0.0389656089
0.019446861
0.0727609843
0.0422039479
0.0740418732
0.073777236
0.0411098674
0.0400861166
-0.0242016092
-0.0348338485
-0.0111917816
0.030622853
0.0413255207
0.0232357681
-0.00428170618
-0.017067261
-0.0190151744
0.0109685548
-0.0238578189
0.0196955968
-0.0113355964
-0.0198019836
-0.0116491662
-0.0881821215
-0.0666770935
-0.100550257
-0.0698722005
0.000665222993
-0.0264758822
0.0167565718
0.0605708249
0.0566732362
0.0201412719
0.0425041802
-0.00330484146
0.00989544764
-0.0479677692
-0.0263255741
0.038134411
0.0113109481
0.00634750957
0.00289954571
0.0180245899
-0.0197405163
-0.0227249227
-0.00910543557
0.0310236812
0.0353242345
-0.000554449682
-0.0179106127
-0.0387992263
-0.06261345
-0.131726101
-0.138911575
-0.155150086
-0.0737999007
-0.00521705532
0.0382896811
0.00995763205
0.0543262437
0.0389103219
0.0313495025
-0.0250113495
-0.0055580847
-0.0156229837
-0.0234203953
0.0435686074
0.0108867204
-0.00883050915
0.00768446829
8.07074684e-05
-0.00583056966
-0.0183586646
-0.0297795925
-0.00651270431
-0.00043129301
0.00291229622
-0.0101045296
-0.0356564596
-0.0451196805
-0.102457404
-0.0996413752
-0.0575270355
-0.0956895873
-0.0237701032
-0.00362679898
-0.0239806026
-0.0404607095
-0.0756809786
-0.0552930124
-0.0338094719
-0.0129775153
-0.0686308444
-0.0340880379
0.0123759257
-0.0228962321
-0.0269221682
0.0393058173
-0.0237472672
0.0218989011
0.0318612233
-0.0234868415
0.00757902209
-0.0291160699
-0.000886870548
-0.00878224708
-0.00178580405
-0.0323012881
-0.0500589125
-0.0309054013
-0.0413594954
-0.0061630276
-0.0359163135
-0.0313095748
-0.0516617596
-0.0800488144
-0.0649734437
-0.0829167292
-0.0745247602
0.00677138334
-0.0301237293
-0.036893487
-0.0349055789
0.00115301635
0.011429714
0.00618432974
-0.0181917362
0.0148715638
-0.00868812948
-0.0213805288
-0.0190989859
-0.00275083818
0.00439958973
0.029175872
0.0138617214
-0.0336466506
-0.0680979937
-8.78199571e-05
-0.0137261469
0.0346951373
-0.0251197908
-0.0173407141
-0.0734294578
-0.102561548
-0.0536997244
-0.0523862466
-0.0769596472
-0.00390604185
0.0180111937
0.00284954347
0.0106972959
-0.0295030903
-0.033422336
0.0310441907
0.00574378902
-0.00270919292
0.0308510549
0.0136266127
0.0225290544
0.0028756219
0.0106876185
-0.018133603
0.0253109597
0.0203339309
0.00134982425
0.0224840771
0.0622135252
0.0292525552
0.00131075992
-0.015004403
-0.0802492127
-0.0630789399
-0.0584253892
-0.0531283692
-0.0458912067
-0.0274437647
-0.0211250652
-0.0748219565
-0.0488721617
-0.0022725286
-0.0186195709
-0.0342965424
-0.028373247
0.0312528275
-0.0198816825
-0.00856324472
0.00614398345
-0.0237879492
-0.0310452841
0.0188585967
0.0236876216
0.0129549345
-0.0202224329
0.0321333483
0.0791124105
0.0674125329
-0.014795105
-0.0254862364
0.00355981034
-0.00374236284
-0.0504004136
-0.0157458205
0.00557281682
-5.3354408e-05
-0.0408428125
0.0222206861
-0.00388171547
-0.0162720941
0.00287525589
0.0145246694
0.0126266405
-0.0285862032
0.00348116085
0.00790983438
0.0119975284
-0.000340868864
0.0050265477
0.0120358225
0.00442830799
-0.0213769134
0.0110528851
0.0398856178
-0.0073799016
-0.0173091423
0.00552715547
-0.0141228903
-0.024859393
-0.0255804136
-0.0475769937
-0.0132206846
0.00510395924
0.00265040528
0.00174752786
0.0271231718
0.0160000846
0.00320560089
0.000821079942
0.0100702476
0.0142216878
-0.00644958904
-0.000939320773
-0.00144408271
0.0150321461
0.00244275853
-0.0159074329
0.00702999951
-0.0175261851
0.0150682135
0.00109740975
0.0256047975
-0.0209200904
-0.00662441738
-0.00158504408
0.0126692001
0.0230010338
0.000376327807
0.019106254
-0.000242507289
-0.0239220802
-0.0324858166
0.0262492616
-0.0203551147
0.00750683574
-0.0364314429
0.0309361052
-0.0160449278
0.0256261379
-0.0157908164
0.0323165022
0.000487141311
-0.0269321613
-0.00596604124
0.01446224
-0.00453634188
-0.0280182064
0.0186973102
-0.0303729121
-0.00581991719
-0.011617885
-0.0149736293
0.0169828869
-0.0134024806
-0.0126539562
-0.0347921513
0.00395218842
-0.00118898088
-0.0215250254
-0.0278318878
0.0334294178
0.0260165408
0.00026187679
-0.00893254485
0.021779459
-0.0241282992
-0.0243157297
-0.0315912217
-0.0250534732
-0.0490407795
784
-0.00852797925
0.0274074785
-0.00541903265
-0.00626800396
0.010806758
-0.0136908945
-0.031418398
0.0224583186
0.0284040682
0.0299637131
0.0286584236
0.0192890354
-0.0234284308
0.0053498568
-0.0334857963
0.0216613822
0.00158676133
0.025830131
-0.0159144178
0.0263924338
0.00620442629
-0.00791629404
0.0222782418
0.00183358788
0.0314193927
-0.00571156666
0.00570446625
0.0177960731
0.0271988623
-0.0115653798
-0.0221751034
0.0173661448
0.0156366099
0.0270815399
-0.0305095855
0.014988726
0.0269802585
-0.0100747878
-0.0298566446
-0.0246747527
-0.00546280527
-0.0282282792
0.0121060899
0.00472497893
0.024257388
0.0280222688
0.0189987328
0.00887790509
0.0279081352
0.0276376288
-0.00116051908
-0.0277078096
-0.00875110552
-0.0083843153
0.0133984238
-0.0270186029
-0.0302270185
-0.0254784264
-0.00159765908
0.0151142906
-0.0186078399
-0.00782357249
0.0334410258
0.00832332671
0.0101914397
0.0204379596
-0.0220963787
0.00594376447
0.000469814084
-0.0199387874
-0.0565085597
-0.0290289056
-0.0246414561
-0.0208224356
-0.00564760854
0.0149307018
0.0260627847
-0.0163982473
-0.0248623826
-0.0283437241
-0.0310221128
0.0334757417
-0.00655875541
-0.0186849739
0.0330828764
0.0238195769
-0.0215619784
-0.025878083
-0.0206385795
-0.0187778901
-0.00269313483
-0.0195689145
-0.0140876202
-0.0336914398
-0.0544887707
-0.0856728703
-0.0724840984
-0.0643892735
-0.0978960097
-0.0761970133
-0.0561033189
-0.0360753573
-0.0416927785
0.00523923151
0.0290542115
0.0359872468
0.00855316129
-0.0310820248
-0.00238290103
0.0142592564
0.0101312855
0.0103498474
0.0213596262
-0.00875991583
-0.0102128731
-0.00828293245
-0.0163878873
-0.0154545968
-0.070512116
-0.0683119074
-0.0621963032
-0.0342571698
-0.0635483265
-0.0507801399
-0.00933488738
-0.0485925823
0.0467704572
0.00487861969
-0.0287462547
-0.00959123485
-0.00378021807
-0.00900453981
0.0403951965
0.0241658576
0.0459514372
0.0117483512
0.0319234654
0.00597898103
-0.0227744393
0.0175652485
0.0118552297
-0.0348906741
0.0208523814
-0.00105384015
-0.0432764962
-0.068277441
-0.0951604098
-0.0991977826
-0.0778803751
-0.0288432259
-0.0528154522
0.0256123226
0.00325426459
0.00379656162
0.0181062408
-0.0496744253
-0.0440182239
0.0310624056
-0.0160719901
0.0233663898
0.0460893437
0.0545881204
0.0411556773
0.0315285102
0.0187747367
0.00584649947
2.53196486e-05
0.00774790812
0.0317465775
-0.00675162254
-0.0287204925
-0.0191124864
-0.0294353031
-0.0208844971
-0.0361630991
-0.0805211663
-0.0406764336
-0.0411335044
0.0102343904
0.0464876071
0.0513827726
0.0597455911
-0.00679181051
-0.00349437096
-0.0702710226
0.0568196177
0.0499245971
0.102734402
0.114997
0.0986099914
0.104916804
0.0622366741
0.0332983918
0.0378789939
0.0160570331
-0.0132963834
0.00249297195
0.0108778244
-0.0101698628
0.0151543068
-0.0536490269
-0.000414273294
-0.0302381925
0.0623862147
0.038780082
0.0457625352
0.113091171
0.0753113329
0.00835478771
0.00227830443
-0.0471688211
0.000898696133
0.0596383512
0.105772629
0.140530452
0.1375622
0.0905317813
0.0736687928
0.0689928681
0.123510011
0.0318269134
0.0143760769
0.0285919253
0.00677922275
0.00985092577
0.0248849932
0.0182312913
-0.00648394041
-0.0288904924
-0.00333859073
-0.00260219234
0.00266366359
0.0659318343
0.090915218
0.0589695983
0.0796023607
0.0757773742
0.0511493497
0.0396938026
-0.000970103196
0.0402560532
0.066148378
0.0506431796
0.0229826886
0.0328119211
0.0385974199
0.00585896568
0.111345671
0.178329155
0.100386508
0.0259682182
-0.0308456607
0.0137710916
0.000700673205
0.00964999758
0.0328134783
-0.0353669114
0.0134297507
0.0151666151
0.0327893011
0.0345709845
0.111209899
0.0321586244
0.137952328
0.0894681662
0.0489848852
0.0496482663
-0.0330927186
-0.0513667241
-0.0197974369
0.011769169
-0.0718820393
-0.0154758142
0.0249907989
0.0203174241
0.103828512
0.1668818
0.126439154
0.0284636505
0.0104061635
0.000525898882
0.00402972754
-0.0183053371
0.0269149076
0.044510778
0.0312690325
0.034804143
0.0452736877
0.0756680444
0.105757244
0.0500414036
0.144926652
0.154569596
0.0678754151
0.105768107
0.0173593257
-0.0094366679
-0.00604570238
0.0104448553
0.0133033553
-0.00826055277
0.0529622398
0.0722746626
0.117810264
0.155090019
0.0902869552
0.00685730902
-0.0180807356
0.0122999102
-0.00279760151
0.0361868814
0.0163072031
-0.000693743874
0.0218401663
0.0740042627
0.0983611122
0.0447954014
0.0864096507
0.0512788258
0.124735743
0.0871097445
0.0911210999
0.0290878527
0.0428418927
0.0193987414
-0.0219008122
0.0045268042
-0.0152380606
-0.0283158086
-0.0153245293
0.0412634946
0.0800669417
0.16027613
0.048186373
0.0130503029
0.00020838996
0.0209752526
-0.0149598569
-0.0141590051
0.0085537238
0.000909939932
0.00631256867
0.0763022378
0.066978775
0.0351012759
0.0537962057
0.0154007357
0.127937853
0.0318756551
-0.00663729664
-0.0622500814
-0.0417964645
-0.0753711537
0.0132137472
-0.00830664672
0.0248800628
-0.0103540942
-0.0181126427
0.00161382055
0.0152708879
0.0231113527
-0.0110633895
0.0457721427
0.0198373031
-0.00761061069
0.017214736
0.027581783
0.0421489924
-0.0121297305
0.0118255001
0.0510708243
0.038010437
0.00602508895
0.0511984862
0.0748122036
0.119566575
0.0827394351
-0.0758925676
-0.115413092
-0.0602588914
-0.0902816653
-0.0500181131
-0.0542743132
-0.0558920354
0.00503370352
-0.0243480317
0.0299740769
-0.0267412532
0.0176875293
-0.0207897294
0.00520769646
0.0224495251
-0.0129338242
0.00765452767
-0.0245086644
-0.0106511852
-0.0236727372
0.00357073103
-0.0335946009
-0.0177351236
0.0159878023
-0.010382833
0.110744141
0.138340786
-0.00877775531
-0.0616146848
-0.0597028956
-0.0898502544
-0.0655069649
-0.0379538462
-0.0380256698
-0.0422574095
-0.0355298035
-0.0820100084
-0.0534965247
0.0195065998
-0.0141941467
-0.00128806464
-0.028618861
-0.0072695124
0.00718684494
0.0102129411
-0.0319798067
0.0309589338
0.0222479533
-0.0167284496
-0.0378884263
-0.00597435096
0.0365149416
0.0761074051
0.0983362049
0.0710611269
0.00287116761
-0.0820938349
-0.104210421
-0.0882589817
-0.0834342688
-0.0472889096
0.0330292694
-0.0992415696
-0.0414447524
-0.0704230145
-0.0451528728
-0.0169711169
0.021398969
-0.00624462031
-0.00808682293
-0.0150411837
0.00886058807
0.0103323227
0.00514728436
-0.027030617
-0.0519444458
0.0370961204
0.00547107961
0.00829619542
0.0120464042
0.00901591312
0.0272965562
0.0294566285
-0.00450273277
-0.0661362857
-0.0406861529
0.0106077837
0.0111403344
-0.0223535914
-0.0679982677
-0.100196607
-0.0514632426
0.00350830052
-0.013308526
0.00296720886
-0.00311427098
-0.0243405011
-0.00348101137
0.0182146113
-0.00366283581
0.00996927451
0.00663097296
0.00166952063
-0.0166156143
0.0333122499
0.0875293165
0.0281789526
-0.0125402249
0.0955400839
0.101010382
0.087954767
0.0953086689
0.0481304638
0.0209299158
0.0265030712
0.0551227815
-0.0317174122
-0.0607434101
-0.0572320782
-0.00879624765
-0.0342456214
-0.0438823663
0.0105513511
-0.00803871453
-0.024273701
-0.0170631297
0.0209136587
0.0158112794
0.0054876185
0.00470173685
-0.0186201073
-0.0350450054
0.0754842386
0.0776305869
0.036246378
0.0533354431
0.102930367
0.0802928433
0.105832286
0.0670768768
0.0457781442
0.017971551
0.00455442583
-0.0782610103
-0.0733878985
-0.0477820709
-0.0650249496
0.030874189
-0.0201913007
0.00892070867
0.0111251362
0.00511396024
-0.000107021282
-0.024835594
0.00512081292
0.00305923517
-0.0161011089
-0.0243018828
-0.0387039967
-0.00946585461
0.0460401997
0.0698742718
0.0328155495
0.0949289948
0.0821253508
0.0521327369
0.030573437
0.112485334
0.0171069149
-0.0173933525
-0.0677798986
-0.0828117505
-0.0945418254
-0.00761470199
-0.00213965494
-0.0311526246
-0.09891738
0.00512238778
0.0200416259
0.0184025504
-0.00249162642
0.000114611241
-0.000769776118
0.00817867368
0.0332773998
0.00380022055
-0.0616103821
-0.0692423433
0.0346957445
0.000232291088
-0.0655752495
0.000763638353
0.0453089885
0.0775262117
0.0853500739
0.136090934
0.0363595784
-0.0913378447
-0.0428061858
-0.115829326
-0.00391237764
-0.0346484855
-0.0295470189
-0.0663394928
-0.0248999689
0.0216861796
0.0338612422
0.00193839124
0.0357003026
-0.033464931
-0.00175860373
-0.027848728
0.0349719785
-0.00514736865
-0.00754878344
-0.0353241339
0.00633096602
-0.00797137804
-0.0160857197
-0.0474596471
-0.0173402689
0.021212887
0.0841685161
0.0461876281
-0.0290215388
0.0099393921
-0.0543304756
-0.0843199641
-0.0275706388
-0.0147094252
-0.0474343672
-0.0189591888
-0.016123509
-0.00145615416
0.0305148195
0.0107858656
0.035876397
-0.0290694367
0.0304033943
0.0320985913
-0.00239915564
-0.0239553377
-0.0193096381
-0.0106841745
0.0216887817
-0.0110687604
0.00957178511
-0.0143823838
-0.0189898573
-0.0358256511
0.0244976096
0.0773886815
0.0621315837
0.0536166951
0.0412694402
0.0190058444
-0.0204094835
-0.0487401783
-0.0526965708
-0.075705193
-0.0564768054
-0.00459692394
0.0134690823
0.0108579984
-0.00335231703
0.000316639722
-0.0127950646
-0.0290254485
0.0264598317
-0.00857542362
-0.0436227322
-0.0089012729
0.0167361051
0.00883282535
-0.0245504361
-0.0262423363
-0.0103515517
-0.0128347911
-0.0240823347
0.0313408151
0.0742405057
0.12100634
0.121621899
0.0355638638
-0.0279410314
-0.0954090953
-0.0123678083
-0.0247553382
-0.0186565835
-0.0162472241
-0.020925967
0.00441230973
0.0270288587
0.0313583016
0.00593310967
0.0034933202
-0.00201763958
0.0156893115
-0.0231391359
-0.0491109714
-0.0325810201
-0.0775117651
-0.0399464555
-0.000926327193
-0.044907257
-0.0342897102
-0.00244979816
0.0933106542
0.115433924
0.0529284328
0.0763568878
0.0315880291
-0.00255855569
0.0457068011
0.0131167769
-0.0199952647
-0.027331857
-0.0369940773
-0.00744258799
0.0231673904
-0.0208598804
-0.0139790112
-0.0225022882
0.0183304586
0.00861947611
0.0101282103
-0.00947738159
-0.0313549489
-0.0564023182
-0.0564126968
-0.0638994128
-0.108502224
-0.0218877327
-0.041333463
-0.0173525065
-0.0108249579
0.0425389595
0.0957759023
0.0832436681
0.0719623938
0.0651316717
0.0444636904
0.00438891398
-0.016792085
-0.000639723265
0.0258883871
0.0201700144
-0.0248729344
-0.0120610781
-0.0303551909
0.00314491242
-0.000634141266
-0.0151520502
-0.0176629666
-0.00439111982
0.00807921402
-0.0263507515
-0.0610944293
0.012262214
-0.0445198901
-0.0355783142
-0.00784292072
-0.0343905836
-0.0360648893
0.0208683405
-0.0475001335
-0.0281077176
0.0281903129
0.0141552398
-0.0127241975
-0.0128227482
-0.0206752457
-0.0108653177
-0.0205614604
-0.015836969
0.00348951318
0.0273062978
0.0251178108
0.0121762939
0.00411502644
0.018416658
0.0287140273
0.0252414383
0.0185596608
-0.0189959742
0.0355336331
-0.0172572955
-0.00880512875
-0.0142244538
0.0184325427
0.0348593704
0.0175821632
-0.00332638877
0.00920444913
-0.00520975655
-0.0282051805
-0.019270895
0.0280621909
0.00102032197
0.0287137944
0.0270287842
-0.0171854477
0.00880588498
0.0339571275
0.00314635411
0.0236192197
-0.0317992941
0.149299562
784
0.0339495651
0.0189435109
0.0264198296
-0.0334043726
0.001316946
-0.00889735855
0.0335476436
-0.0219180435
-0.0193877686
0.00692482293
0.0283217467
0.00353417546
-0.0296523422
0.0198016539
0.0193661451
0.0148857087
-0.0320045948
0.0273974799
-0.0305973943
0.0353329442
-0.0164344814
-1.62050128e-05
0.0133798346
0.0177453458
0.0317605324
0.0135505274
0.0294123702
-0.0234837737
0.0225237049
-0.015512323
-0.0012944825
0.0293466263
0.0145132989
-0.00719246827
-0.0237488374
0.0286546182
-0.0208197162
0.00333074993
-0.009904637
-0.0165252201
0.0242020842
-0.0179594476
0.00822049566
-0.0131418463
0.00730344234
-0.00120463362
0.00634956779
0.0103810364
-0.0354380459
0.021130234
-0.00912849698
0.00296262349
0.033549998
0.0175917074
0.0209490024
0.0184784979
-0.00334084034
-0.00666072778
-0.0182698183
0.01489597
-0.020310238
0.0114624305
-0.00774076255
-0.0181807633
-0.0139563335
-0.0183428787
0.0085590817
0.0261157025
0.0109185958
0.0100881029
-0.0627348572
0.00100985379
-0.0550523512
-0.0291233677
-0.0483562574
0.00450950721
-0.049997706
-0.00581601588
0.0225640256
-0.0310534779
0.00230484549
-0.0305593051
0.00403693691
-0.00832994096
-0.00132644176
-0.00779050961
-0.00651317183
0.0053469711
0.0307206213
0.015371792
0.00413265731
-0.0372929685
-0.0129416306
-0.0201969352
0.0158845019
0.020746043
0.0293162204
-0.0093296105
-0.00108668732
0.00254957867
0.0182191879
0.0522601679
-0.0139227482
-0.0332731195
0.00522613805
-0.00803144649
-0.0235890262
-0.0482107997
-0.00667115068
-0.00761249708
-0.0286820848
-0.00048180297
-0.0262275245
-0.0202680118
-0.00435383571
-0.0101131452
0.034636952
0.0333740972
-0.00709334435
-0.000324652967
0.0332094021
0.0447336435
-0.0114127574
0.0057097869
0.00653233286
0.00797664095
0.0255103745
0.0814869255
0.0535087027
0.00999779906
0.0196385346
-0.00336564798
0.00840593223
-0.00659879809
-0.0281096119
-0.0560037792
0.0111595504
-0.0267678145
0.0251531024
0.0201688781
0.0331568979
-0.0178038739
-0.0154413655
0.00759436516
0.0328080691
0.0375748836
0.0327228904
0.0167501923
0.0394613147
-0.0180729609
-0.0816488191
-0.0517941676
-0.0308489371
0.0106194001
0.0498835668
0.0550476238
0.0783845931
0.0400250629
0.0474670678
0.00830022898
0.00210437737
-0.00678222068
0.0148956869
0.0166398939
-0.0122086303
-0.0382934734
0.000157742557
0.0219959542
-0.0147948321
-0.0138522768
0.033552099
0.0549843386
0.0379356518
0.0132234581
0.015688831
-0.0371525511
-0.0217755456
-0.0710056052
-0.091310434
-0.122984082
-0.0723698661
-0.0498419479
-0.0751591697
-0.111048676
-0.038066268
-0.0545449965
-0.0131490966
-0.0923014358
-0.0649734586
0.0526483245
0.0369442068
-0.02134219
-0.0327791981
-0.000182076008
-0.0188795514
0.0026195338
0.0200170018
0.0358236842
0.0338687263
0.0499539338
0.0501418263
0.0383946821
0.0378190316
0.0163163841
-0.0247811787
-0.0703619421
-0.0758596361
-0.056092374
-0.0624551773
-0.115564331
-0.100540273
-0.115159996
-0.10218288
-0.10629382
-0.0442583747
-0.0723767728
-0.0368860736
-0.0369428545
-0.00696597761
0.00758723076
-0.0515516959
-0.00837701187
-0.0345182195
0.00341332844
0.0137382327
0.0159825012
0.0224986374
0.0285382997
0.0714325979
0.00278265937
0.0233039502
-0.0136053059
-0.0520176515
-0.0975840315
-0.0446796231
-0.15506871
-0.0321890302
-0.0633344129
-0.025736019
0.0583850332
0.0447295383
0.00256912992
0.0441470779
0.0074136625
0.0325381681
-9.70012261e-05
0.0896025077
0.056769114
-0.000184427903
-0.0171523094
-0.0291363504
-0.0008680108
0.0286570806
0.0297464002
0.0392094776
0.0502703525
0.0904751569
0.0295171011
0.00386126456
0.00121649366
-0.0322313905
-0.0744391605
-0.0635512993
-0.0549275093
0.0567777231
0.168119669
0.15219605
0.0771667808
0.0893640444
0.0334871709
0.0801629648
0.0252849087
0.0281196013
0.0890908614
0.133076787
0.0567417443
0.00584636023
0.0208753161
0.00136455323
0.0339286476
-0.00467266794
0.0368147604
0.0368058681
0.0226502102
0.0138782896
0.0478278138
-0.00574569125
-0.0332462452
-0.0960779265
0.0402740203
0.0425962433
0.184119597
0.165070936
0.256617337
0.109227262
0.0132257026
0.0373158455
0.021071339
0.0394362137
0.0599841103
0.0862749442
0.0887335986
0.106632248
0.0528239347
-0.000181970958
0.0246235188
0.0229770895
0.0332705267
0.0227190275
0.0016335682
0.0572637208
0.0613024347
0.0559652746
0.015592848
0.019266095
0.0140843047
0.0377144329
0.105087869
0.189970493
0.189550191
0.19263725
0.108336888
-0.0188538972
-0.0347628929
-0.126187593
-0.00655633537
0.0343828872
0.0194771476
0.032060124
0.00788958929
0.0878588408
0.0359175466
-0.000654646719
-0.0430870056
0.0215472002
-0.0210451018
-0.0201675929
0.0203941967
0.0435650907
0.0573666915
0.0477296934
0.0599345379
0.0470924601
0.0696237981
0.122508235
0.238795877
0.222093657
0.110017866
0.0878785253
-0.038151633
-0.0409713313
-0.0433423966
-0.0968146846
-0.0347787626
0.00790345296
-0.0187088363
-0.03763346
-0.00253559696
6.48664673e-06
0.00425932091
0.00935152732
-0.0279184226
0.0110559165
-0.0031193234
-0.0337285399
-0.0169043411
-0.000999940094
0.024745848
0.0128521761
0.0735612512
0.148141772
0.0912533402
0.125780627
0.0918927863
0.0650812089
-0.0270208716
-0.0660769567
-0.116467729
-0.0522840656
-0.023838155
-0.0192636065
-0.0667326823
0.0257442649
-0.0284288526
-0.00500845583
0.0115959262
-0.00173394394
0.0185724683
0.0512997434
0.00912306644
-0.0123569453
0.0132119721
0.033724498
-0.0181993768
-0.0184880029
-0.0110488823
0.0210365299
0.103177309
0.0927597359
0.105635054
0.0779167935
-0.0212073494
-0.0406187847
-0.114933297
-0.0473882444
-0.121033579
-0.0173626449
0.00945118535
-0.0212208461
-0.0553981662
-0.0304533821
-0.0252060648
-0.0243800245
0.0358735882
0.00322726625
0.122818373
0.104698218
0.0184600651
0.00512164552
-0.0207106024
-0.0335382968
0.00586455641
0.0127313267
-0.0318252146
-0.0107472353
0.0881245062
0.0920143649
0.0592101626
-0.0202386715
-0.0610174201
-0.0579348877
-0.124080569
-0.0678689927
-0.0607313104
-0.0462831333
0.0129366117
-0.046349559
0.0218411312
0.0162944216
0.0302813984
0.0417509377
-0.00201913062
0.0793824941
0.123700075
0.0745049715
-0.00408036029
0.0204765834
-0.00317154475
0.0168806836
-0.0240323674
-0.00997227803
-0.0369235054
0.0395153426
0.0872180834
0.0336962156
0.0671901181
0.0499608889
-0.0193198621
-0.03462613
-0.0459900461
-0.101048015
-0.0613532141
-0.0551764742
-0.00986403599
-0.0659717172
-0.00717796758
-0.0193569623
0.0324882455
0.0446663536
0.0299430955
0.0817037076
0.067823492
0.0841003954
-0.0117414678
-0.00110204029
-0.0061201104
-0.00262789056
-0.0240943022
0.0156504624
-0.0228208918
0.06356363
0.023157699
-0.0272705425
0.0736392736
0.01763984
-0.0133023504
-0.0282131527
-0.0171216447
-0.0108371405
-0.0248178355
-0.0617917553
-0.0521990098
-0.0403670967
0.00412159227
-0.0383368842
0.000781384471
0.00954489969
0.0229898021
0.112363487
0.116363063
0.0242124517
-0.0244329087
-0.0018658773
-0.025721997
-0.00556571968
0.0223770607
-0.0317816176
0.0176793188
-0.00847772416
0.060598474
0.025082089
0.0581005476
0.0754470527
0.0618873201
0.0679651126
0.0915573239
0.0210882202
0.0153079554
0.043733459
0.00984397158
0.0143388836
0.0207592063
-0.00730985031
-0.0281535387
0.00395140238
0.085405156
0.163069159
0.06353385
0.00200899388
-0.0319583341
-0.00585706905
-0.0202485677
-0.0340375714
0.00359099358
0.0271255765
0.00303441752
0.0196593311
0.0894225389
0.0171693377
0.0928961486
0.107685715
0.117751747
0.0626652837
0.0536662713
0.117880099
0.0224468373
0.0673075914
0.00994787551
0.00785229914
0.00626470055
0.0133606913
-0.0318824202
0.0301792808
0.0270654093
0.0768120363
0.0203343462
-0.0532632731
0.0111534642
0.00588304782
-0.0348679982
0.00337073207
0.0106783705
-0.0352470987
-0.0141584706
0.0106031541
0.0272946991
0.0353284925
0.0658391342
0.115624882
0.0693159923
0.0820679143
0.0640186593
0.109356537
0.091618903
0.029120177
-0.0450915881
-0.0250613727
0.0100236097
-0.0336905196
0.0205265842
-5.80813066e-05
0.040654663
-0.0279353783
-0.0179749783
-0.0103132762
0.0127893733
-0.00863030646
0.0105616376
0.0212731306
-0.0312379599
0.033317484
-0.00826730113
-0.00168840552
-0.0458223633
-0.0084808534
-0.0454786047
0.023738211
-0.044669535
0.0473544188
0.0522258095
0.0104701594
-0.0331193171
-0.0358367562
-0.0607025996
-0.0829035044
-0.0446946472
0.0492730737
-0.00371754146
-0.0248592831
-0.0589061379
-0.0514567122
-0.0333408639
-0.0494990684
0.0277574044
-0.0171309542
0.0115859816
-0.0199135095
0.0306440908
-0.0313008092
0.00848064013
-0.056171827
-0.0435757264
-0.0532071143
-0.0606377758
0.0148089714
0.00750296842
-0.00863190275
-0.031425748
0.0115276221
0.0012706311
0.0161428303
0.0308919866
-0.0193716027
0.0880696028
0.0662164241
0.0549709871
-0.0621463917
-0.0639928058
-0.0412818454
-0.046295926
-0.0194988344
0.0168036371
-0.0198493283
0.00312581426
-0.022007484
-0.0226387624
0.010976241
0.0248023011
-0.018062003
-0.0315481648
-0.0323587433
-0.030674383
-0.0692452416
0.0138490722
0.0239172839
0.0137000922
0.0155459978
-0.0178698841
0.0157385115
0.0129723595
0.00449265353
0.0849658847
0.0893696621
-0.00631762529
-0.0234927684
-0.0560606383
-0.0340997502
-0.0240749866
0.00998182967
0.0271724369
0.00148946128
0.0210724659
0.0220775716
-0.0137481932
0.00579659641
-0.0116030881
-0.0234931968
-0.017833095
0.0275540892
-0.0471103154
-0.0593464635
-0.0693793148
-0.0621638708
-0.0266729593
0.0369545408
0.0466277599
0.0202037245
0.0771830752
0.0521018319
0.0856898129
0.0561953373
-0.0213639699
-0.0582202598
-0.0560926534
-0.0302630756
0.00966984872
-0.0270219669
-0.00787202362
0.0266059451
-0.0217203051
0.0182929821
0.0215232112
0.0262661427
0.0229594018
-0.00596814696
0.00990142394
0.00133987213
-0.0436108224
0.00160324783
-0.0608364977
-0.0522219166
-0.000173064982
-0.00219208281
0.0178789068
0.000194380715
0.00761555135
0.0594039075
0.000595646678
0.0277827997
0.00732247531
-0.0200189874
-0.0205467138
0.0241245106
0.0242839996
-0.00167732278
-0.0232718308
0.0132173486
0.0011279583
0.0290401839
0.00690146536
-0.00711335056
0.0172759164
0.028351739
-0.0260580014
-0.0273690131
0.020530967
0.0194749776
-0.0339627638
-0.027092427
-0.0318160951
0.0061737895
0.0287138801
0.013588978
0.00609927624
0.0057289945
-0.0117119383
0.00846051145
0.00987384189
-0.0262917597
-0.0271586347
0.0203502439
0.0149040418
-0.0294008665
0.00568274548
0.030791115
0.00626052916
0.00640249997
0.035380993
0.00545930862
-0.0310977045
-0.0162188727
-0.00875789486
-0.0173604302
-0.0194642618
0.0222079251
0.0347530022
-0.00894634705
-0.0278526582
-0.037941739
0.016022332
0.00716518238
0.00717573613
0.00502776215
-0.00279697985
0.0391371772
0.0296995342
-0.028560346
-0.0179516282
0.030524537
-4.07005427e-05
0.0326122455
-0.0288566109
0.00697678328
-0.0269235894
0.0140862446
784
-0.0271107443
-0.0073836837
-0.0261363834
0.0115127265
-0.00560067035
0.0124002658
-0.0172973275
-0.00189942122
0.00499486178
0.0200328417
-0.0223515183
-0.0190751553
-0.0249066353
0.00906544738
0.00718656927
-0.0010301955
-0.0287740193
-0.033498615
-0.011193106
0.0203546882
0.0297873951
-0.0062030647
0.0308067463
-0.0167203061
-0.018181596
-0.00663711503
0.0214308761
-0.0255757105
0.00619679317
0.00662696734
0.0222746469
0.0128901079
0.00117435679
0.0230905451
0.0113475323
0.00366430753
-0.00837185793
0.0180204101
-0.0224736873
-0.0300493594
-0.000755983288
0.00345413969
0.0124374609
0.00107501657
-0.0351073109
0.0149401324
-0.0271070786
-0.00753846718
-0.0294803996
-0.0193691291
-0.0317168795
-0.0239448324
0.0209982507
-0.0110252518
-0.0157062896
0.0244189203
-0.0197722465
-0.0264260303
0.000580841035
-0.0169679746
-0.0142149804
-0.0153732318
-0.0278570037
0.000521871902
-0.0301772151
0.0167217553
-0.00363786845
0.00713092042
-0.00622756314
-0.0354110114
-0.0576835498
-0.0187110156
-0.0538452864
-0.0428327098
0.00854162965
-0.0177697483
-0.0247083195
-0.0224927291
-0.0164968204
-0.0187139995
-0.0190623906
0.0240348466
0.0255496912
-0.0149433129
-0.00938393734
-0.00152274594
-0.0213196091
0.0119273821
0.0166553222
-0.0324687287
0.018767789
-0.0212831348
-0.0539781302
-0.0174008459
-0.0791762024
-0.0392247476
-0.0531597212
-0.0916168913
-0.00999838673
-0.00900485646
-0.0667966604
0.0074286405
0.0548936315
0.051502414
0.0867363214
0.0437349379
0.0174887087
0.0108528333
-0.0250177942
0.0398899913
-0.0241962783
0.0157098062
0.0346992351
-0.0242147278
0.0104105882
0.0120572476
0.0333947353
-0.0251170993
0.0220609531
-0.0245325249
-0.0434600599
-0.0897034854
-0.116277613
-0.0467784479
-0.0346943922
-0.00310614565
0.0176154338
0.0542445742
0.0023847511
0.0141478814
0.0438831337
-0.0139190163
0.0371311195
0.065413557
0.033786431
0.0459264815
0.0637527928
0.0267397501
0.00787800178
-0.010214854
-0.00191485137
0.0313656293
0.019339852
0.022853585
-0.0156100569
0.0305108
-0.0267314091
-0.00723259104
-0.0862682387
-0.06178765
-0.110391617
-0.0781771839
-0.0299137719
0.0132530164
0.071972765
0.0226341598
-0.008154043
0.0657739267
-0.0585756563
4.82643445e-05
0.0352821387
-0.0213816594
0.041468665
0.0535347871
0.045133613
0.0358759835
-0.0350937806
-0.0142741147
-0.0024034977
0.0329693593
-0.00451416662
-0.0293408725
-0.0239148084
-0.00675985217
0.00564043457
-0.0492352806
-0.08968959
-0.0989000723
-0.0716049001
-0.0397244468
-0.0336359441
0.00867131911
0.0195682161
0.0370062217
0.0353037156
0.0699591637
0.109578505
0.059968289
0.0910350606
0.00891016517
-0.0114613203
0.0295640528
0.0874254704
0.0622814149
0.0160876215
0.0298049469
-0.000688769214
-0.0364467949
-0.0178122688
0.0333893821
0.0073374412
-0.0680234134
-0.100352593
-0.134820715
-0.112857558
-0.110614344
0.0280466508
0.0614167452
0.0241305996
-0.0345420055
0.0611799061
0.0476180315
0.0652270615
0.0767678916
0.0511754118
0.0570369661
0.0862754285
0.0147228613
0.0209379978
0.0736768097
0.0420073681
0.0471645594
0.0180031396
-0.00604391517
-0.0335241184
0.0195234884
-0.0320529044
0.0307482239
-0.0217423681
-0.0340214632
-0.062614806
-0.111166365
-0.0534495339
-0.0442139059
0.0338606276
0.0562329516
0.0334153436
0.0530422069
0.0877948478
0.0659925938
0.00877592992
-0.0513127819
0.0803505331
-0.0258911904
0.0410525501
0.00857210997
-0.0103061842
0.0455440357
0.119644687
0.121482298
-0.00211288244
0.0245477632
-0.0170657299
0.0276412107
0.00258149672
-0.0453521274
-0.037429139
-0.0407822132
-0.0656454191
-0.103248954
-0.0335101709
0.0114632417
-0.0211146716
0.0132542793
0.0228867624
0.0699086562
0.0411772765
-0.0493588336
-0.0615640841
0.00885274541
0.0135111809
0.0271881279
-0.017013967
-0.0312091261
0.0243225731
0.060387779
0.135576665
0.0901503265
0.00969536044
-0.00147580402
-0.0215704087
-0.00908890925
0.00681352522
0.0273845885
-0.0221473128
-0.111991204
-0.146167383
-0.14599736
-0.108549237
-0.0632659122
-0.0229398888
-0.0469527878
0.0152389053
0.0152938748
0.0523780882
0.00502120657
-0.0548880622
0.0103165498
0.016740365
0.00561260525
0.0293838065
-0.00551214954
0.0381196402
0.119210206
0.134032592
0.101529174
0.067856662
-0.0230040606
-0.0217142962
-0.0287753642
-0.0315115899
0.0138671035
-0.0608622655
-0.0952460021
-0.130997151
-0.152549446
-0.0732105374
-0.0284375865
-0.0648223832
-0.0154381646
-0.0151970237
0.0531080514
0.132743612
0.0939820632
0.103971072
0.15520525
0.167124987
-0.037358541
0.00565556902
-0.0861293003
-0.00180118007
0.0515547581
0.122628927
0.037307132
0.0573269688
-0.0262571052
-0.00946879946
-0.000129110849
-0.0382336415
-0.0154489251
-0.0283152144
-0.0908883065
-0.119499378
-0.0957517698
-0.0329584591
-0.015369528
0.0163318217
0.0455857515
0.0513446555
0.118639462
0.190719798
0.102563694
0.0383254103
0.111287855
0.0395032912
-0.0187502783
-0.00446347194
-0.0941921473
-0.0824083239
-0.0582453087
-0.0266684592
-0.0487235077
0.00226245774
0.0311787259
-0.0094862571
0.0303405393
5.70072116e-05
0.0310026519
-0.0208315924
-0.056830816
-0.119886085
-0.0788853914
-0.0409026742
0.0616228133
0.0678679645
0.0572009273
0.0960465521
0.122376949
0.0841295794
0.116640247
0.0595572516
0.0376312435
-0.0848271102
0.00679226173
0.017119702
-0.127983376
-0.162907422
-0.131564379
-0.0565490089
-0.0503190495
-0.00348136481
0.00166673679
-0.0119586624
-0.0101399915
-0.0191438645
-0.0259541068
0.00730220275
-0.0759995207
-0.149102822
-0.0881209746
-0.0529989637
0.0864519104
0.0387793183
0.0343556069
0.0375533365
0.110215977
0.0725222453
0.115522511
0.0538583137
-0.0448461175
-0.12097986
-0.111312412
-0.0163339842
-0.0450640433
-0.119803496
-0.106270671
-0.0814954042
0.00478882715
-0.0135347908
0.0261853319
0.0309200771
0.0257218145
-0.00219320366
-0.0456041619
-0.0400356129
-0.0294466671
-0.0857949108
-0.0783991292
-0.0539573021
-0.0773074701
0.0150407143
-0.0365734696
0.050185442
0.0621832684
0.0348082855
0.0965261385
0.0531896427
0.0389491953
-0.0114878016
-0.0602295138
-0.00335824513
-0.0550214685
-0.0879646689
-0.0678781942
-0.089767307
-0.0594395995
-0.00356030697
-0.0234278776
-0.0249387287
-0.0232030693
0.00810275599
-0.0205976777
0.00772384834
0.0285790488
-0.0484372787
-0.0847622231
-0.100033894
-0.133412138
-0.0780011266
-0.0583608635
-0.0360953547
0.00184225454
0.0795544758
0.0931113139
0.0746109933
0.0249679927
0.0135537274
-0.0194815323
-0.0344945937
-0.161711484
-0.10757722
-0.0676719695
-0.09634161
-0.0352680758
-0.0408750623
0.0198595114
-0.0237664618
-0.0139118154
-0.0329784825
-0.0424004048
0.0134104993
0.0511221513
-0.000669542758
-0.0073996908
-0.0817489102
-0.0236774385
-0.0387789123
-0.0901094601
-0.0953098685
-0.0408610813
0.0043589808
0.13793464
0.113835096
0.062036708
-0.00941703655
-0.125629559
-0.155341879
-0.180271566
-0.157213464
-0.0883873329
-0.109465554
-0.0125977946
0.0144443363
-0.0235677473
0.0133461049
-0.000323690037
-0.0134831406
-0.0319232643
0.00945280585
-0.00760027906
0.0277618971
0.0156464279
-0.0338181295
-0.0690494105
-0.0695893019
0.0221213456
-0.0759397149
-0.0378496908
0.110151649
0.0864233896
0.0553691052
0.0869475976
-0.0220358539
-0.136601374
-0.157423094
-0.205208138
-0.144524157
-0.147868946
-0.104711421
-0.0285023078
0.0283204373
-0.00391543005
0.00133530889
0.00755941495
0.000503516349
-0.01951617
-0.0604191907
-0.0013475453
-0.00192373607
-0.0106455665
-0.0230490845
-0.0734923035
-0.056138549
-0.0585650317
0.00209932588
0.0197964907
0.136061087
0.0507244319
0.0538184717
0.0292270593
0.00445135543
-0.110627845
-0.225625053
-0.201657474
-0.169280529
-0.133312106
-0.0693997219
-0.0122025907
-0.00710223801
0.0127502987
-0.00275475904
-0.010308045
0.00152631977
-0.0589208715
-0.044786796
0.000308633636
0.0294252504
-0.0558260232
-0.0168505535
-0.0847656503
-0.046784699
-0.0911685079
-0.0450147204
0.0611592084
0.10129144
0.0467236564
0.0270131826
0.0628814697
-0.076849401
-0.210535541
-0.252404183
-0.17592293
-0.140899539
-0.0651634187
-0.0206242185
-0.00679785525
-0.0226155017
-0.0140186856
0.0201645773
0.0311852973
-0.0387144089
-0.0647544488
-0.0808173046
-0.0359882079
0.0537760332
0.0120010087
0.00282948627
-0.0136963697
-0.0284747574
-0.0287344363
-0.0391076021
-0.0223756656
0.0464308113
0.0272729099
-0.0252019968
-0.0814923495
-0.169726953
-0.261047184
-0.243484363
-0.175227568
-0.158402652
-0.0587263629
-0.0136509677
-0.032149177
0.0216818992
0.0294669662
0.00730327377
0.0148218544
-0.0256256741
-0.0408003256
-0.0203346722
-0.0407335795
0.0159863047
0.0298190974
0.0050714314
-0.0145437364
0.0486048497
0.0368716232
0.0421432927
0.0723948404
0.131906748
0.0457853526
-0.0756833404
-0.115914218
-0.201340437
-0.215778053
-0.181581572
-0.116591834
-0.0737033188
-0.00463363528
-0.0401499085
-0.0411611535
0.0150754163
0.000760006835
-0.00664451718
-0.0315323099
-0.0329532884
-0.0282683522
-0.0402243845
-0.00972011872
0.02945094
0.0164303407
0.0285119526
-0.0352234207
0.0137563478
0.0140267946
0.0233553741
0.0598088987
0.0350407735
-0.0140477521
-0.118028343
-0.156750575
-0.182775363
-0.186707675
-0.148523077
-0.102785468
-0.0626630187
0.00776117062
-0.0395256467
-0.024401987
0.00657463307
-0.0195493903
0.00483932346
-0.0226269811
-0.00395518122
-0.00792846549
0.0386734381
0.087625958
0.0932656825
0.0908415616
0.0971049294
0.05950379
0.0873369947
0.0360086896
0.0509022065
0.103175521
-0.00399740785
-0.0176878814
-0.0863289684
-0.133515492
-0.0928123072
-0.0732506588
-0.0520131849
-0.0355493203
-0.0530131087
-0.00192030903
-0.00204440486
0.0131422523
-0.0158226248
-0.00805362873
-0.000178743154
-0.00412752107
-0.0139539381
0.0326033682
-0.0277116355
0.0130632035
0.0490796082
0.0921017081
0.0841680393
0.0767976269
0.0647216365
0.109576084
0.0695687085
0.0556635819
0.0227652621
0.00811282825
0.0626565218
-0.0126281446
-0.00598679809
-0.020171091
0.000100423051
0.030707784
0.0110877957
0.00849959813
-0.0139663443
0.00323839812
0.025081031
-0.00899780728
-0.0118587837
-0.0248435345
0.0261646435
0.0350426883
-0.021927515
0.00397796324
-0.00609476911
0.0258828159
0.0435385704
0.0401221626
0.0140171284
0.0825188383
0.0985810608
0.0984978974
0.100411683
0.0377266407
0.0774297342
0.0198112447
0.064668715
0.0305644944
0.00221143197
0.0261052605
-0.0172268003
0.00420143176
0.0035573577
-0.0132838925
-0.0293327812
0.00398090482
-0.0215178262
-0.00721880421
0.030695688
-0.0262050927
-0.000383835373
-0.0286348742
-0.00958297588
0.00694344146
0.0193637591
-0.0083343247
0.0131494803
-0.0235837065
0.00293731969
0.0289858729
0.0107864831
0.039619118
0.0179426614
0.0120773623
0.0163308047
-0.0343410969
0.020360006
-0.0171291754
0.0257663652
-0.0262310281
0.0207210444
-0.0271274671
-0.00275289267
0.0178837292
0.284480363
784
-0.035185121
0.000837694854
0.00773707032
-0.0345018655
-0.0156782717
-0.00471875258
-0.0223740265
0.0312048011
0.0305539332
0.0199233852
-0.00483644381
-0.000405557454
-0.0303957462
-0.0296729542
0.00901983306
0.0317883864
-0.0329700746
0.0148447119
-0.00495962985
0.000649821013
-0.00700142421
-0.0300692394
-0.0165497921
-0.00948691927
-0.0180542469
-0.00913152657
0.026445929
-0.0232854411
-0.00126394629
-0.0288588349
-0.030414816
0.0325024463
-0.0171110258
-0.00792107545
-0.0215368327
0.00850247126
0.0348497592
-0.0216591526
0.00512033515
-0.00390512403
-0.0254789125
-0.010454556
-0.035939794
0.0189136509
-0.0103862332
-0.0287130214
-0.00348508125
0.0131015535
0.0328151099
-0.0200964939
0.0104611441
-0.0230796523
0.0288753472
0.0222286172
0.0248822607
-0.0181322824
-0.0349808857
0.00484474376
-0.00299260719
-0.016824577
0.000873762241
-0.00385435112
0.0285301618
-0.0320101343
-0.0103750322
0.0339336172
0.01387324
0.0173174739
-0.0310115665
0.0363020636
-0.0391859785
-0.00603018003
0.00354248448
0.00659781182
-0.0202713162
0.0237158425
-0.019017525
0.00816497207
-0.0446530841
0.0225679465
0.0249793027
-0.0346227884
-0.0282371584
-0.0104696695
-0.0351336338
0.00906151906
0.0113960905
0.0173554216
0.00979090296
-0.0106465938
0.0130202547
0.0159823075
0.00148359546
0.0194028132
0.0815296993
0.0579569302
0.105673715
0.0204154924
0.0401291661
0.0604888089
-0.0301729888
-0.022370249
-0.057424657
-0.00631421013
-0.000513219333
-0.007077232
-0.0201191232
-0.0152606303
0.0103693269
-0.00366752432
0.0229639038
0.0223773383
0.0244881995
0.00174260035
-0.00648217555
0.00784227159
0.0019073647
0.0422685705
0.0580165051
0.0429883413
0.119642183
0.119319528
0.140394449
0.10582938
0.0763422027
0.0843252167
-0.0309214052
0.00632815901
0.0451654941
-0.000258415734
0.0456486307
0.0286484472
0.0152599281
-0.0336419418
-0.0117277438
-0.0279249866
0.00670844037
-0.0247338861
0.00960867573
-0.00131464633
-0.0125048868
-0.0267829932
0.00132134918
-8.90329393e-05
0.019642368
0.0745908469
0.104116708
0.0722696632
0.0652611107
0.0075450358
0.0276027564
0.0424363576
0.0631744415
0.107870109
0.0833278298
0.0641689003
0.0556354262
-0.00244403793
0.0116805555
0.0262231603
0.03353801
-0.0531934462
0.000591666438
0.0178442076
-0.0224918742
-0.00761428801
-0.00739344768
-0.00861418806
-0.0184738673
0.00975817163
0.0296364129
-0.0146650858
0.0235287827
0.0142293917
0.072202526
0.0273332112
-0.00929172523
0.035833139
0.0536748245
0.0667726994
0.0367334634
0.109227933
0.0272243079
0.0442692339
0.0368753858
-0.0069231526
0.0179624688
-0.0102552474
0.0218774229
0.0216522515
-0.0293817688
0.0434638597
0.0403446928
0.0609948859
0.0135796936
0.0192568451
0.00965878367
-0.0181459021
-0.0239329133
0.00451946631
0.0429097712
0.0253617242
0.0230454896
-0.0434104614
-0.0305790305
-0.00954823848
-0.0656142011
0.0341653079
0.0505491905
-0.0704543665
0.0985751301
-0.0235114228
-0.00148422562
0.0238403827
-0.0162741616
-0.0119722597
-0.00541407429
-0.0482601114
-0.0240342058
-0.00331030507
0.0310540944
0.0368106589
-0.0221699476
0.0309787504
-0.0253969636
0.0191698968
0.0269409083
0.0131406561
0.0460097939
0.0425200574
-0.0791723207
-0.0146998977
-0.00503746327
-0.000143879763
0.00408624625
0.0044887932
-0.0109020444
0.0135479458
0.0714087561
-0.0651022047
-0.133905798
-0.0636764094
-0.0588198379
-0.0514453687
-0.0215620715
0.00768611627
0.0378755927
-0.028179273
-0.0263118595
0.0258133207
0.043820601
0.0141602792
-0.0188971218
0.0185370017
-0.0352919549
0.0156776197
0.0515349805
-0.00140977907
-0.0610981546
-0.000456789363
0.0184625871
-0.0358439535
-0.0921060443
-0.147712141
-0.047970552
-0.0777322575
0.022634035
-0.0188780203
-0.108362816
-0.156626716
-0.110535197
-0.0875640288
-0.00879791752
-0.00651893392
0.0493615568
-0.012361953
0.0136133684
0.0445415154
0.0258603357
-0.0183765963
0.0197765902
0.00532793906
0.0225820299
0.0579501726
0.0498965494
-0.0282686781
-0.0583981052
-0.0557984821
-0.0818334818
-0.119361483
-0.147453666
-0.109157868
-0.0806936249
0.0522636771
0.0377276391
-0.0331077762
-0.0824931934
-0.0274836086
-0.0927226916
-0.0535793379
-0.122590192
-0.0722530931
-0.0829533413
-0.0797442719
-0.0065290262
-0.020472981
0.0274226032
-0.00602038996
0.00303542637
0.012033633
0.00278678397
0.0111402385
0.0375153385
-0.0790521428
-0.144725963
-0.168034062
-0.107928298
-0.14509578
-0.0977340043
-0.0360401645
0.0881604925
0.0743497312
0.0574959256
0.00301200384
-0.0407266058
0.00289827422
0.00178482314
-0.0493311696
-0.103105761
-0.154696092
-0.125698015
-0.146349624
-0.0725267828
-0.00593663007
0.00616887258
0.022174824
0.0299491026
-0.0243734419
0.0049994681
0.0329897813
-0.0520059094
-0.0871417448
-0.0980472416
-0.0807992965
-0.0351630785
-0.0471935943
0.0882174671
0.168870807
0.199948043
0.110204086
0.052092813
-0.0107836938
0.0226732716
-0.0279904418
0.00840364862
-0.0878930092
-0.123076551
-0.114311725
-0.166448131
-0.102706492
-0.0513680652
-0.00935180951
-3.3721044e-05
-0.00751756225
0.0346943028
-0.0298649911
-0.0257808827
-0.0381790288
-0.0736565441
-0.102784939
-0.0999490917
-0.0310113486
0.0858534798
0.100140803
0.101765901
0.0955754369
0.0545166507
0.0448892936
0.0810607821
-0.0187407471
0.0114184739
0.0002182889
-0.0383228548
-0.0701730177
-0.0262691323
-0.0266903825
-0.0879698172
-0.11626675
-0.0734283999
0.00392442988
0.0111631416
0.0264026038
-0.0216545537
0.0138636623
0.00650419854
-0.013828014
-0.0112908483
-0.121258743
-0.0900909156
-0.044144202
0.0369508378
0.0102339964
-0.0221626423
0.0118357269
0.0376586914
-0.00382458349
0.104425989
-0.0286023747
-0.105149411
-0.0414606407
-0.0386727154
-0.0365414992
-0.0315696225
-0.0214813501
-0.0499413423
0.0131811602
-0.0161285941
0.00753461523
-0.00971270632
0.0300143287
-0.00855574571
0.0183561686
-0.0214470066
0.0047849603
0.0106438017
-0.0422414914
-0.0586763695
-0.179812953
-0.2219069
-0.125054598
-0.134078369
-0.0296642482
0.0740064159
0.045263987
9.1255235e-05
-0.0300027654
-0.0422253348
-0.0653247535
-0.0195068493
0.0548080839
0.030017456
0.0283244234
0.00741835497
0.0442403257
0.0356090106
0.0612597577
0.0438757986
-0.0304045565
-0.0194017719
0.00380995683
-0.00290824915
0.0312414076
0.0190637801
-0.0547203161
-0.121649176
-0.220156804
-0.346586704
-0.330531776
-0.313076854
-0.256826282
-0.157282278
-0.0879666284
-0.0602356456
-0.0888080224
-0.00196378748
-0.032009162
0.0870591551
0.0929938704
0.0756312087
0.114139706
0.139174446
0.111130238
0.106146522
0.0186428316
0.0491415113
0.0343702473
-0.0142103694
0.0238364302
0.00641752221
0.0532935932
0.0552644208
-0.0200350229
-0.0760517567
-0.15112327
-0.162830025
-0.305164546
-0.331677109
-0.376852661
-0.382744759
-0.307738513
-0.0666378215
-0.0419464372
-0.0145737864
0.0610981286
0.0549754389
0.110835761
0.0727486312
0.107663468
0.0528436862
0.0454244688
0.0390628949
0.00641640835
-0.00150128454
-0.018656252
-0.011980257
0.0349872746
0.0424173251
0.0554933958
0.0502013899
0.0278385226
0.00633313926
-0.0126241837
0.0236451328
-0.0195309296
-0.0902605578
-0.185434356
-0.25155443
-0.176016301
-0.0183548387
0.0456670225
0.0803059712
0.0436305292
0.00270930794
0.0519422218
0.0683369413
0.127919033
0.0099575026
0.07156308
0.0308624972
0.00136763242
-0.0262749642
0.0281544402
-0.0292233042
-0.0293035619
0.0325809494
0.0660226494
0.0576241426
0.0937773064
0.0356342867
0.0561529547
0.0374832377
0.0831341073
0.122464791
0.102376945
0.0410114005
0.148856968
0.146446899
0.0803104043
0.0701094195
-0.014817399
-0.0184464902
0.0297513679
0.0555007383
0.0957951471
0.0466993302
0.0242158733
0.0540236607
-0.0115832733
-0.0265336055
0.000373945193
0.00511498004
-0.0317913368
0.0034388327
0.0483813509
0.0474759936
0.0231572688
0.075507246
0.132616341
0.118838944
0.125831783
0.112513788
0.195581138
0.114000507
0.142321467
0.10760273
0.0613278076
0.0303645302
0.0214786492
0.0392801203
0.028307436
0.0658595785
-0.0071867886
0.00248995447
0.0715101957
-0.0148963993
0.0103485659
-0.0133222109
0.035319753
-0.0209073033
0.0190119389
0.0403309278
0.0155623723
0.0573771261
0.0745988488
0.0588951483
0.118884332
0.142664552
0.112762116
0.0779759362
0.0880486518
0.120515294
0.0479664914
0.0645565465
0.0620339364
-0.0324648321
-0.045824077
0.00114968815
0.0311334021
-0.00810196996
-0.0257626157
-0.00532793347
0.0144284889
0.021487765
0.0288227778
0.0363315642
0.032102406
-0.00574008049
0.00620651199
0.0107171955
0.0301582739
0.073746331
0.0310138762
0.0404958539
0.068491213
0.0383033194
0.0721690059
0.0662787631
0.0529964007
-0.0126860682
0.0283429716
-0.00477477349
0.028682312
0.0027848403
-0.0156015232
0.00591357984
0.0315562449
0.0366868451
0.0230453219
0.0328572989
0.012263366
-0.0147973755
-0.00849830732
-0.024828421
0.00530710723
0.020294752
0.0224486925
0.0231195763
0.0251347218
0.0817309022
0.0681306347
0.0528588332
0.0574993268
-0.00559165049
-0.00733941002
0.0791122541
0.0836455449
0.0422517508
0.0589333214
0.0421717912
0.0819668695
-0.00746827479
0.0115383174
0.0758567527
0.0109362705
0.0119862482
0.00829340424
-0.0489292108
-0.0320225693
0.0144617865
-0.0252920948
-0.00613481458
0.0213316828
0.0215245299
-0.0229928475
-0.00508471066
0.0286295209
0.0658241957
0.018394446
0.082049571
0.0704572052
0.0711877868
0.0840804204
0.0411946103
0.0304790959
0.0011393422
-0.0244788695
0.0500337556
-0.00889180042
-0.0479182675
0.0464956611
-0.028816171
-0.0715708807
-0.0900669694
-0.0380166471
0.0205373876
-0.00541002722
0.0341778547
-0.0296536684
-0.0164724197
-0.00349927321
-0.0265764669
-0.0277860574
0.000428652682
0.0220981836
-0.00909796171
0.0400170758
0.0550334603
0.0563464053
0.0283824466
0.0640925094
0.0216125771
0.0349665619
0.0360805318
0.00791114848
0.00787595659
-0.0290737506
-0.0383202806
-0.0211015511
-0.020034086
0.00100797252
-0.023273252
-0.0259200837
-0.033865124
0.0138350017
-0.0342126079
-0.0346880183
-0.0227940716
-0.0285084192
0.00188582391
-0.0192911178
-0.0115190707
-0.0296067949
0.030699607
-0.032391794
-0.000697623589
-0.0225532372
-0.0096970778
-0.0208715796
-0.00336382841
-0.0221474599
-0.0078318594
-0.021490749
-0.0257833209
0.0322690718
-0.033673998
-0.0126549294
0.0172882937
-0.0249651223
0.000250303012
-0.0137902759
0.0253785159
0.018657783
-0.010716998
0.0189427361
0.0134342015
0.00293271989
0.0044577159
-0.00774838962
-0.0128922034
0.0350148715
-0.00509259105
-0.0180455502
0.00144692336
0.00492262654
0.015432626
-0.0174383894
-0.0156451333
0.00990556367
-0.0218335744
-0.00157663226
0.0311169177
-0.0232977215
0.0294242371
0.0230352283
0.0286698602
0.0143693974
0.00738771446
0.00554424385
-0.0143557684
-0.0255248137
0.00449174643
-0.0071962662
-0.0190845039
0.0324667506
-0.07910382
784
-0.0142111387
0.010560438
-0.0107639506
0.0188547969
0.0353947394
0.0222488269
0.00742674619
0.0356623642
0.0202751085
-0.0219543949
0.0125005022
0.024548661
0.018315535
-0.000349228998
-0.0181239545
0.0199199859
0.0326653756
0.00696410984
-0.0256246869
-0.0312496722
0.00107961521
0.00221186504
0.0319789685
-0.029498294
0.0079279542
0.03085256
-0.0325429104
-0.0200838409
0.022315193
-0.0199737605
0.0152908117
-0.00734819099
-0.0010497222
0.0342116803
-0.0084564304
0.00232297438
-0.0140962563
-0.00579438079
0.0279513504
-0.0226999931
-0.0172494091
0.0291003808
0.0197762493
0.00397768291
0.0376802385
0.0310120359
0.0166217927
-0.0114074899
0.0353597514
-0.0221912898
-0.0162665676
0.0280192513
-0.0169470385
0.0282892101
0.0282181837
-0.022726059
-0.0283058845
-0.0226739421
-0.00948530808
-0.00721971178
0.0241300128
-0.0347726531
0.0174881183
0.00941279531
0.0365998931
0.0244031735
0.018204961
-0.000334222364
0.0228988975
0.0116907842
0.055971913
0.0379897393
0.00801975746
0.0369969048
-0.0169337429
0.00319344061
0.0135074835
-0.00481621502
-0.0112278583
-0.0299996957
-0.0267384648
-0.0349977128
-0.00627345033
-0.00931306742
-0.0247149989
-0.0278458223
-0.00469770422
0.0217146166
-0.0147990221
0.012062761
-0.0223443676
0.0301640704
0.0180660598
-0.00403681071
-0.0034845483
0.0155831827
0.0429163836
0.0529138893
0.0263874941
0.0397889651
0.028031256
-0.0119591253
0.00563239539
0.0542481206
0.0393986292
-0.000630137802
0.0157221705
-0.0259044003
-0.0071264538
0.0108060706
-0.0101209311
-0.035696853
-0.0283819158
-0.0148296636
-0.0278816074
0.00276706042
-0.00452387938
-0.0196835678
-0.0514912866
0.0130177531
-0.0407441147
0.00327748386
0.0379859209
0.0976517051
0.100454472
0.0181681048
0.0265283827
0.13092494
0.0998307019
0.0811323225
0.120327696
0.0413174368
0.0634973198
0.0362797901
0.0499507859
-0.0160160251
-0.00902810879
0.027622642
0.0245256554
-0.0210494492
0.00763253868
-0.00569119863
-0.00917992648
-0.0346206389
-0.0387908556
-0.0298075564
-0.0182153564
-0.0537721775
0.0196908712
0.0385737792
0.115899794
0.1234162
0.0370475054
0.0854527652
-0.0159570407
0.0330795906
0.0367410108
0.100723423
0.127105922
0.0457115509
-0.00893640146
0.0468836948
0.0368344188
-0.00885185599
0.00520532858
0.015085767
0.0335558467
0.00522383396
0.0207736753
0.000308412622
-0.028306447
-0.0274638012
-0.0464628749
0.00564040011
5.40972978e-05
0.0180276688
0.0585859567
0.0291507207
0.0817494318
0.090239048
0.0901135951
0.0520758666
-0.0530729815
-0.0417792015
-0.0170346424
-0.0403001867
0.035458032
0.0502437353
-0.0179838836
0.0033220537
0.00143014989
-0.0403213128
0.000521705195
0.0280953497
0.0387244262
-0.00287326891
0.0329063982
-0.0124891559
-0.00126557681
-0.0327712968
-0.0374185406
0.00959025696
0.0149549106
0.0565011464
0.0929535925
0.140266269
0.138992146
0.122833565
0.0720240399
-0.0591950491
-0.0483198501
-0.0823358819
-0.0591828898
-0.0273135975
0.00375700882
0.0549127683
0.0154781928
-0.0478319675
-0.0785305798
-0.0951564535
-0.0134392641
0.0292244572
0.0195221771
0.0172943026
0.0246072523
0.00623190543
0.00392848952
-0.0143309953
-0.0750498399
-0.0537680946
-0.0220991597
-0.0146617955
0.12760289
0.132914692
0.0693143532
0.10357374
0.0811415017
-0.0780666769
-0.0737384185
-0.0360905752
-0.05463643
-0.0455786549
0.00538583146
-0.046810478
0.0297265667
-0.0437289327
-0.110960335
-0.10253831
0.00733375968
-0.0217152908
-0.000132833651
-0.0111395046
-0.0182731412
0.0269206278
0.0175995361
-0.0329423435
-0.0623859055
-0.0756332278
0.00562045444
0.137087002
0.156138524
0.119706288
0.149672702
0.203139901
0.0781899095
-0.137406126
-0.138110653
-0.0504041649
-0.065523535
-0.126835257
-0.0909669772
-0.142839551
-0.0504761301
-0.0717787743
-0.101269834
-0.0791294053
-0.010729135
-0.00139665208
0.0170626156
0.0148638329
-0.028780818
0.0171085596
-0.0255228858
0.0205367897
-0.0420967713
0.0228260551
0.0341006853
0.0294680372
0.155491069
0.162913635
0.142323494
0.0848292336
-0.0237324405
-0.205546916
-0.277882665
-0.137281835
-0.0436855145
-0.049394384
-0.0633481145
-0.13474454
-0.0655105263
-0.0506634191
-0.089704603
-0.103469998
-0.0163892116
-0.0285981763
0.03228122
0.0344932489
-0.00865774602
-0.0178208016
0.0178050641
0.0116551714
0.0171430428
-0.0384621955
0.0573145002
0.041841507
0.0778597966
0.115876876
0.101417542
-0.00359218591
-0.117649794
-0.245195821
-0.163282141
-0.0144020449
0.0290076882
0.0754600018
0.0957000032
-0.0456945077
0.0374804214
-0.0332985744
-0.0822924897
-0.0350344926
-0.0144601045
-0.0441189408
0.0235540569
-0.0201446563
-0.00713301729
-0.0102282912
-0.0182114206
-0.0238186307
0.00164514233
0.0362457298
0.113597989
0.101017229
0.117245518
0.074672915
0.0356949158
-0.0302768368
-0.18661426
-0.219278634
-0.0987636074
-0.0383625291
0.0583180524
0.0251441356
0.104939424
0.0516456924
0.0524399579
-0.000302956498
0.0576409958
0.0734690428
0.0124429641
-0.0211307127
0.0215389505
0.0191020649
-0.0294985622
0.00283731753
0.0152110476
0.00427925074
0.058679644
0.078666389
0.0714145899
0.149526909
0.0279845614
-0.00247949152
-0.0256616902
-0.0878640041
-0.127963051
-0.159806579
-0.0871751755
-0.0389707126
0.0107822344
0.0446017869
0.0454311892
0.076039277
0.0584271774
0.109310642
0.0502151959
0.0729044899
-0.0127853053
-0.03649408
-0.0301025417
0.00712481048
-2.95816499e-05
-0.0306225121
0.0184667129
-0.0285242703
0.0507759526
0.0757357627
0.122076452
0.113516778
0.10735964
0.0471119657
0.048038438
-0.122249305
-0.0751914158
-0.0748854354
0.0253728982
0.0365146324
0.0417807177
0.0549565367
0.0261297114
-0.0261028334
0.0197539479
0.0417049862
0.105691351
0.0913329944
0.0424545296
-0.0239877738
-0.0136096058
-0.0197161902
0.000964906125
0.000900733983
-0.00485789776
0.00151315576
0.0159115084
0.0158420969
0.0235769153
0.0934301689
0.092186749
0.0760871843
0.100044817
-0.0434069857
-0.035787601
-0.0318030864
-0.0459951796
-0.0376928635
-0.0645064116
-0.012245981
0.00506720087
-0.035953097
-0.0174429957
0.0904170722
0.0807446986
0.109441251
0.0133254537
-0.0385325439
-0.0400866643
0.0053048674
0.0306513794
-0.0153670898
-0.0274101328
-0.0159215685
-0.0269110687
0.00380102545
-0.054159943
-0.0032740233
0.11646492
0.139251664
0.0786832124
0.0878965557
0.0289819483
-0.0273309834
-0.0954068974
-0.101153754
-0.0999909192
-0.0450543351
-0.0176737048
0.0130271139
0.0343520492
0.0378865898
0.0862479284
0.0841216147
0.0274128653
-0.0471521541
-0.0448720194
-0.0194621179
0.0158077627
-0.0330553688
-0.026947964
-0.0237835329
-0.0133448634
-0.028811615
-0.0463093519
-0.0587748699
0.035036128
0.0476393923
0.0560866371
0.0756812766
0.0969498307
-0.0358244777
-0.11010392
-0.137497336
-0.115293041
-0.0413666591
0.0449978486
0.0490538813
0.0316502489
0.0662379339
0.0765868053
0.0402300954
0.0355070233
-0.0379844755
-0.0218702238
0.0264727566
-0.0166177731
-0.00921366736
0.0160501823
-0.020942539
-0.0299587958
-0.0343686976
-0.0281534214
-0.0445094295
-0.0451483615
-0.0306349192
0.0225160029
0.0487335324
-0.0507121272
-0.0984486043
-0.114610709
-0.132946864
-0.0457369164
0.0338887982
0.0588627979
0.0611765198
0.0850590095
0.027261354
0.00217205426
0.0294687282
0.0295871161
-0.0601694137
-0.0136556132
0.00534717413
-0.0117560569
-0.0125703793
-0.00394564401
0.0263965167
0.03731234
-0.00918443501
-0.0308952294
-0.0354349911
-0.039266862
-0.0331365243
-0.0171999671
0.0369802229
-0.0883896425
-0.156207383
-0.163985506
-0.0767908096
0.0221219491
0.0377391763
0.0557371527
0.0581942573
0.0262072254
0.0419529453
-0.0109616257
0.0529806912
0.0437066592
-0.0306311399
0.0134175494
0.0256363954
-0.00376278535
-0.0267104488
-0.0064952937
-0.0269560535
0.011354262
0.00160894415
-0.0601669326
-0.0747700781
0.00354323792
0.0331417657
-0.0524591729
-0.0515042357
-0.108963273
-0.0723828748
-0.0814255252
0.00174171478
0.13061586
0.0598790236
0.0369158909
0.10964039
0.0285061188
0.0158619974
0.102463208
0.0329817198
0.0529144369
0.00427952362
0.000959755736
-0.0207884815
0.0121945888
0.0258099046
0.0260236822
-0.0411901809
0.0435154364
0.0454004779
-0.0330586173
0.0162976235
0.0305902082
0.00661212532
-0.0186670367
-0.00500723114
0.00735592423
-0.024001684
-0.0171459895
0.0764871091
0.124706969
0.0100332052
0.0825949013
0.0414464213
0.0819151998
0.0396375321
0.0575997122
0.0264434144
0.0641513318
0.0412051231
0.0223218575
-0.0223840717
0.00405531749
0.0148529718
-0.0282460582
-0.00886133127
0.0208530426
0.0342089981
-0.0678366572
-0.0374378711
-0.0151331238
-0.0657011941
-0.0787447989
-0.012924918
-0.00201444328
0.0265478678
0.086173825
0.0503248274
0.144855484
0.0909058079
0.10750778
0.0699123889
0.0562500171
0.0424853265
0.0237580184
0.0062740068
0.0213563014
0.0474422947
0.0241944045
0.00649705855
-0.020386856
0.00099112466
0.0172440037
-0.0261636991
0.0028850208
0.02473679
-0.0405048206
-0.0898662135
-0.0710079372
-0.0940768048
-0.0555696748
-0.0387362838
-0.0487923734
0.0536689535
0.113909319
0.0497370921
0.0831397399
0.0649213344
0.0238273572
0.0587422401
0.0624423139
-0.00970740803
-0.00511661777
0.0215249918
0.00401175581
-0.0228071362
0.0142889014
-0.0313101746
-0.0158189926
-0.0126549322
0.0251338128
-0.00786971021
0.0326949246
0.0201520864
0.000830863137
-0.0134668136
-0.0301290769
-0.0678548962
-0.0504738241
-0.00615840405
0.032223314
0.0709997714
0.0558849089
0.0544164777
0.0515771583
0.101511292
0.0278379414
0.015128972
0.0265702531
0.0804683119
0.0145118944
0.0125832539
0.0140614649
-0.00361845456
0.0137014054
-0.0299934
-0.0276040006
-0.0118533373
-0.00448096963
-0.0134846559
-0.00488007674
-0.00180952984
0.0408511683
0.0320896059
0.000679605815
0.0282368492
0.0452935174
0.0710602999
0.0320113674
0.0988487676
-0.0192020163
0.0122524789
-0.00737367384
0.0168660395
0.043914713
0.0509134382
0.0732276216
0.0844689906
0.0503637455
0.026994383
0.0506727286
0.0108721014
-0.0315991789
0.0332054161
0.0120124407
-0.0355376005
0.0052607134
-0.0117140636
-0.0209636427
-0.0263023321
0.0336119384
0.00107496837
0.0266731586
-0.00629978115
0.0104650734
0.0515121184
0.0589701012
0.00475032022
0.00642320374
0.0444553345
-0.022279596
0.0262870733
0.00179936504
0.0416411757
0.0468295328
0.0344489552
-0.00874951482
0.00701098284
-0.0243143402
0.0263346247
0.0345629193
-0.0295891874
-0.019727895
0.0047124736
-0.0117432605
-0.0118487179
0.00147132948
0.0142768612
0.00101208722
-0.0103609962
0.0187675096
-0.0199016128
-0.0236281827
-0.0196452681
0.0072730789
0.0278044734
0.0200385284
-0.0283519253
0.0223454535
0.0253937766
0.00800713524
-0.0259566866
0.0125043606
0.00413631881
-0.00102895615
-0.0312945955
0.0328995697
0.0144649707
-0.0301158074
-0.0135020595
-0.0885539949
784
0.0177918151
0.0270720609
8.58828425e-05
0.0148791149
0.00187427178
0.000895049423
-0.0283348709
-0.00985760242
-0.0338318273
0.0313651972
0.0120499283
0.0231381692
0.0267363973
0.0265805889
0.0261736717
0.00610095635
0.031276051
0.0137060657
0.000739771873
0.00471881777
0.0234859288
0.0136995278
0.0336593427
-0.00170106813
-0.0184467565
-0.0346071832
-6.51031733e-05
-0.0227456484
-0.000388193876
-0.0243467987
0.0176580809
-0.00633299351
-0.0100289853
-0.017483389
0.0323536694
0.00261121686
0.0120730484
0.0334349126
-0.00599995488
0.0131627703
0.0167660676
0.0315023884
0.0374927633
0.0068464512
0.0414879285
-0.0226118993
0.0148067744
-0.0145798186
-0.0179474857
-0.0301881079
0.0118624661
0.0231760703
-0.00399300829
0.0323436521
0.0283512436
-0.000655267388
-0.0130887721
0.0170096159
0.0234888587
0.00445895363
0.0283113364
0.00722865574
-0.00510907779
-0.013628114
-0.0105842529
0.00366752991
0.0151055763
0.0516219623
0.0343577117
0.0259380788
0.0130045181
0.00505507225
0.00957339257
0.0290618539
-0.00405297708
0.0284508709
0.0265384112
-0.00167918555
-0.0272845589
0.00571922353
0.0236243047
0.0261667874
0.0264986567
0.00576658919
-0.00954676233
-0.0238449983
0.0227702595
0.00891689118
0.0109190177
0.0122505035
-0.00423125597
-0.0192358531
-0.0116562536
0.0464738198
0.062374752
0.061194703
0.0433533639
0.0473936535
0.0495634004
0.0171250943
0.0360217243
0.0340126529
0.0722005293
-0.00137033791
-0.00726723438
0.0180385057
-0.00298957108
0.0199405849
-0.0199253596
0.0281218085
0.0301991329
0.0341855697
-0.0145329181
0.0309566706
0.00776681211
-0.0300021507
-0.00529092876
-0.056030374
-0.0426867642
-0.0245316178
-0.00134954869
0.0441243425
0.0336864069
0.0393408909
0.050961338
-0.0485666133
0.0324768648
0.0578019619
0.0446025506
0.0760384351
0.0795563459
0.0313081406
-0.0118019357
-0.0214969963
0.0182828885
-0.0282084253
-0.0290245265
0.0198658742
-0.0247874614
0.00552767469
0.0316727869
-0.0326880142
-0.0303596687
-0.0153910024
-0.0564736538
-0.0626783744
-0.0587017797
-0.0228899196
-0.0390699729
0.0185917448
0.0683033541
0.145111829
0.0782172084
0.123485357
0.0420902632
0.0471921302
0.0604807846
0.0996130779
0.131792843
0.0489951149
0.0509075858
0.025730405
-0.0393227711
-0.0271730814
0.00613924395
0.0178714842
0.00666896626
0.033871904
0.0112441517
-0.0195180513
0.00867777411
-0.0339314193
-0.0127152298
-0.0805900097
-0.0495638587
-0.0133131798
0.0476636589
0.0320229009
0.0924316496
0.103454866
0.0944488272
0.166245148
0.216750264
0.271081924
0.261643231
0.176373035
0.106265374
-0.0124187507
-0.0100368122
-0.0385380611
-0.0942265168
-0.0664030015
-0.0234267097
0.0187079646
-0.0172099005
0.0254029483
-0.0182084143
0.00574061135
-0.0155046629
-0.0267245285
-0.0803922117
-0.0711165965
-0.0207366813
0.0470687896
0.162935168
0.0949180052
0.145581156
0.197603345
0.161291897
0.244771719
0.297850907
0.237506822
0.134096861
-0.0859914497
-0.0394468568
-0.119493306
-0.0978540927
-0.0822284967
-0.0774030685
-0.13387382
-0.0859413892
-0.00861936994
-0.00946833286
-0.0155423852
-0.0198512301
0.00924973004
0.0157072432
-0.00672069937
-0.052762948
-0.0566435307
0.0433536246
0.0268675331
0.117047012
0.154060617
0.159364298
0.14245677
0.120537721
0.136658266
0.0710383132
-0.117950283
-0.176779464
-0.221201539
-0.185716212
-0.0903890654
-0.0797283575
-0.0606201775
-0.175311878
-0.124163143
-0.0522873811
-0.027538592
0.0304272529
-0.0105180349
-0.0254516434
-0.00453949999
0.00576890726
-0.0156915281
-0.0488567501
-0.00936084893
0.074811697
0.125818327
0.146725014
0.11489293
0.119804442
0.0822014362
0.00955596194
-0.046129927
-0.164372683
-0.249504745
-0.257011831
-0.117588766
-0.0398787744
-0.0614571273
-0.177162185
-0.167578623
-0.215269014
-0.0817240477
-0.00739824213
-0.0199381523
0.000590180629
-0.0191031303
-0.0164443273
0.0227056388
0.0269819703
-0.0024408733
-0.00794067699
0.0433528796
0.175666705
0.114242852
0.0832790509
0.0113264909
-0.049485933
-0.0278804768
-0.0526670776
-0.184662953
-0.152873024
-0.22224088
-0.0285653006
-0.0226644687
0.0701302886
0.0244389344
-0.012999855
-0.0796025246
-0.0917895362
-0.0293352231
-0.0442491621
-0.00603390252
-0.010416788
-0.0176828373
0.0294783413
0.033045534
-0.016369367
-0.0214977358
0.0192143694
0.0671246201
0.149422854
0.0933927074
-0.0130896438
-0.00836846139
-0.0957754329
-0.0684750453
-0.139427587
-0.155735195
-0.104876786
-0.00925718434
0.120546758
0.147000536
0.136539027
0.103149347
0.0199105926
0.013779941
-0.00560729392
0.0114220204
0.010334475
-0.0258055646
-0.0204710644
-0.022264583
-0.00796351116
0.0260915849
-0.0355490185
0.0350267738
0.0582565591
0.0346343368
0.0184920151
-0.0281809326
-0.0527761169
-0.0910703689
-0.116285354
-0.0682484284
-0.122010738
-0.124153636
-0.0115444688
0.00652352534
0.0924977511
0.156383812
0.0417628661
0.0365208834
0.0310614966
-0.0248584654
-0.000266279123
0.0464751236
0.035176497
-0.0277227722
0.00140353816
0.0185075682
0.00407842081
0.0233295616
-0.0304045901
0.0240310542
-0.0039362493
-0.0456969365
-0.0247721393
0.014713021
-0.0673121065
-0.0602076203
0.00467370404
0.00268363114
-0.101075545
-0.0321737714
-0.0452900603
0.0324261263
0.0451217815
-0.0165800005
-0.0608944669
0.0188870803
-0.0147779649
-0.0735597908
-0.0101584475
0.023699576
0.0204252508
0.000280958484
-0.0280699059
-0.0166425779
-0.00215359149
-0.0282474961
0.0272871405
-0.00730804866
-0.000823976006
-0.0977312177
0.00517053995
0.0201895982
-0.0585939847
-0.0813043565
0.0462741666
-0.0132534923
-0.0982210562
-0.0319815464
-0.0220480338
-0.00748821907
0.0427219644
-0.125294879
-0.0168405361
-0.0802723095
-0.0104808006
-0.0443616807
-0.0249672867
0.0370665565
0.0328209847
0.00347921089
0.0146832122
0.0252821557
0.00015638546
-0.00165761122
0.00954322238
0.0238047205
-0.00927893631
-0.0442598164
-0.0297265463
-0.0240833443
-0.0711093843
-0.0198715441
-0.0053895493
-0.0421965159
-0.0541031808
0.00392563501
-0.00293360907
0.004157471
-0.0208741575
-0.0831315815
0.00423873821
-0.0357688479
-0.00902364682
-0.0290271845
-0.0792431086
-0.0119965458
0.0375111923
0.0317751504
0.0191592779
-0.0161874928
0.00269287243
0.0100496896
0.00202518795
-0.00125509989
-0.01583663
-0.0670234263
-0.0364121944
-0.100624315
-0.0920820385
-0.152119309
-0.0668697506
0.0957434252
0.0586753264
0.0472095609
0.012338181
-0.0850379765
-0.0858635604
-0.0480838567
0.0180396419
-0.0759844556
-0.0431384631
0.00641636923
-0.0440131538
0.0169257671
-0.0295168106
-0.0105253225
-0.038282048
-0.00607185112
0.00177810714
0.0272875
-0.00313260849
0.0360163525
-0.015340914
-0.0364067592
-0.0667608902
-0.134077922
-0.113299884
-0.0999452993
0.0131744435
0.0740412697
0.118562326
0.0301106609
-0.0235783812
-0.0469706655
-0.0768617988
-0.0297564864
-0.0885935947
-0.100597732
-0.0283029657
-0.013505307
-0.0182264596
0.0001822091
-0.0147164669
0.0141140427
-0.0231564734
0.0118490839
-0.0293405056
-0.0315699205
-0.0040794732
0.00177577301
0.00756312488
-0.00125584414
-0.0219542049
-0.012611202
-0.030899452
-0.024406122
0.105291665
0.104210004
0.0381535441
-0.0404223278
-0.049632445
-0.0595423281
-0.06670627
-0.0496631339
-0.07533364
-0.0293050949
-0.0486510918
-0.0529132076
0.000180924864
0.0495951027
0.0353776664
0.0160178374
-0.00121162587
0.0250509605
0.0313474797
-0.0295903757
-0.0289263781
-0.0147419749
0.00016039396
-0.0564669333
0.021331694
-0.0141741745
0.00862311572
0.00656873966
0.101172276
0.0364122875
0.0596992411
-0.0642031804
-0.086516276
-0.0406156331
-0.0574035086
-0.00602582982
-0.00394930877
0.0367828384
0.0186792463
-0.00413039559
0.0833334699
0.0348436534
0.00755577208
0.0443314686
0.0150630232
-0.00321956002
-0.0289733075
-0.0256009568
0.0337689444
0.0277986303
0.0271963533
0.0153290378
-0.0326190628
0.0216023959
0.0182346422
0.0298023578
-0.0248295888
-0.0538355261
0.0276355557
0.0507050306
0.00575499889
0.0474032536
0.0222840924
0.00446012057
0.0495104939
0.0181642845
-0.00161734747
0.0493272282
0.0799975842
0.0762620494
0.0304420553
0.039400313
0.0237278566
0.00274475687
-0.0199962836
-0.030147763
-0.0145486351
-0.00985064544
0.0177948121
0.0255379118
0.0449647456
0.00167740311
-0.0358371101
-0.0074722576
-0.0184887201
0.0471766181
0.00954622682
0.0285252742
0.0820855498
0.0853410661
0.0831812918
0.0516320057
0.047836002
0.0480028316
0.0311245155
-0.00126594771
0.0353922397
0.0424836986
0.0542915538
0.0306796134
0.0147042209
-0.0111286407
-0.00373364356
0.00669138692
-0.0289813653
-0.0246881638
-0.00658269785
0.00838567596
0.0175946485
0.0330822915
0.0168652516
-0.0179195199
-0.0210673325
0.0497200862
0.0838028863
0.0495558083
0.0905543566
0.0464356989
0.0833809376
0.0448321253
0.0309942998
-0.0399976037
0.0317375436
0.0423663817
0.0194470081
0.0252254959
0.00708723161
0.0375957452
0.0241865013
-0.00915888883
-0.000118345022
0.0109771676
-0.00756855076
-0.008762924
-0.0293430816
-0.00173770951
-0.0192013662
-0.00798976421
0.0536106676
-0.0178149994
0.0147980079
0.0135587621
-0.0381638296
-0.00297195674
0.0834009126
0.0143526075
0.0492797755
0.057171151
0.0288713817
0.0418039858
0.0812197477
0.027802784
0.0824687183
0.0535407364
0.0539299324
0.0160383806
-0.015441739
-0.0164911821
-0.0244175978
-0.0294048414
0.00621187221
0.00342607801
0.0037966026
-0.0037790311
-0.0820927471
-0.043249473
-0.0544113964
-0.0124766137
-0.00746899843
-0.0511229075
0.0241067037
-0.0158268008
0.041313041
0.101067543
0.0767011568
0.0487738363
0.111654609
0.119696811
0.1145835
0.0646330342
0.0372240357
0.0430122502
0.0461246669
0.00777763221
-0.033858493
0.0152011476
-0.0143155921
-0.0307303444
0.0151723102
-0.0200803652
0.0181360301
0.0193879884
-0.0344404429
-0.037677858
0.00754300691
-0.00959501788
7.78693575e-05
-0.0200547185
0.0122267073
0.082582131
0.0337273031
0.115810305
0.111252777
0.121830843
0.109487057
0.1281178
0.112207823
0.0346246287
0.0412109196
0.00522337575
-0.019253023
-0.0214095116
-0.00514463801
-0.0342483483
0.030904863
-0.0105625652
-0.0250109434
-0.00174324703
-0.0327420197
0.0262892134
0.0331820548
0.0144199776
0.00963751413
0.0379108414
0.0434018411
0.0319336802
0.0206465665
0.0743850544
0.0600089431
0.071891956
0.0777433142
0.0394260027
0.0863412172
0.039108932
0.0591077358
0.052468624
-0.021352686
0.0312482845
0.0238136705
0.0203259438
0.00038876012
0.033860866
0.0281716622
-0.0188828334
-0.00663664564
0.0293416567
0.00236021704
-0.0244900994
0.0321281329
-0.0357238986
-0.0236198138
-0.0184640456
-0.00538999215
-0.00868352037
-0.00835602358
-0.0142376395
-0.0339061953
-0.0246770848
-0.012068118
-0.0306855049
-0.00871602725
-0.0229569916
0.00486825081
0.032835409
0.0105542215
0.0329133347
0.02885345
0.0114035383
0.0164330155
-0.0246485993
-0.0292419959
784
-0.0222039595
0.032348711
-0.0294992328
-0.00785950944
-0.0233385153
0.0353210829
-0.00139638782
0.0309186392
0.00671330467
-0.0266382266
0.00561830401
-0.00175175071
-0.0130311623
0.0278273262
0.0121185705
0.0339677967
-0.0317914039
-0.0323616639
0.0261062272
-0.0184110105
-0.00529035926
0.0135203786
0.0226957686
0.0191809982
0.0178536139
-0.0057358183
0.026655104
-0.0076809302
-0.0219398793
-0.0292434916
0.00465590134
-0.033935383
0.00517811161
0.00175567355
0.032136336
-0.0231853798
0.0180358402
0.0135299023
0.0178700872
0.00113500876
-0.016196344
0.0290450491
-0.0305366032
-0.0116521027
0.0132454457
-0.0302918088
0.0278011002
-0.0281873159
0.00191503542
0.0320649967
0.017497927
0.0122742346
-0.0304421466
0.0017308481
0.0188955553
0.00610807911
0.0156728774
-0.0145507921
0.0162775088
-0.00791858882
-0.0143250413
-0.00238157483
0.0342831463
0.0262304228
0.0281285048
0.014623642
0.0228956882
0.000548692478
-0.0143045411
0.0332011543
-0.000277156505
0.0140075637
0.00742427213
0.0347906798
0.0578598678
0.0141970059
-0.00785067398
0.0149247535
-0.0177765582
0.00655594002
0.0163261946
-0.0183530413
-0.00570389442
-0.0082003884
0.0332392417
0.00909077004
0.00277786283
-0.0208483692
0.0163061526
0.00942295324
0.0100884624
-0.00678404747
-0.0364623554
-0.0339795835
-0.0257908572
-0.039004527
-0.0665817857
-0.0342355594
-0.0461842045
-0.0349050872
-0.0326962657
0.0452955328
0.0967740268
0.0916795433
0.0833740085
0.081765309
0.0265972093
-0.00583967008
-0.00525412057
-0.0182861257
0.0249183644
0.000515770167
0.025695134
0.000982930302
0.0105146002
-0.01343528
0.00241242815
-0.0151101453
-0.049039945
-0.020513067
-0.0762837678
-0.0654467568
-0.032478787
-0.0511666089
-0.0561701916
-0.0968993455
-0.108789265
-0.042721957
-0.0639671385
0.00857595727
0.0142592667
-0.00244896743
-0.0411121435
0.0531141944
0.0315575302
0.0412671827
0.0580976531
0.0427794941
0.0162413642
0.0247780494
-0.0137858223
0.0159707628
-0.00802754052
-0.0197690148
0.0189850479
-0.00539178867
-0.0468499362
-0.0900576487
-0.0809871703
-0.0102967788
-0.0590457693
0.00041715891
-0.0179278217
-0.00803095847
-0.0505028926
-0.0752804875
0.00211690576
0.00874507613
0.0161503181
-0.0503101721
0.0610179901
0.0111808311
0.0635174289
0.101740919
0.0759383887
0.0517738797
0.0221301913
0.0247565694
-0.0133047625
0.0297450945
-0.0104471128
-0.0240392257
-0.0529899783
-0.051415652
-0.0620662235
-0.0726119727
-0.0518884212
-0.0300771967
-0.0248124804
-0.0718814135
0.0226669051
-0.0141556738
-0.0212973971
0.00782131497
0.0150316553
0.0942354575
0.127567098
0.120752133
0.120303869
0.0429168418
0.0978298411
0.128075987
0.166258663
0.0731543526
0.00498411991
0.0166490767
0.0244787317
0.00246110535
0.0210677125
0.00968503486
-0.0163886342
0.00884563196
-0.0843503028
-0.0680559203
0.000721156772
-0.00855848659
-0.0621752478
-0.000567958225
-0.0351501293
-0.0660728961
0.0719071254
0.104577646
0.174238235
0.214727119
0.226072907
0.195362076
0.155385107
0.0920938328
0.114501402
0.0690585449
0.118824504
0.0934768394
0.0448833443
0.00815757737
0.0106820101
0.0236682165
0.0316651314
0.0181851909
0.0101299733
-0.00978732295
-0.048555553
-0.02438608
-0.0494241342
0.00180881098
-0.03276968
-0.00553082256
-0.0373604745
0.0210721083
0.0678416565
0.109372437
0.180995271
0.163411066
0.127918288
0.15852122
0.126673132
0.150987938
0.117374703
0.0683528408
0.124787688
0.0504539125
-0.00324233365
-0.0153844692
-0.000899517501
-0.0235812571
0.0168983955
-0.0325432196
-0.00061961537
-0.0134949461
-0.030778233
-0.00753861759
-0.0365356728
-0.0203666072
-0.0198154077
-0.0179807562
-0.0121635962
-0.0439796448
-0.0408205166
-0.0835813358
-0.119763762
-0.139231503
-0.139941216
-0.110457614
-0.0794850662
-0.00147748599
0.0262076929
0.0429972149
0.0758528411
0.115048587
0.0209488627
0.00933412369
-0.0118077463
-0.0183701627
-0.0237572808
0.0270032976
-0.0143117988
-0.031859789
-0.0447469912
-0.0401962548
0.0258327983
0.00597095955
-0.0156266876
-0.00164378178
-0.00928275939
-0.0440673716
-0.159209669
-0.218239427
-0.315616667
-0.34828189
-0.29474619
-0.282011896
-0.183345526
-0.175667733
-0.115156822
-0.0875670016
0.0182329938
0.0668227002
0.00882277545
0.0265973061
-0.0345370658
-0.0223948676
0.0134403463
-0.0156088611
-0.0140901627
-0.0581494533
-0.00162393937
-0.062672846
-0.0586599447
-0.0331709124
-0.0400565229
-0.047065191
-0.0656578913
-0.00198665541
-0.129803717
-0.204957128
-0.183505476
-0.273879081
-0.289514422
-0.263072163
-0.292799622
-0.275858581
-0.248164475
-0.147736028
-0.0574215911
-0.0176798627
0.0100307157
0.0311281085
-0.0214542989
-0.0261256788
-0.0346286669
-0.045805376
-0.0431382172
-0.0642369166
-0.0127021475
-0.0877263024
-0.0154190687
-0.0574121475
0.0511627011
0.0657801405
0.0433825068
0.0885222107
0.0585376509
-0.0170585141
-0.110168144
-0.105222821
-0.108111262
-0.202952653
-0.214413464
-0.257027596
-0.188027978
-0.124733955
-0.0472621508
-0.0365957171
-0.0368493125
-0.0203812364
0.00511860568
-0.0183970984
-0.0136071471
-0.00238396227
-0.0342362188
0.000662056613
-0.0223321524
-0.0127996774
-0.0977852121
-0.0507051274
0.0306579638
0.0861447528
0.125193492
0.114446878
0.0943842232
0.0347844996
-0.00627059443
0.0267573129
-0.00495467521
0.0449523777
-0.097117506
-0.193212822
-0.160771906
-0.0619336963
-0.0557059534
-0.024187021
-0.0051073595
-0.02548429
-0.034393739
-0.0160710681
0.0124908844
-0.00511838542
-0.00840834249
-0.0434915572
-0.0243461765
-0.0162348505
-0.0131292855
-0.0472385548
0.0559139214
0.0525407419
0.110851392
0.068625547
0.0788275823
0.0272851381
0.0265832935
-0.0335325226
0.0526722521
0.0234632697
0.0399270877
-0.064504154
-0.0822474808
-0.0197466537
-0.0539714023
-0.00934722647
-0.0356756262
-0.0163631141
0.0354638174
0.0295967348
0.0191766713
-0.0301547144
-0.0182991438
-0.0626927093
-0.0635869056
-0.0172386151
0.00494180666
0.0494310111
0.0679465681
0.0356540009
0.127839565
0.0277537908
0.0101159168
-0.0357855037
0.0281651281
0.078856267
0.0162325297
0.0461137258
0.0909273624
0.0503986068
-0.0199559312
0.00951323472
0.00929285306
-0.0277128257
-0.0410523228
0.00252138916
0.00293057784
0.0230727587
-0.00287967734
0.0156252589
-0.00458167912
-0.0621847771
-0.0997927263
-0.0649639443
-0.0524544157
-0.0482941568
0.0417279899
0.127415746
0.101146586
0.0283784959
-0.010690188
-0.00356038404
0.0385602005
0.0526013598
0.0608006157
0.0430117622
0.0417662933
0.0636933818
0.0679629818
0.00970911048
-0.0554068089
-0.0603961572
-0.0194887649
0.0181257743
-0.0174344145
-0.0199259091
0.00938279554
0.0134663815
-0.0229247026
-0.0892399698
-0.0977272764
-0.0722761303
-0.170728967
-0.104588047
-0.00463661272
-0.0255274158
-0.0376513414
-0.0484999828
-0.0877104923
0.0262754746
0.0260913875
0.0365118422
0.0615639053
0.0917123333
0.0433832332
0.0231322721
0.0169158913
-0.0588508472
-0.0770911425
-0.0497472771
0.00303741917
-0.0177292395
0.0275809858
0.00215037586
0.0344896391
0.0482781716
0.0184223782
-0.0607923269
-0.00348960143
-0.0204506349
-0.0579912327
-0.11609032
-0.13894029
-0.201709986
-0.170857042
-0.158935815
-0.0598853603
-0.0117202243
0.0439045019
0.0491409525
0.0378925651
0.0745965391
0.0789026991
0.0519948117
-0.0364145376
-0.0778812468
-0.0193046965
-0.00815167557
0.0241748244
0.00139297592
-0.0345837697
-0.0351018608
0.0381643884
0.00185332063
0.0848399103
0.028766254
0.0147745246
-0.0696561486
-0.010025694
-0.069422774
-0.0419383645
-0.00162679341
-0.00967335328
-0.0779529884
-0.0207944997
0.026727451
-0.00884688273
0.0187470969
0.0771307051
0.00270081358
0.0268221647
0.0519073382
0.00662918156
-0.0116163818
-0.0253928825
-0.0347806662
-0.0197590273
-0.00531521672
0.0176717192
0.00923430081
0.0298159178
0.0190715957
0.0709796175
0.0385290794
0.0387895405
-0.0342696421
0.06356249
0.0515503623
0.0876405835
0.0830419213
0.0507966056
0.0522798486
0.0218886882
0.0342676714
-0.0141680576
0.0339950994
0.049294088
0.0550169721
0.0675382242
-0.0464113429
-0.026383603
-0.025879126
0.00777800102
0.0256068762
-0.0288623236
-0.0111914398
0.00738058984
-0.0141428681
-0.0283402689
-0.00571576413
0.0613574795
0.0666966438
-0.0119295046
0.0509687401
0.0410730951
0.040550597
0.0768137053
0.0521604046
0.127985641
0.0930480361
0.0569409057
0.0332895443
-0.0139647527
-0.00639714953
0.0207539946
0.024777703
0.0740595311
-0.000557717984
0.000638629193
0.00483521586
0.0183847658
-0.0293389875
-0.0239738021
0.0219766963
0.0194310714
0.0176614169
0.0252416283
-0.0046653077
0.0645804182
0.043357797
-0.0380765125
-0.0517655835
-0.00201119576
-0.00980335753
0.0642897114
0.0868923068
0.0502633341
0.0406430103
0.0214845538
0.0187052134
0.00276000658
0.0356704928
-0.0157359727
0.0131439688
-0.0161885992
-0.0148451338
0.00920624752
0.0219900925
0.0178651288
-0.026921533
-0.0283730067
0.0136355581
-0.0151853841
-0.00645652786
-0.00345690455
0.00267160032
0.0470986888
0.072697103
0.0699203983
0.0377355851
0.0448532254
0.0811470896
0.0836877003
0.0984771848
0.0422584936
-0.0284267906
0.0505217798
0.0599088781
0.0181252938
-0.0130221238
-0.019092584
-0.00410537189
-0.00940552633
-0.0292741843
-0.00236507156
-0.0218556225
-0.0139666228
-0.0318550467
0.0206021778
0.0324251093
-0.0312232897
0.0158943683
0.000475635199
0.0424627513
0.0711248443
0.0733776689
0.0677689314
0.0748787895
0.100229353
0.0991811678
0.0632036924
0.0237720739
0.0480553806
0.0591147356
0.00829108711
-0.00508520892
-0.00343365734
0.0386655889
0.0165939555
-0.0455700904
-0.00742203789
0.0370440371
0.0294924621
0.0170168653
0.0339665785
0.0200190376
-0.022255687
0.0173232108
0.0082840547
0.0158224739
0.000392365037
-0.020242773
0.0203205422
-0.000555017614
0.0694561303
0.0738347769
0.070565246
0.00649803365
0.00949673913
-0.00326340599
-0.00232278509
0.0181138255
-0.0299424417
0.000249508943
0.00871610735
0.016938068
0.0406555794
0.00998706184
0.0509774499
0.0486502387
0.0422894172
0.0223234165
0.0372914895
0.013445585
-0.00859748572
0.00206720084
0.0291607715
0.0336040743
-0.00209898874
0.00806761812
-0.0316028446
0.0110793337
-0.0173886884
-0.0361908637
-0.0503614396
-0.021806797
0.000368292414
-0.0286833923
0.0010282126
-0.0431625843
-0.0794293284
0.00371440593
-0.0179485697
-0.0339306891
-0.0271991361
0.0267582238
0.0339262784
-0.0222429913
0.0247717295
-0.0022648985
0.000908926188
0.0154949278
-0.0053379871
-0.00128048286
-0.0211187378
-0.0140248742
-0.00175794587
0.0255929865
-0.00153041631
-0.00745024672
0.0225517303
0.0028675755
-0.0296165086
-0.0127877099
-0.0226880964
0.0302315243
-0.0139581244
-0.0315642804
-0.0331454054
-0.00493533863
-0.03568618
0.000175007706
-0.0140577424
0.0219121929
0.0043643238
0.0326688066
-0.0152754216
-0.0253253225
0.0259568505
-0.0289654825
0.0342938267
0.0191443861
-0.0766437054
784
0.00275592133
0.0330530815
0.023136545
-0.00123327598
-0.0134040937
0.00314659253
0.0276576243
-0.0154434703
0.0130335316
-0.0168680754
-0.00173341483
0.00935997441
0.0276805833
0.0105606578
0.0080486834
-0.0220608842
0.00801108778
-0.000539783388
-0.000670872629
0.0103879198
0.0183092877
0.00992639363
-0.0242761001
-0.00837234966
0.000218532979
0.030018542
0.0215888731
-0.0130206738
0.0187092274
0.0173682272
-0.0207578465
-0.01994236
-0.0283651017
0.0254124776
0.02913999
-0.00705034193
-0.00569581427
0.0340207554
-0.0142615912
-6.49613867e-05
0.0096570421
0.0355412662
0.00840505492
0.00449397881
-0.0116158118
0.00129649916
-0.0209807176
-0.00751086045
0.0219066013
-0.03121222
0.0245936289
0.0180252641
-0.0167993512
0.0104591176
0.000691644847
-0.0183668137
0.0232414044
-0.024568839
0.000125747247
-0.0139240688
0.0266128983
0.0228253733
-0.00703320233
0.0104478374
0.0479775779
0.0620309338
0.0460977033
0.0724810064
0.0456374548
0.0634795353
0.0245763399
0.0638794526
0.0632734448
0.0518030152
0.0501286425
0.0138428407
-0.0202164613
0.0326371901
0.0108128609
-0.000678463664
0.0271061826
-0.0207803231
-0.0322039723
0.0335892178
0.0339334346
0.0335160308
0.0181000587
0.00466263806
0.0170501173
0.0345713012
-0.00528822001
0.00427205209
0.0542752407
0.0787063986
0.0457506403
0.0568947308
0.0146220718
0.0486198105
0.0180672761
0.000243261806
-0.00941936672
0.0116079673
-0.0104559064
0.0649006814
0.0056004622
0.0114344954
0.023566952
-0.00278791576
0.0379799567
0.006504972
-0.0151565559
0.0285776816
0.019331634
-0.0218023267
0.000740151678
0.00265617063
0.00538580213
-0.0145896943
0.0323815346
0.0209039673
0.00761160813
-0.00111151231
0.0228414219
0.0105056381
-0.00488131586
-0.0882030353
-0.160311386
-0.103882298
-0.151595652
-0.0985497683
-0.113037974
-0.0405437686
0.0313962661
-0.013910614
-0.0115648294
-0.0343833193
-0.0433015861
-0.0264498293
-0.0295037497
-0.0170047637
-0.014403807
-0.013353264
0.000282199733
-0.0330595262
-0.019953642
0.000511803199
-0.00769467652
0.024448866
0.057271529
0.0385618806
0.0660672039
0.00776458718
-0.00290566869
-0.0545556955
-0.166477025
-0.154771462
-0.179087222
-0.149058178
-0.0934307277
-0.124130726
-0.115207836
-0.0653190985
-0.0515705235
-0.036570847
-0.0605126582
0.0186808351
-0.0238416959
-0.0250540543
-0.003645055
0.0232753363
-0.0263312794
-0.00036181137
0.0641420409
0.0218199603
0.0609208271
0.0790678635
0.0798836723
0.0729782358
0.0543470606
0.0544421002
-0.028207466
-0.0164605696
-0.100525565
-0.114867225
-0.127612993
-0.124706835
-0.147243828
-0.230896086
-0.204214782
-0.110670522
-0.0921084955
-0.110515848
-0.0577250868
-0.00775853731
0.0113756219
0.0084924167
-0.000717377057
-0.0225234516
0.00542936893
0.0507756434
0.0576143898
0.0114182904
0.0526173525
0.0601647682
0.0444618054
0.0850190893
0.016779352
0.0367039293
-0.00336442864
0.0378242284
0.00983023737
0.010853312
-0.0492001735
-0.121543437
-0.117801443
-0.174983844
-0.134398863
-0.149595127
-0.144504547
-0.125056744
-0.090244174
-0.0484699905
0.00329288631
0.00512495404
0.00935583375
0.0243145637
-0.0201037303
0.042555511
0.0550605729
0.0750966892
0.0322545432
0.0326947123
0.0693257898
0.0840734541
0.0562897474
-0.0216695853
-0.011821093
0.0763320476
0.144209862
0.049117621
-0.0136077683
-0.0504863188
-0.160183609
-0.157344669
-0.143075153
-0.091048874
-0.139678001
-0.103374816
-0.133829907
-0.0550949089
-0.0330467597
0.0260721557
0.00325917825
0.00356768817
0.0367931724
0.0034595828
0.0824456662
0.085562557
-0.033740703
-0.000119554752
-0.00429419987
0.0323290937
0.000338685291
-0.0254236367
0.0865963921
0.123813644
0.173945695
0.0905655324
-0.0204675905
-0.0678992942
-0.098386839
-0.104218341
-0.100146592
-0.126109466
-0.116777122
-0.117825009
-0.133376241
-0.0401205793
-0.00782432035
0.0178807843
-0.00614573294
0.0364492647
0.0309458468
0.000343885651
0.0384846553
0.0712154731
-0.0266595315
0.0127788624
0.0300545599
-0.0437368825
0.00145615917
0.0345053002
-0.000602095621
0.100518577
0.121936321
0.0254534408
-0.044885166
-0.100473873
-0.0999260768
-0.0879344717
-0.116072968
-0.119504161
-0.0446759276
-0.0747495145
-0.107360296
-0.0969049335
-0.0480064042
-0.0044689537
-0.0341103673
-0.0331177376
-0.0297611188
-0.00349785993
-0.0101881474
0.027186377
-0.00118063204
0.00393876666
0.00976607669
-0.0714850649
-0.0515324324
-0.0286971293
-0.060006395
0.0476894416
0.0962665528
-0.0272449702
-0.0498834886
-0.0636106133
-0.0631958395
-0.0519351773
-0.0410388745
-0.0125774462
-0.0281349737
-0.0955315232
-0.133168951
-0.0700654164
-0.0193608031
0.0260068886
0.00437708059
0.0213411972
-0.0125722364
0.0316790305
0.0207770262
0.0119897909
-0.0297115669
-0.0745798424
-0.0684786662
-0.139797211
-0.151627138
-0.0567001216
-0.0408348143
0.0418601818
0.106623314
0.0459055044
0.0321693011
0.000311362906
0.0730904788
0.0424020365
-0.0526066907
-0.0322726257
-0.0062491037
0.0185007937
-0.0296429992
-0.0237287357
-0.0275373217
-0.00465490064
0.0194175802
0.0271145608
-0.0216754861
-0.0148414029
0.0112079382
-0.0150583349
-0.0374579094
-0.118323885
-0.122669004
-0.0760071799
0.0347943008
-0.0235416759
0.00262340601
0.112921372
0.0654739365
0.0510691367
0.0331703834
0.0151047762
0.082304813
0.0270146169
-0.0156162307
-0.000720293378
0.0198725201
0.135938287
0.0670809075
0.025010366
0.0325284414
0.00909607578
0.00527511071
-0.0199835878
0.0346053466
0.0283612572
-0.00628587417
-0.0227076821
-0.0727233812
-0.126601055
-0.124686204
0.019438114
0.113221981
0.0701628178
0.100255549
0.109081559
0.048106581
0.0524100699
0.0150005966
-0.0278917458
0.0649574101
0.0833700672
0.055172734
0.0559301674
0.104873493
0.145078301
0.114004798
0.0543693155
0.0319265388
0.0103873517
-0.00862000417
0.00867218897
-0.023622578
0.0186685473
-0.0618702061
0.00263097533
-0.0334400944
-0.120583624
-0.0759893581
-0.00449164864
0.0686684176
0.114543237
0.104552209
0.117229193
0.0678871498
0.0317628197
-0.0391930193
-0.0224480107
0.0442609489
0.164107755
0.073367171
0.0133183785
0.0793466195
0.0585657246
0.107098348
0.0600917749
-0.00838918984
0.0304335486
-0.0218691733
-0.0116755618
-0.0191680659
-0.00757151563
-0.047512766
0.0126219569
-0.00150800031
-0.0591571182
-0.00225205254
0.0231586825
0.0487284362
0.0979796946
0.0206730124
0.0365686603
0.0657439381
0.0048614433
0.0703252032
0.0360102355
0.00937852357
0.10043598
0.0692522377
0.0547216386
0.00322756427
0.0479028113
0.0910081938
0.0458702259
0.0530232005
-0.0245071426
0.0299040861
0.0265373792
-0.0175186694
0.0105306963
-0.00921714585
-0.0797463804
-0.00710985903
-0.0812934563
-0.0428182706
-0.00982369762
0.0553119481
0.0405498967
0.0329679362
-0.0273691751
0.0246281549
0.0246924032
0.0229966454
0.072996892
0.0876883641
0.0651187748
0.0437456593
0.0526595972
0.072331816
0.0499426536
0.0414152704
0.0625282079
0.0351185277
0.0175508484
0.027816575
-0.0315188542
0.00537869753
-0.0384708047
-0.0219949
-0.0710088164
-0.0862716883
-0.0963691995
-0.0818610787
-0.0496281087
0.0391900614
0.00778684206
0.0510954447
0.0472971909
0.027797699
0.0249021258
0.0572860166
0.0697900578
0.0869991258
0.0668882653
-0.0079356581
0.0623860434
0.0313545577
0.0574596487
0.0506918095
0.075950563
0.0398393981
0.0133586945
-0.0165922884
0.0210797116
-0.0318644568
-0.0349516422
-0.00242594536
-0.0532616489
-0.127073988
-0.1209644
-0.140533805
-0.0633416548
-0.0219249018
0.0389283821
0.0893565565
0.0634745732
0.110680185
0.0828628764
0.0553061478
0.0491431244
-0.0396627858
-0.0355276205
-0.00621479237
-0.00156083948
0.0421257727
-0.00763429049
-0.0323915035
-0.0126813296
0.0113759851
-0.0239578374
-0.025113143
-0.00608230056
-0.00405504135
-0.0272468366
-0.0079127308
-0.0171270408
-0.14406392
-0.147133857
-0.132675827
-0.0992938131
-0.0203214735
-0.0356084332
0.0248150993
0.042827785
0.11077629
0.0801899508
-0.0198093615
-0.103043929
-0.0363198407
-0.0874679983
-0.0511069223
-0.0526015647
-0.0341929384
-0.0311460048
-0.00197115541
0.026943896
-0.0103999879
0.0302782804
-0.021669494
0.0257741008
-0.0358425081
-0.0174351186
-0.0153603721
-0.0230692644
-0.107610576
-0.144411236
-0.0999654606
-0.129109502
-0.0213403478
-0.0312340967
0.0157634988
0.0156116309
0.00684889313
-0.0261258185
-0.0425658673
-0.0824041516
-0.0308875889
-0.0757666975
-0.067548871
-0.0720404014
-0.0911703184
-0.0617553107
-0.0335908607
-0.0486254804
-0.0345533118
0.00469163526
0.018603988
-0.0266017206
0.00198794017
-0.0172416195
-0.0017179345
-0.0348161235
-0.0578217581
-0.0833020508
-0.12276265
-0.0515464097
-0.0542227402
-0.0592153072
0.0289375763
0.0772283003
-0.0330994315
0.0388583653
-0.0397285745
-0.10109289
-0.0557855107
-0.0686817616
-0.0518524647
-0.0868735537
-0.082329154
-0.0814815238
-0.0551347919
-0.0118545145
-0.0291288998
-0.0165337287
0.0289398097
0.0342048965
0.0219615214
-0.027500812
-0.00595609751
-0.00640579546
0.00906382129
-0.03755299
-0.0900046453
-0.0926599503
-0.0584798008
-0.00807195157
0.0532744154
0.0563627519
-0.00562898302
0.014101116
-0.081739679
-0.085644424
-0.101146229
-0.0451631546
-0.0765547007
-0.0432920605
-0.0559307262
-0.0839037895
-0.00152285455
-0.0418128818
-0.0316857025
0.0183810703
0.00202295184
-0.000273264945
-0.0235145763
-0.023194341
0.0173974428
-0.0399365872
0.0102162668
-0.0137068024
-0.0669020563
-0.102565989
-0.100107148
-0.0103988079
-0.0317907557
0.0318465941
0.0336199328
-0.00381667912
-0.0794487223
0.00544632878
-0.0246052537
-0.0418666787
-0.0502805337
-0.0467626378
-0.0280665234
-0.017063491
0.00607861439
0.0121733313
-0.0277922675
0.0218601823
-0.0244761296
-0.0131447967
0.00379155832
-0.0219437983
0.0194340479
-0.0184423942
-0.0146932565
-0.0332906321
0.0171698034
-0.016807925
-0.0255928598
0.0147431362
-0.0184975285
-0.00180331396
0.0254054051
-0.0180649515
0.0148740672
-0.0510859042
-0.0309694055
-0.0295786671
-0.0205216035
-0.033864446
-0.0551856756
0.00678891968
-0.0119311363
0.00501326425
-0.00418523327
0.00713458285
-0.0176640116
-0.0218893606
0.0341037847
-0.0320270173
-0.0346258581
-0.00161776878
-0.0263876375
0.0374238193
0.0118650766
0.0042699934
-0.0212685019
0.0220919214
0.0230050366
-0.0184106361
0.00054262433
0.042792473
-0.0419014506
0.0250266027
0.0101231439
-0.0209224038
-0.0163995847
0.0317902826
0.0219160318
-0.0186105389
-0.0103335213
-0.000588555238
-0.00619943812
0.0203120522
0.0274873786
-0.0196016487
-0.0163242854
-0.00507784635
0.0138295498
-0.00349246059
0.0249325056
-0.0269844849
-0.020531809
-0.0177773423
-0.0166312717
0.0269469973
0.027147986
0.0201527085
-0.0264174435
-0.000721170974
-0.019230416
0.0319445543
0.00304723252
0.015647592
0.0240187347
0.0171077438
-0.0119532812
-0.0136079984
0.00857518986
-0.0196950678
-0.0149917249
0.0340820588
0.11471311
784
0.0188927762
0.0308551602
0.011172954
-0.00186721236
-0.0250994042
0.0114774108
-0.0277116448
-0.035321705
-0.00898137875
-0.0214542896
-0.0107991062
-0.000579562038
-0.0256454777
0.0207285658
-0.0108648641
0.0119804228
0.0265615769
-0.00817638636
0.00803664699
0.000538013875
-0.0290123131
0.0329353102
-0.0276948549
0.032594692
0.0332209505
-0.0126901977
0.0015649125
0.0157860145
0.0297999121
-0.0100785196
-0.032517124
-0.0152628049
-0.0219491888
-0.0307303574
-0.0191352144
-0.0205801651
0.00229088357
0.0333238803
-0.0258850735
0.0376056135
-0.00997801963
0.00165431458
-0.0219939779
0.0303034689
0.0261441451
0.0188304633
0.0178172607
0.0275438987
-0.0238554962
0.029218385
-0.0309674963
0.0192919578
-0.00250538811
0.0348229073
-0.0171940587
0.0194738097
0.0105456635
0.0266537406
-0.0306027904
-0.0289638638
-0.0193652902
-0.0183835216
-0.00951464847
0.0135039166
0.00881531741
-0.00144276023
0.0463034399
0.0793004856
0.031625282
0.0471406542
0.0436220318
0.0440998413
0.04578688
0.0160447694
0.0623079315
-0.0193157792
0.0528444275
0.0425837263
0.0350970328
-0.00491687376
-0.0196543932
-0.00606856123
-0.0314355493
0.0198927671
-0.0194291677
0.0254094154
-0.0155312037
-0.0137967104
0.0251247045
0.00141498528
0.0248756018
0.0478893034
0.0307997111
0.105914593
0.109221958
0.174886271
0.121979363
0.132335082
0.162170231
0.133060098
0.0716882497
0.0907323137
0.0349905416
0.0373883583
-0.0161717422
0.0241871029
0.047775764
0.0421051122
-0.0207866617
-0.0223274063
0.0246566795
-0.0121590029
0.000781107694
-0.014795674
-0.0160832014
0.0255638696
0.0185505599
0.0320749506
0.00596773997
0.0295684133
0.0906763449
0.176384941
0.172751799
0.182267502
0.191243872
0.165526256
0.169431821
0.121988416
0.14835152
0.113846093
0.00772131328
0.00920465961
-0.00956356432
-0.0726010278
-0.0272682663
-0.0167228319
-0.0143773444
0.0245751981
-0.0137477024
-0.00559350941
-0.000568825752
0.011172764
-0.00488568796
-0.000678057026
-0.0149627356
-0.0315999612
-0.0444259718
0.0307615083
0.0148667069
0.0204844549
0.0981892794
0.14043875
0.119073622
0.102326624
0.153256938
0.0223825406
0.128413916
0.104053706
-0.0108777378
0.0790777206
0.0542987436
0.00585379964
-0.0687856153
-0.0652278885
-0.0256482139
0.0301267412
0.0193399601
-0.0309843235
-0.00879649259
0.014504455
-0.0067718951
0.000200443174
-0.000788447913
-0.120625481
-0.0918093547
-0.0575672798
-0.0137042552
-0.0646456629
0.00224408391
-0.0497634262
0.00369340088
-0.0169617943
-0.0309564788
-0.0650475472
-0.0303595699
-0.0676051155
-0.134374365
-0.0971610248
-0.074631542
-0.113542669
-0.0800777674
-0.0507314838
-0.0398145504
0.00212011114
-0.0355620719
-0.00563731929
-0.00850141607
-0.0135053638
0.00156611833
-0.0268964563
-0.0122418394
0.0185611062
-0.0253565386
-0.0707284808
0.0390850194
-0.0595119111
-0.0232152231
0.00780721288
-0.110562682
-0.134685665
-0.082089588
-0.0207803324
-0.0908914879
-0.148157284
-0.0892380327
-0.0829084963
-0.171679139
-0.0375198312
0.0146509185
-0.0849623755
-0.0216857214
0.0251615793
-0.0331838317
-0.0244430471
0.00760590099
-0.0192723833
-0.0408102311
-0.0225794129
0.0262997653
-0.0418205969
0.0151704345
-0.0815414786
-0.0309112146
-0.0106519423
0.0531218871
-0.0876882523
-0.0979950726
0.00436464185
-0.0152733987
0.0344173536
0.0276203286
0.00242992328
-0.0952190906
-0.0230369419
-0.0773043111
-0.0495279469
-0.0510374159
-0.0491894595
-0.0488921925
-0.0163949728
-0.0230715424
-0.0154082617
-0.0320572965
-0.0354106762
0.0166362897
-0.0374669805
0.0166367535
0.00630116183
-0.0648661256
-0.00887532812
-0.0184780732
0.0167740956
0.0189853236
-0.0673758164
-0.0750378743
0.00832492858
-0.0067258724
-0.00960549805
0.0113528157
-0.0851367936
-0.0080939997
0.0139759146
0.019257633
-0.0532588102
-0.00579252653
-0.0102398898
-0.021349607
-0.0734580308
0.0174835287
0.00857930258
-0.0249396227
0.00729595032
-0.036395587
0.0190417711
-0.0338771194
-0.00870676991
0.0475225896
0.0184450205
0.0191514473
-0.0206276793
0.00287393271
0.0238282029
0.0378441326
-0.0579777621
-0.0214665011
-0.0888144597
-0.0936059356
-0.00927531719
0.0433262624
-0.0198511072
-0.0120527549
-0.0277690012
-0.0390711948
0.0425118208
-0.00425544009
-0.0591212735
0.00810833089
0.0281826127
-0.00085514097
7.91989441e-05
-0.0575247854
-0.00412673084
-0.0295889769
-0.0118061369
0.000456894631
0.00559403794
-0.0151729528
0.0448500328
-0.00773318764
-0.0275184792
-0.140943125
-0.160600886
-0.0663049817
-0.166895226
-0.0779163241
-0.0601270609
-0.00945875421
0.103489742
-0.0267479327
0.0421608314
0.0216844305
0.103497908
0.109833576
0.0351354368
0.0268621724
0.0180940367
0.0148401028
0.0194944907
-0.00189540256
0.000700443634
-0.019740643
-0.0282839406
-0.0374122374
-0.00442371191
-0.0781796947
0.0673967302
-0.0436059982
-0.084600471
-0.176710516
-0.069226481
-0.0452263206
-0.123329416
-0.018173486
0.00505499635
-0.115169168
0.0369981714
0.070063509
0.0858875662
0.0180504471
0.122571103
0.157064065
0.016955452
0.00678326283
0.0223458763
-0.0173736699
-0.0265902281
-0.0353093743
-0.0439424478
-0.079922393
-0.0284489058
-0.0497483909
-0.0205723699
-0.0251704659
-0.0062963469
-0.0465628318
-0.0927210376
-0.0444696732
0.116344914
0.0359839909
-0.00417913916
-0.019302085
-0.0610329956
0.0122378953
0.0825953409
0.032554172
0.00888842624
0.0720528886
0.139097854
0.132271409
0.0553739071
0.0341774039
0.0336212926
0.0128306346
0.0240188017
0.0271695461
-0.0460493714
-0.0590215288
-0.0445570871
-0.0258714426
-0.0947257504
-0.0796574131
-0.0429360308
-0.0175347477
0.111426413
0.0727563575
0.174948871
0.105391532
-0.00998814963
-0.0142416963
-0.0327027179
0.0589591153
-0.052118104
-0.044072289
0.0487318225
0.0131484559
0.0258229654
0.088602975
0.04144907
0.0144739356
-0.00883197691
0.0135059059
-0.0173784513
-0.0236661267
0.0251801927
-9.21174142e-05
-0.0499619506
-0.0371596441
0.00104872731
0.0421761721
0.0512980148
0.0648583099
0.0760109052
0.0714314058
0.208456501
0.13567704
-0.041930519
0.115160652
-0.0547690019
-0.0313711539
-0.00384333823
-0.030449491
-0.0349519253
-0.0249487255
0.0190107673
0.109671071
0.101124577
0.0127899321
0.00706460048
0.0217115767
-0.00830024388
-0.0114687299
0.0545085147
0.00948141236
0.00901406165
0.0134830363
-0.028627865
0.00775038544
0.0837239996
0.151012361
0.179067999
0.0977150351
0.150785416
0.0867428705
0.0213994663
0.0813795701
-0.00779557554
-0.0290952139
0.0142810931
-0.0374370888
0.0211756229
0.03281321
0.0767149255
0.136455581
0.147940338
0.0276580937
-0.0060892608
-0.00321150944
0.0238516331
1.39452141e-05
0.0436754897
0.00748696411
-0.00395696703
-0.00577214174
0.0624956861
0.137482882
0.0793356225
0.0965118259
0.127645001
0.118743762
0.0729207098
0.0293663517
0.00255844579
0.0402541719
-0.0171922855
-0.00552061852
0.0455252454
-0.0299422108
0.0315390714
0.0677079484
0.085292846
0.0643188581
0.132471338
0.000751972606
-0.00951635931
0.0267907046
0.0147147691
0.0296905767
-0.00351586635
0.0118248733
0.0375040546
0.120851278
0.119684488
0.0991745815
0.113229088
0.102126606
0.036002107
0.145782575
0.11638891
0.0795021206
-0.0159432795
0.0192400292
0.0240639672
0.0185915697
0.0114913797
0.0285218302
0.0287067052
0.0909876972
0.143709287
0.113386512
0.0382350385
0.0210228302
0.0304051433
-0.0297199134
-0.0320042595
0.0175816361
-0.00167954864
0.0509737469
0.111367211
0.139599174
0.103428327
0.112846509
0.132489845
0.18627809
0.100069441
0.0933792144
0.137067065
0.0763853416
0.103588097
0.0573894046
0.128563702
0.112221949
0.00374858896
0.0585754775
0.083329618
0.209592581
0.196671635
0.0623108558
0.0266932733
-0.020169463
0.0213687345
-0.0222218856
0.016111888
0.0302095562
0.0505564921
0.0959928632
0.121408254
0.141666532
0.20057863
0.102663137
0.145904198
0.185876757
0.148673087
0.128948331
0.0892105326
0.0979743898
0.129323289
0.0914874524
0.0974355042
0.129029512
0.0265701953
0.172609448
0.186237246
0.131306529
0.141367748
0.05777454
0.0278797559
0.0288004205
-0.025385676
0.0105935559
-0.00860889815
-0.0095439991
0.0460218415
0.0350436121
0.0439130589
0.0758784637
0.158940628
0.111493543
0.150057107
0.0737712607
0.13647218
0.101810127
0.192602634
0.175896838
0.116829216
0.0522481091
0.150150925
0.0988788679
0.141360596
0.0773929656
0.0551307797
0.176417693
0.122668356
0.0181049556
0.034306135
-0.00598355988
-0.0177777018
-0.0126416702
-0.0262354277
-0.00964950118
0.0396088324
0.0639888942
0.0105409482
0.0478949621
0.0334610753
0.0738673583
0.0400871597
0.0877429619
0.116955869
0.104829133
0.124558777
0.0558280647
0.0514348932
0.0296998844
0.00958442874
0.0584753491
0.0164401401
0.0718749166
0.0922375992
0.104638033
0.0612751581
0.00698034558
-0.0204310063
-0.00173365581
-0.0201770943
0.0106939934
0.0196413659
-0.0209879279
0.0504897982
-0.0234280229
-0.0436967053
-0.0996399969
-0.0427244157
0.0555998534
0.0544150397
-0.0247322712
0.0317873061
0.014258964
0.105248816
-0.0102322688
-0.00230585597
-0.00851101894
-0.0563939773
-0.000580821303
0.0584798679
0.0580600724
0.0812380537
0.095504418
0.0843458176
0.00453334954
-0.0304205883
0.0245098714
0.0194453746
0.0326418392
-0.0314573012
0.0150848832
-0.00112499075
-0.0170596018
-0.165528625
-0.135791466
-0.105218478
-0.0638092682
-0.0116906436
-0.060795296
-0.0571648739
0.0370863453
0.0114203822
0.0506327674
-0.00170166686
0.0685399771
-0.039094422
0.0275834948
0.028098302
-0.0340646617
-0.0190743394
0.0502496175
0.00225017616
0.0514801145
0.00107946445
0.00535523333
0.00803535059
-0.0212992337
0.0238006711
0.0185037442
0.0207022596
-0.0475964211
-0.0434048846
-0.0249122344
-0.0662387908
-0.0741928071
-0.114391819
-0.0252897833
-0.103445388
-0.0811165795
-0.0295922868
-0.0634743273
-0.0505011342
-0.0256741941
0.00768511789
-0.0469039828
-0.0690459982
-0.0339506641
-0.040355999
-0.0501994789
-0.00228179106
0.0329104215
-0.0185309406
-0.0179765597
0.0110885426
0.00796011835
4.88869846e-05
-0.0354878493
-0.0157393385
0.0100146132
-0.000541333167
0.000341897423
-0.0145008871
-0.0610740632
-0.016035853
-0.00691266777
0.0180865005
-0.0306790527
-0.00926962402
-0.0353754126
-0.0611198358
-0.0714804977
-0.0248873606
-0.0638446212
-0.0703873858
-0.000196922687
-0.0308023132
0.0147082489
0.0102570951
-0.0137420064
0.0216463264
-0.0261367597
0.00521752983
-0.0232458338
0.0215764642
-0.00723558478
0.0343962573
0.026312856
-0.0353507213
-0.00116653612
0.0124266576
0.0044626845
-0.0350287259
-0.0165586695
0.0353733562
0.0244255234
0.0236647036
-0.0145804128
0.024380656
-0.0299196541
0.00713205757
-0.0347236469
0.0291299298
-0.00488371681
0.019705683
-0.0382498428
-0.00552804675
0.0244136192
0.034010198
-0.0335420966
-0.0277354307
0.105747871
784
0.0143139623
0.00333860889
-0.0308443531
0.0275405534
0.0169038773
0.0320592858
0.0346331932
0.00865285844
2.17743218e-05
0.00878546387
0.0144763887
0.0189436004
0.0279675163
0.00553025398
0.00943630096
0.00253050355
-0.0153810903
-0.00998020358
-0.0230096951
-0.00963311456
0.0248537697
0.00305044651
-0.0168594848
-0.000195723027
-0.00377831236
-0.00210333243
0.00644838437
0.020842474
0.0137213059
-0.0289007481
-0.020556001
0.0153104402
-0.0345446877
-0.0219689999
-0.0124161709
-0.035155274
-0.017467849
-0.000820009736
0.0288633052
0.0132644009
0.0170689858
0.0279225186
0.0267357081
0.000769584265
-0.000558341388
-0.0353085697
0.0248709489
-0.0167074334
-0.00309683522
0.00844257604
-0.018560499
0.00911948085
0.0208926797
0.000424288213
-0.0118364766
-0.00705522671
-0.00576546043
0.0285078175
-0.0119626168
0.0215270855
0.0268532448
0.0175496172
0.03080515
-0.0213664323
0.00291589228
-0.0175587945
-0.0227358676
0.0280109737
0.0249249116
-0.0259947386
-0.00429766532
0.00430390239
-0.0359880142
-0.0190159753
0.00480480026
0.0322924219
-0.0182716753
0.0428665206
-0.0105319852
0.0080632614
0.0244511794
-0.0276371706
-0.000578653067
-0.0111724511
0.0103403777
0.00497475266
-0.0322820619
0.010494072
-0.0253038593
-0.000619204191
0.0307823718
-0.0109297708
0.0161171872
-0.0417433605
0.0574831329
0.0658911914
0.0495254174
0.0330717713
0.119196683
0.0104731591
0.00502447225
0.0530240126
0.0292972662
-0.0040990673
0.0580064394
0.00819809735
0.0283650998
-0.0243998114
0.0123106837
0.0159120429
0.00339061953
-0.00678919442
-0.0345763564
0.0180846378
0.0115060797
-0.00246311561
0.0368944146
0.0505338833
0.0450531244
0.0742419809
0.0296593942
0.0771594569
0.0803170577
0.0344782621
0.0442169011
0.0367390662
-0.0103607932
0.0013898653
-0.0266853701
-0.00749943871
0.00710111065
-0.00189463946
0.0244650394
-0.0283174422
0.0207524728
0.00196533697
-0.0294212326
-0.0294721499
-0.000252198166
0.0127276387
-0.0319465175
0.00348547846
0.00910511147
0.0164512601
0.01428473
0.0597360097
0.0529688783
0.0565968305
0.0890187249
0.0337476283
0.0522533655
0.0503274426
0.00527565274
-0.0784220994
-0.0606700517
-0.0389880314
-0.0169035047
-0.0282423962
-0.0283776764
0.0394434072
-0.054584235
-0.0686421469
-0.0538647063
0.00170830835
-0.0131834922
0.0292999372
0.00724568497
0.0089469878
0.0161609091
-0.0264212228
-0.00266995886
0.0012456174
0.0657461882
0.0727186576
0.0868279338
0.0544654317
0.0413013585
0.0492620654
-0.00845770258
-0.0305188596
-0.0904724821
-0.0190415643
-0.039376758
0.0598557889
0.0152416397
0.0173930787
-0.00529163284
-0.0367205292
-0.0382797085
-0.0607645735
-0.0596940629
-0.0563921072
-0.0326673463
0.0236671921
-0.0313059203
0.00458702538
0.0322205797
-0.0289149191
0.0297207646
0.0171982218
0.0332630128
0.0347485915
0.0240635462
0.0320985243
-0.0397073068
0.0124304956
-0.032976374
-0.0270697381
0.0341045484
0.0083843153
0.0626458451
0.0599683933
0.00945571344
0.0539303087
-0.00433149375
-0.0189136285
-0.0281237382
-0.103656285
-0.0514147691
-0.0467181988
-0.0419252552
-0.00365607953
-0.015383319
0.0319335945
0.0165627636
0.0147935012
0.00608910155
-0.0292864293
0.0126868673
0.00941735599
-0.0248056687
0.0421545617
0.0396032892
0.0189241581
-0.00961837079
-0.0240073539
-0.00457521994
0.0621748157
0.02344005
0.101610854
0.0878253877
0.0298494697
0.0397287384
0.00354172778
0.00648117857
-0.00852132868
-0.049045451
-0.104148909
-0.0898951963
-0.0383096822
0.00434053736
-0.0269181002
-0.0277286619
-0.0211514551
-0.00683325157
-0.0108139953
0.0501623787
0.025954783
-0.0283868238
0.0161007307
0.0166835748
0.0267075058
-0.0276258532
-0.0588238537
0.0415569022
0.0072692968
0.0644060448
0.0132348584
0.0877988636
0.0533421934
0.0208036602
0.0423094667
0.120739795
0.0656315312
-0.00962294079
-0.0389854759
-0.0553529374
-0.0457155555
0.0216044262
0.00757102994
0.0333399922
0.0308350902
0.0332160071
-0.00579935918
0.00480450783
0.0129088601
-0.0348661207
-0.0360872932
-0.0697167665
-0.0733847693
-0.0801958367
-0.0832385421
-0.0575135835
-0.0625499561
-0.0767207742
-0.0291209072
0.0286354516
0.0237213951
0.0296275634
0.0168082416
0.066657193
0.00915561058
-0.0127918934
-0.0728744939
-0.0790177211
-0.0323562846
-0.0294322222
-0.0361266024
0.00827834103
-0.0258777924
0.0204233434
0.0383775122
-0.0115466528
-0.0889071152
-0.0587357581
-0.0913035423
-0.031974759
-0.0434354246
-0.0452738404
-0.0256892573
-0.0200951975
-0.0410273485
-0.0631785765
-0.0277580433
0.047968138
0.091930978
0.0338502191
0.0230216309
0.0336561874
-0.0476871841
0.0202554911
-0.0725125745
-0.104914695
-0.0177337695
0.0151020233
-0.00736661861
-0.00737694185
-0.00621610973
0.0317162648
-0.0327957571
-0.00136461062
-0.0179012343
-0.0403093956
-0.0107815508
-0.0893583521
-0.0817231461
0.0677006468
0.100497879
0.0307051428
0.0278598107
-0.0024575803
0.0449296124
0.066421099
0.0688026696
0.0485657714
0.00177368044
-0.0489571504
0.0034166174
0.011178894
0.0135481479
-0.0462112166
-0.00232768408
-0.00840562396
-0.00816349499
-0.0315988101
0.000897076156
-0.0300986487
0.0197721049
0.0102260532
0.0310372226
0.0124868359
-0.057774689
-0.0307411291
-0.00576087646
0.0683991387
0.0358560011
-0.0425623767
0.00753957778
-0.02029269
0.0261931922
0.00651350431
0.0394787975
0.0483706445
-0.00836713798
-0.021804126
-0.0131573668
0.033564873
0.0147299794
-0.0044570514
-0.0109460261
-0.034998361
0.010489881
0.00747635728
0.00494258618
-0.0340533629
-0.0308483839
0.0161676742
0.0652110428
0.0044682771
0.0285339225
0.0228609946
0.0797621831
0.00283994852
0.0103154592
-0.0187866576
-0.00664466992
-0.0190907083
0.0177592095
-0.015722964
0.0417885967
0.0693456978
0.0450849198
-0.00131716125
0.0727930591
0.0576150827
0.0572310314
-0.0252800193
-0.0264538173
-0.030557761
0.0147959329
-0.0156226605
-0.0108833518
0.0310316309
-0.0119824484
0.0546686463
0.0321671925
0.060366489
0.0381579399
0.0382141359
0.0334575623
0.075075686
0.038648665
-0.0185991824
0.0294737499
-0.00936809741
-0.0225618854
-0.0903513134
0.0510094911
0.06880714
0.0825029984
0.112001322
0.118743531
0.130117968
0.0868038237
0.0214179158
-0.0443806127
-0.0486770086
-0.00176049047
-0.00384170865
-0.0232382901
-0.0145115806
-0.0163295344
0.0482984856
0.0166743677
0.0366448909
0.0787851661
0.0610943399
0.0154737765
0.0538512506
0.0636897683
0.0524988733
0.0474615768
-0.00537509145
-0.056225501
-0.133405581
-0.0113175726
0.118024558
0.170375049
0.149517149
0.108373158
0.11515139
0.0798915178
-0.0350841656
-0.0312060304
0.00891347602
-0.00911865663
0.017852895
-0.0175846852
-0.0178482216
0.016360864
0.0124669364
0.0177316405
-0.0428736284
0.0152599346
0.0134814717
0.014960249
0.00734633021
0.0602162071
0.0899573937
0.00163444935
-0.12093737
-0.130963385
-0.0599560067
0.0810177997
0.10870754
0.119952299
0.0486929826
0.0893955678
0.0925296694
0.0383452959
-0.0737743229
-0.0417981222
0.00896746386
0.0158239752
-0.030658884
-0.0292620324
0.0326289833
0.0627410188
0.0367677175
-0.0195525959
-0.0314439349
-0.0612664558
-0.0265949257
-0.0567783527
0.0221896451
0.0763880238
0.034127377
-0.0336442254
-0.100795761
-0.0400526486
0.0431120023
0.0476485603
0.114387162
0.0936696976
0.0650581494
0.050074704
-0.00210514851
-0.0242456719
-0.0789123327
-0.0778627917
0.0115820747
-0.0141402464
-0.0354531296
-0.00983699504
0.0063012247
0.0529521331
0.0209958591
0.0484605469
-0.0184905659
-0.0807006136
-0.0580817387
-0.0567565784
-0.00872943271
-0.0460563749
-0.0347583294
-0.133719042
-0.0608170964
-0.0164975338
0.0516565368
0.0448089354
0.0482171029
0.0822922438
0.0325570405
0.0633985624
-0.0366710648
-0.11924921
-0.0684039369
-0.0191846043
0.00499598449
0.0322978981
0.0221129283
0.00994334649
0.0230716448
-0.0136072729
-0.0307726488
-0.050821092
-0.0181766097
-0.0566514544
-0.0722908899
-0.0742277205
-0.0508394428
-0.096034117
-0.119931959
-0.0301068481
0.0367676765
0.0447562672
0.0355033278
0.0871324241
0.0723291039
0.0762248933
0.102470845
0.00210932223
-0.0686133057
-0.0964198411
-0.0559836701
-0.0335625522
0.00539276469
-0.0290398095
9.46935052e-06
0.0128634889
-0.0325745754
0.0124974884
-0.0416628718
-0.100075275
-0.102230795
-0.0202679094
-0.0554456599
-0.1224095
-0.100954071
-0.0731679425
-0.0337358117
0.0182098635
0.0443601161
0.110156707
0.107193083
0.0711213574
0.0656847954
0.0540355146
-0.037052542
-0.0596617386
-0.0870023221
-0.0702501982
-0.0929854214
-0.0112194251
-0.0173077956
0.0187906809
0.0277358182
0.00737310853
0.000427883613
0.0218603797
0.000198709153
-0.0901798904
-0.0453494526
-0.0894390568
-0.124764048
-0.113965586
-0.0398817584
0.000517615932
0.00135785737
0.0349599645
0.0411156006
0.123549268
0.12831974
0.0838268548
0.00818670448
0.00293847569
-0.0582854338
-0.0417870618
-0.0211813208
-0.0894723162
-0.0414904132
-0.030498378
0.0137645677
0.000676621974
0.012195535
-0.0296400171
-0.0136514213
0.0144665362
0.0141619518
-0.034694761
0.0209996104
0.031579718
-0.0135241859
-0.0426364057
-0.0092577599
0.036776524
-0.0773596689
0.0511391088
0.0701973066
0.0256427452
0.0121690519
0.0109333219
0.0575269386
-0.00213503931
-0.0189726129
0.00148944766
-0.00305203325
-0.0111280475
-0.0349632688
0.0260480978
-0.00822388195
-0.0322475694
0.0151283108
-0.0241735373
0.00327387801
0.0392460227
0.0199160837
0.0813252404
0.118853197
0.131911203
0.0419372804
0.0342499129
0.0703197643
0.0673378706
0.0139053436
0.0646805093
0.0676715672
0.0350429863
0.0417598821
0.0220895968
-0.0619778596
-0.0712481737
0.010395187
-0.0212556329
-0.0268471073
-0.0179754701
0.0130857946
-0.00581654953
-0.0251307767
0.0165711679
0.0116498768
0.0137872621
0.00838323869
0.00785285886
0.044576291
0.0122136418
0.0164642986
0.0319275074
0.0963876471
0.0995938331
0.129254654
0.0811178386
0.0778051391
0.0715748519
0.0185009614
-0.025291916
0.0161409751
-0.0204680357
-0.0519733615
0.00338038174
-0.036752224
-0.00931249745
0.0105408607
-0.00133171538
-0.0145901646
0.00726758735
0.0234712567
0.0326848067
-0.0235899482
0.0237475373
-0.0180154163
0.000724238518
0.000898512022
-0.0221099202
-0.0223649126
-0.0122464104
0.022968974
0.0519208796
0.0607263111
-0.0132160233
0.015923053
-0.0112149585
-0.00486955186
0.015566431
-0.00976751372
0.0270354226
0.0142759727
-0.0360873714
0.0254467875
-0.00986500364
-0.0230166595
-0.00203941786
0.0349330604
0.0208396707
-0.0129857175
0.0347787999
0.0273133032
-0.0166964345
0.0258999616
0.0148847476
0.0251543932
0.00109781057
-0.0152810169
0.0329089463
0.0109453872
-0.00292248558
-0.0290965885
0.0065786601
0.0193420332
-0.032264106
0.0212104563
0.0247098673
0.0120161856
0.00146934134
0.0268889815
0.0139636975
0.0207269304
0.00935087539
-0.0127232606
-0.0153492503
-0.0047439225
-0.0168363042
0.0322737359
-0.00389468297
0.0594358295
784
0.0273157991
0.025169611
0.0256493725
0.0176122151
0.00849342346
0.0347000919
-0.00994186848
-0.021547012
0.00223610923
0.0108701251
-0.0201065782
-0.00266946107
-0.00844867341
0.0283104107
0.0336937644
0.010374235
-0.0031190291
0.00707579404
-0.00568387285
-0.0288563259
0.0117598139
0.00431322306
-0.00765909255
-0.0120729767
0.0180794112
0.00349206105
-0.0232203938
0.0205791555
0.0166894346
-0.000696066767
0.0155130811
0.0140291043
0.00142562832
0.034717828
0.010758332
-0.016519716
0.0345774665
-0.00266986387
0.0338140316
0.0322475359
-0.0356003419
-0.0101450328
-0.0313335396
0.0181547981
-0.0178449582
-0.0112132095
-0.0277542211
-0.0233912021
0.0136798741
-0.0231307093
0.0247170236
0.0323793516
-0.0256720502
0.0298731737
0.00693328679
0.0277485512
0.0127753206
0.00049880147
0.0262294114
-0.0194638297
-0.00559033221
0.0281566028
-0.0214797854
-0.0179815106
0.0275168158
-0.00623846613
0.0133705614
0.00681491382
-0.0450632423
-0.0407434516
-0.0209619515
-0.00735238846
-0.00183627452
-0.0353761911
-0.0461147353
-0.0170300603
0.0221773069
-0.00316739129
-0.0394263603
-0.00859127752
-0.0117704952
-0.0208215043
0.0111834593
0.031791579
0.0353172384
0.00534277037
0.0102723939
-0.00169836241
-0.0313355736
0.0264292341
0.0343760885
-0.00329131028
-0.0302940793
0.0161697119
-0.0253631715
0.0272376165
0.00524485717
-0.00753201311
0.0184830856
0.0558049865
0.0521870553
0.0545136109
0.0615679175
0.0309426151
0.0480714738
-0.0192421395
-0.0274196863
0.0255098902
0.0250624213
0.0242572483
0.0259011481
0.00566018373
-0.0121427588
-0.0118980557
0.0213485714
-0.0174256712
0.0138033228
-0.0155363036
0.0394700468
-0.00731362728
0.00227176282
0.00849503372
0.00542401848
0.0633025691
0.0645568445
0.0179605223
0.0392464846
0.090564318
0.0246379003
0.00636778399
0.0683356375
0.0550734513
0.0644193143
-0.00372837903
0.0095782727
-0.0292411409
-0.0224774964
0.0340411514
0.0165543985
0.0261196606
0.00613968074
-0.0247203317
0.0254759882
-0.021156203
0.00274852151
0.0104766907
-0.00553619163
-0.00780275883
-0.0367426164
-0.0314183459
-0.0265817735
0.0260527842
-0.0379842035
-0.0203002673
-0.0596886538
0.00962326489
-0.0339476429
-0.00832150038
-0.00971167814
0.00413660193
-0.00989194587
-0.0603083782
-0.0328076482
-0.074841544
-0.0477194078
-0.0265341327
-0.0211176351
0.00205410412
0.0336523019
0.0227494538
0.0291736815
0.0277835391
-0.0109871356
-0.0170241147
0.00606266176
-0.0244213622
0.00624555675
0.0288431067
0.0264515877
0.0639552549
-0.0489649996
-0.0285288636
-0.0572888218
-0.110056289
-0.126176432
-0.0196192879
0.0204406492
-0.0527056605
-0.0534375571
-0.0376362689
-0.0487172678
-0.0764484778
-0.0050545102
-0.0235939231
-0.01879251
-0.0314056128
0.00184524839
0.024430804
-0.0197989717
0.0343145467
-0.0312628001
-0.0165643338
-0.0239368882
0.0110886861
0.00462562591
0.0130986143
0.0326932296
-0.0483128391
0.039710395
0.0382991508
0.0128163788
-0.0478483066
-0.0811420605
-0.0836732313
-0.10981907
-0.0322288089
0.00191260781
-0.0713868961
-0.0170653984
-0.00465086382
0.0109268716
-0.0189085081
-0.0350028835
0.0269316118
-0.00175618101
-0.0041432986
-0.0201776717
-0.00452132663
-0.0306612477
-0.000745568657
-0.0219058543
-0.0128463628
0.0394801758
0.00501094945
0.0439487882
0.0754501894
0.121762842
0.13327013
0.0720049888
0.0599573851
0.0472906604
-0.0277697034
0.0331379548
-0.0192006622
-9.17880243e-07
0.0502618179
0.0101043954
0.0326026566
0.0132376691
0.0292102229
0.0102289431
0.0076936991
0.0147831347
0.00779091241
-0.0171109363
0.0342298299
-0.00141345873
0.0234189983
0.0834044218
0.082980454
0.0891864896
0.0382615738
0.136310086
0.124114156
0.15631105
0.164395273
0.163606226
0.108703509
0.0759750828
0.082438916
0.0723602399
0.0419343412
0.0193853267
-0.00412777578
0.081944488
0.0250586141
0.0560889281
0.0526402667
0.0040719877
0.027899012
0.00120133685
-0.0267633591
-0.0288360845
0.0109928837
0.0216565244
0.0302609894
0.0788861439
0.00692805601
0.0609229878
0.0913385227
0.129105985
0.101541862
0.0918502957
0.22558029
0.216092855
0.169321284
0.193798825
0.097614184
0.0949048772
0.0434150659
0.0930225998
0.017767353
0.0911478177
0.0847568288
0.062220417
0.0483123362
0.021236429
-0.0249669198
-0.0011288519
0.0216706712
-0.0176674556
0.0621582828
0.045999188
0.0279541425
0.0326329619
0.0127961338
0.0327502452
0.00343706761
0.0106673613
0.0485939123
0.0590010099
0.161599353
0.261397481
0.177103251
0.117298849
0.115411147
0.043630138
-0.00677845161
0.0531713217
0.0573386066
0.0898837969
0.0660991073
0.0485747941
0.094408907
0.0225734524
0.027068371
-0.0234027877
-0.0349968411
-0.0317684896
0.0268059038
0.072646603
0.064706482
-0.0163010731
-0.000504298834
-0.0813774914
-0.0580549575
-0.127336174
-0.0750899464
-0.117736064
0.0346533395
0.198557168
0.0982348397
0.0479088277
0.0543004572
-0.0105102537
-0.0617655553
0.0167573895
0.00977312215
0.0134981051
0.0380667858
-0.0584158972
0.0404428989
0.0247280169
-0.0133285606
-0.0235427544
0.0277789626
0.00483795069
0.0484215654
0.0388681851
-0.0458918847
-0.0440913662
-0.0460686199
-0.0863765553
-0.137502089
-0.194856524
-0.139557853
-0.0773354545
0.0649694353
0.0677050948
-0.0179517493
0.0667802468
0.03245534
-0.0442818664
0.0175093338
0.021710407
0.0118296621
-0.0706692636
-0.0720478669
-0.0280104205
-0.00422739238
-0.0395100899
0.0115990443
0.0248102304
0.00255470932
0.0242929347
0.0310784113
-0.019226063
-0.0815501437
-0.0497677661
-0.113355361
-0.0895395875
-0.130165815
-0.090935044
-0.0840653554
-0.0855251923
-0.0111390725
-0.0470783412
-0.0155716026
0.01836331
0.0577126779
0.0635104328
0.0192501191
0.00870932918
0.0423110835
-0.0707676336
-0.0669941604
-0.0592443831
0.0035934858
0.00898194592
-0.0061720754
0.0349439085
0.00343798962
0.0182522107
-0.0441099033
-0.0219291672
-0.03084323
0.0157146268
-0.0659205019
-0.060427811
-0.0596450828
-0.0733119994
-0.0573785976
-0.0324266925
-0.0457530729
-0.0596498474
-0.053567145
-0.0123786852
0.056923192
0.0834396183
0.0937445909
0.0759918168
0.0131799029
-0.046777416
-0.0189947374
0.00335654872
-0.0362786949
-0.0105903456
-0.0197299458
0.00580052892
0.00801478233
-0.0331319049
-0.0158664174
0.0269427374
0.0375484489
0.0017229513
-0.0486589074
-0.0124067664
-0.0563832559
-0.0222042743
-0.0284514762
-0.101745315
-0.0495903827
-0.0854500011
-0.0882880092
-0.0410214625
-0.0342494808
0.0860990509
0.0661891997
0.0432736985
-0.0841090307
-0.0238153618
-0.0362675823
-0.0377652645
-0.0818023756
-0.0297670066
-0.026613038
-0.014436679
0.00585469045
0.0168267749
0.00302413292
0.0461577028
0.0555236451
0.0395848714
0.0369765833
0.022592321
-0.0531276688
-0.0445516929
-0.0696846396
-0.0878883004
-0.0987618566
-0.0841157958
-0.0366015173
-0.074586086
0.0368455462
0.0436006747
0.0543039069
-0.00240649702
-0.019038599
-0.0200978573
-0.0187699571
-0.0689363852
-0.0980188549
0.00367808295
0.0337634571
0.00519159343
0.0349712856
-0.0308648925
0.0109705124
0.0407034792
0.0582644232
0.0747551024
0.0653620735
0.0118319793
0.0140453056
0.0575469956
0.0281128958
-0.103408463
-0.0622876659
-0.0133948242
-0.019540824
-0.0966889784
0.0277643669
0.0162504558
0.0497615002
0.0106209656
0.0151043655
0.0425346009
-0.0477227755
-0.0882208273
-0.0332140438
2.33384781e-05
0.0302339923
0.018265849
0.0327484794
0.034210939
0.0124963131
0.0149040418
0.05068326
0.103694782
0.0268024616
0.0440113954
0.0647003353
0.0326978676
-0.0595648997
0.0199395698
0.0147816809
-0.0089943856
-0.0623399951
-0.0564303361
-0.0251711737
-0.00731668854
0.0521388613
0.0311457552
-0.00418624934
0.0259484928
-0.00930832792
-0.0256175455
-0.0279899482
-0.0332164839
0.0124262851
0.0188171118
-0.0259871911
-0.0137043362
0.0166420471
0.00952541456
0.0740997195
0.0982968509
0.0475810394
0.071211949
0.0103127342
0.0116888927
-0.0624201596
-0.0365569629
-0.0074335807
-0.0318437777
-0.0880475193
-0.0514243618
-0.0268685818
-0.0352132432
-0.00666879537
-0.0136646908
-0.0171197336
-0.00456629554
-0.00253759418
-0.0198515505
-0.0305580385
-0.00528560905
0.00192236749
0.0286585763
0.0178788397
-0.032383617
-0.00566619076
0.0183447823
0.0421523675
0.0610412769
0.0431929231
0.0145422751
0.00404479494
-0.0111764101
-0.0416246243
-0.0555399694
-0.0264464151
-0.0669749975
-0.0372456983
-0.0273716506
-0.0696466714
-0.0337920785
-0.0521086678
0.0403904989
-0.0483823232
-0.0664485916
-0.0103845913
-0.0352991223
0.0179062244
0.0273323506
0.0175231509
0.0178196318
-0.00922827702
0.0304118227
0.0182407517
0.0247624572
-0.037761379
-0.0295240842
-0.0523764603
-0.00999662839
-0.0304367542
-0.0650292858
-0.0594754405
-0.0386735164
-0.0617324635
-0.00683439709
0.0399295315
0.0296209753
0.0497051254
0.0119332075
-0.0587916635
-0.00754519599
-0.0924236476
-0.0494802967
0.0151426559
-0.0381244943
-0.00280251727
-0.0095572779
-0.00201400532
0.019353766
-0.00702301413
0.0383699127
-0.0227768533
0.040101219
0.0330464058
0.00769481296
-0.0158826783
-0.0988411754
-0.0982225239
-0.127988711
-0.0762457401
-0.0606655106
0.00123876997
-0.0355011113
0.00729053328
0.0352306478
0.0330637656
-0.0217079241
-0.102382936
-0.0808089525
-0.0631051734
0.0222467594
0.00605426682
-0.00685533881
6.55973854e-05
-0.00761336973
0.019987613
0.00326578692
0.0309403799
0.0169146545
-0.007164123
0.0338051319
0.00326544791
0.0366094075
0.0189750958
0.0282579456
-0.0457554609
0.00807915442
-0.00794670638
0.0179381836
-0.00428926153
-0.00898915343
0.0390385352
0.0321804434
0.00339279301
-0.0176730566
-0.0444700271
0.00357532408
0.0135340802
0.0304371528
0.0490267836
-0.00594651513
-0.0397691503
0.00378342089
-0.0199929923
-0.0222194828
-0.0142626259
0.00250154687
-0.0253103971
0.0134640401
-0.00385734718
0.0463890024
0.0587712638
0.079555735
0.0569728166
0.0718615726
0.103043072
0.101500854
0.0811245814
0.132993445
0.0915213078
0.116532601
0.0723423809
0.0425284542
0.0952145383
0.0423485525
0.0453119427
0.0380092226
0.0475728512
0.0413365401
-0.0234828405
0.0165106282
-0.00214890391
0.026218269
0.0076248683
0.00828185305
-0.0211277585
0.00141103426
0.0423864909
0.0042385282
0.0272111781
0.0163138751
0.0865714252
0.101183608
0.0792546123
0.0577309765
0.0853375196
0.169107243
0.100890517
0.0833356604
0.131444409
0.0814465135
0.082403183
0.0485180318
0.0296331197
0.0459635518
-0.0101310061
-0.025634462
-0.00472167414
-0.0344946459
0.0342097096
0.0339638256
-0.027131822
-0.00452882238
0.0269296281
0.0348597579
0.0195779856
0.0113979904
0.0347558223
0.00784226786
0.0351558886
0.0194670595
-0.0155966496
-0.00143796892
-0.00286547747
0.048047144
-0.00713115465
0.0220050309
0.031026572
-0.0194930434
0.00894356146
0.0127396351
-0.0323763192
0.0300904959
0.00284601981
-0.0344488993
0.0173568167
0.00176561251
0.0317769982
-0.0164422374
784
0.00422339514
-0.0174014997
0.0329928957
0.011517942
0.0106434226
0.0268897153
0.00686589628
-0.0334108733
0.0348956175
-0.00938494503
-0.0184796937
-0.0167600717
0.0277863964
-0.00318790902
0.00822085608
-0.0303834341
-0.0197600089
-0.0350224636
0.0203558728
-0.0217152461
0.0318626873
0.0162427686
-0.00777014345
-0.0213665739
0.0348798446
0.011309471
0.00685057789
-0.00515394844
0.0204543173
-0.0100074913
0.0184019655
-0.00391158834
-0.0277446248
-0.018186789
-0.022499999
0.023698356
-0.025206659
0.011357883
0.0108251618
-0.00513583096
0.0283211358
-0.0225344356
-0.0294895638
-0.0317300782
0.0140871396
-0.0261023548
0.0122813741
0.0308458079
-0.0100115128
0.00158553221
0.0322627686
0.0120331729
-0.0235162117
-0.0226567052
-0.00552706607
0.0351644568
0.00895691663
-0.0325209163
-0.00756379962
0.018091131
-0.0137961768
0.00839550886
-0.0267490819
0.0264747068
0.019787455
0.0210558642
-0.00627785595
-0.0214535277
0.0228270516
-0.0152408723
0.0442992784
0.00182651985
0.0406940915
-0.00469785742
-0.0277680364
-0.00454263389
-0.0299750622
0.0312263183
0.0311110951
0.013287724
-0.0314511284
0.00488912314
0.0286391713
-0.0185667388
0.0202600807
0.0111358725
0.0177534427
0.0212419704
0.0156230861
0.0319091119
0.00719929999
-0.0136461183
0.0273596942
-0.00918251835
-0.022091765
-0.010435625
-0.038171649
-0.0365726538
0.00845415518
0.0192322284
-0.0327741168
-0.00767321698
-0.0262008589
-0.00376593298
-0.000227179451
-0.0294180233
-0.0336697251
0.0199471023
-0.0197431128
-0.0239278544
-0.0174414162
0.00523501635
-0.0150838681
-0.0145335635
0.023379758
-0.0254017245
0.025612751
-0.0123241572
0.0108524794
-0.0195268989
0.0312417224
-0.0112010799
0.00287094014
-0.0247924849
-0.0355099067
-0.00588409556
0.0395077728
0.0191934314
0.0481065772
0.0405229144
0.00923689175
0.00842396636
0.0483152233
0.0190610997
-0.0206697304
-0.0144345742
0.0102599747
0.00984590873
-0.0139794368
0.0166251287
-0.010067286
0.0133972056
0.023946248
-0.0184811857
0.00876282435
0.00770478137
-0.0172234122
0.0133318687
0.0262808669
0.0234048925
-0.00464686193
0.011648546
0.00455730734
0.0375102349
-0.0336039998
-0.00885438267
0.0321904495
0.0453373045
0.0484104268
0.0746026859
0.00488818577
0.0140688345
0.0331519097
0.0133214584
-0.00254525058
-0.0465312749
-0.000760620984
-0.0171442963
0.0053158924
-0.0129497983
-0.00608083745
0.00640960597
0.019776769
0.0109115448
0.0204346031
0.0574944466
0.107747465
0.0829157755
0.0877410099
0.038148921
0.0911701173
-0.0516441427
-0.0760713592
-0.0613232478
-0.055864092
0.0235820953
0.00961508043
0.0754024908
0.0583515801
0.0198274776
0.0333288088
0.00210350798
-0.0347003192
-0.0148644019
-0.0355403274
-0.00247115176
0.0243359581
0.0355207883
0.0361060984
0.00660265377
0.0608888343
0.00946253538
0.0707815439
0.0481999516
0.0848983824
0.123322561
0.0603703931
0.0679592937
0.0821247697
0.0329618007
-0.00785982609
-0.0430049933
0.0132077383
0.0217375793
0.0534503274
0.062203154
0.0432177745
0.0233861543
0.0144946007
-0.00129301555
-0.0535202101
-0.0305175148
0.00193450833
0.0141543755
-0.0222659744
-0.0274765063
-0.0015432412
0.00164303207
0.0285549909
0.0179048143
0.0333354287
0.0815753564
0.0640704706
0.0713339299
0.113647342
0.0876365602
0.115632944
0.0886328444
0.0975025296
0.0647998154
0.0797960684
0.0379127674
0.0680018887
0.0840264857
0.0217469577
0.0399022996
0.0494807661
0.0155034484
-0.040907871
-0.0095259808
0.00182453066
0.0169633273
-0.0090296166
0.018671494
0.0282948427
0.0327812657
-0.00718706474
0.0650439411
0.0530246682
0.0139664719
0.00241893204
0.0520844571
0.0345559381
0.0963087827
0.12765713
0.0554026216
-0.082009241
-0.0902467519
0.0204359014
0.0658467337
0.0697413087
0.0657075793
0.0323356465
0.00815472938
0.0928457305
0.0139195714
-0.0377363153
-0.00668652449
0.0164363179
0.0332685746
0.0250104163
0.018105818
-0.0020469171
0.0217378996
0.0183950514
0.0711291954
0.0403062142
0.0248605516
0.0353315957
0.0467784069
0.0587427691
0.0326854102
-0.0105638951
-0.0676993132
-0.228646114
-0.134071007
-0.0253542196
0.0730175674
0.0489403196
0.0316646397
-0.00402102014
-0.0100851497
0.00946338754
0.00504811667
0.00936802849
0.00748429541
-0.000994790578
0.0069730347
0.0245843157
-0.0323290676
-0.0332401693
-0.0328869261
0.0176324248
-0.00698168855
0.0293975528
0.00603627833
0.0228887592
0.0493796803
0.0153771117
-0.00139382086
-0.143195704
-0.248780623
-0.321203887
-0.153093964
-0.0417854637
0.0549417995
0.0323653743
0.00811576378
-0.047797177
0.00309498189
-0.0283131897
-0.0086221518
0.000689545181
-0.00482559949
-0.00586919906
-0.0307292473
0.0152070401
0.0329071097
-0.0126713468
-0.0177854132
-0.0433928072
-0.0235437304
0.0151991993
0.0464559309
8.34286184e-05
0.0138801653
-0.0459090136
-0.1346412
-0.208318785
-0.333915949
-0.264585555
-0.0907634869
0.0409675539
0.0881965533
-0.0119794039
-0.071772784
-0.0785243288
-0.0409210399
-0.0886638239
-0.0261476506
0.0261152014
-0.0163115989
-0.00290928409
-0.00604540575
0.01448863
0.0106415162
-0.0238641165
0.0255055465
-0.0519261658
-0.0469134711
-0.00777102262
-0.0605180711
-0.0155289043
-0.00409484981
-0.108461075
-0.184279561
-0.236193016
-0.169500723
-0.154750422
-0.125286251
0.0150112361
0.00048758302
-0.0712304115
-0.132112548
-0.0654748678
-0.0962180346
-0.0725548416
-0.0438970774
-0.0357148722
0.00566863874
-0.00261186529
-0.0291194804
-0.000210327009
0.0336904116
0.0149764922
-0.00125341804
-0.0173497126
-0.0307842903
-0.0317539275
-0.0382010713
-0.101681404
-0.114989974
-0.121066496
-0.177617073
-0.171100214
-0.17089349
-0.192167252
-0.0632711425
-0.0243089925
0.00794099085
-0.0340432376
-0.0957517922
-0.101159334
-0.0532073379
-0.0664554834
-0.068304114
-0.0388584398
-0.025593508
0.0196712632
-0.0143895391
0.0121568525
0.0166495554
-0.0310943257
-0.0174409784
-0.0504751951
-0.0808187798
-0.111385755
-0.0936449096
-0.116934404
-0.138042077
-0.113070473
-0.160033986
-0.137967885
-0.129114956
-0.0764067173
-0.04582664
-0.0632168427
-0.0446464419
-0.0885444656
-0.14604494
-0.0941088349
-0.0551680289
-0.0625685677
-0.0476849116
0.00744034117
0.0176464804
0.0347564258
-0.00353208929
-0.00670420891
-0.0334221683
0.0314513594
-0.0395291969
-0.077106446
-0.0695299432
-0.0930658653
-0.125617296
-0.132113859
-0.130020544
-0.107686073
-0.0889085159
-0.0730787963
-0.0509192944
-0.0614955872
-0.00862552971
-0.0232550483
0.019234255
-0.0459906012
-0.07588429
-0.0459968746
-0.0434724428
-0.0698059127
-0.0551249161
0.0223079864
0.0046912306
-0.0273154452
-0.00586273568
0.00721221045
0.00117777847
-0.0229208674
-0.00127883628
-0.0717250332
-0.0652268305
-0.101270176
-0.13665469
-0.122212566
-0.0733923987
0.00821898039
0.00187839509
-0.0257142261
-0.0415153615
-0.0513760336
0.0313848704
-0.0160464421
-0.0359605551
-0.0139806867
-0.0276435241
-0.0522851236
-0.0672837794
-0.088754341
0.00116181572
0.012220785
-0.0103950091
-0.0128546674
0.0034031996
-0.012664495
0.0242775287
-0.0333127603
-0.010856376
-0.0541607104
-0.068082422
-0.0965150073
-0.0584523417
-0.0392593145
-0.0313193686
0.0107407272
-0.00527176121
0.0203644447
0.00190691883
-0.00915299822
0.00843671896
-0.0343597345
0.020397028
-0.0117828799
0.0118370876
-0.0654461831
-0.0783787593
-0.0484702922
-0.0341792814
-0.00989125203
0.00453377748
-0.0196790304
0.0105109848
-0.0253156498
0.0351161323
-0.0134993484
-0.0153909586
-0.00455013243
-0.0715534538
-0.035556566
-0.0323778577
-0.0372865461
-0.0310732909
-0.0123943789
0.0545875691
0.010457159
0.0853778645
0.107178181
0.07785137
0.0181039888
0.0435818657
-0.0420972593
-0.0044003455
0.000563232345
-0.0535973236
6.92857429e-05
0.000966823252
0.0387626924
-0.00476210378
0.0151143661
0.00839119963
0.00136537105
0.0190849807
-0.00463849911
0.047146257
-0.0119638992
-0.043653328
-0.00697925547
-0.0222557094
0.0172947869
-0.0475676693
0.00719936332
0.0427668095
0.0490210019
0.0859728828
0.114034109
0.0871157572
0.0702380538
0.0363284796
-0.0224135816
0.0215989631
0.0631345212
0.0656264499
0.0125053078
0.0451760106
0.0288053621
0.00330580515
-0.00995924883
-0.0203694627
0.0086184945
-0.00486165518
-0.0244560298
-0.00216015941
0.0265006982
-0.0205029007
-0.00932782143
0.0180400293
0.0097880112
-0.0264213309
0.0455819294
0.0772136152
0.0699127242
0.0732437149
0.117854573
0.0921787992
0.110775523
0.0611694604
0.0750464797
0.0731435716
0.0886064172
0.0644482523
0.107966185
0.0728117675
0.0351532213
0.0471753217
-0.0298809428
0.031474065
-0.0312022287
0.0138819357
0.0135931056
0.0107311765
0.0281265322
0.0365455523
0.0369064584
0.0955667645
0.0796255991
0.102018557
0.0781802535
0.0634553879
0.0357519872
0.0938570201
0.119019419
0.0460719839
0.0244893003
0.0980739444
0.0957608745
0.0540548302
0.0693926066
0.118267328
0.11266569
0.0581083037
0.0491711311
-0.00922270585
-0.0303518753
0.0162079558
0.0208316147
-0.0259324852
0.00704173883
-0.0336208008
0.0031177511
-0.00544672133
0.054843165
0.084223859
0.0656549931
0.102684774
0.0751364827
0.0184380021
0.056132935
0.0542752296
0.0579459816
0.0567928515
-0.00705416314
0.0760148391
0.111038521
0.0529188141
0.0388876386
0.0717413053
0.0158070512
0.0182809625
0.0354002565
-0.00645744614
0.0215210039
0.0097682029
0.03131539
0.0320899226
-0.0239889976
0.0127581283
-0.00201523514
-0.00910215173
0.0194776785
0.0441650562
0.0230789017
0.0395249017
-0.0412880108
-0.0366919897
-0.0135078337
0.0308670923
0.0265572071
0.0291275252
-0.00870210025
0.0151087809
0.04967428
-0.00751273381
-0.0307220686
0.00504512247
-0.00618475722
-0.0166579522
0.0316552147
-0.0127638141
0.00251664594
0.0115324929
-0.0305147115
-0.00360289961
0.0171790551
0.0198924597
0.016797211
-0.0378016159
0.00392957125
0.0262700059
0.00966233853
0.0361639634
-0.0467882641
-0.0418332368
0.0492242128
-0.0174376834
0.03464761
0.0239442475
0.0162527971
-0.000950298097
0.0017442957
-0.0121852411
-0.00687753595
0.00420801062
-0.0377776697
0.00693974132
0.0156634003
0.0241409037
-0.00325303897
-0.0310116615
0.00130129606
0.0137396753
-0.00584967062
-0.0297051612
0.0307270866
0.0118712476
0.0143500147
-0.00595085416
-0.0126245134
0.0164834801
-0.0421993844
-0.079051055
-0.0462552533
-0.0268656258
-0.00499667972
-0.00649201265
0.0445994064
-0.00812828727
0.0580873266
0.0345889628
-0.0268031582
-0.0237026196
-0.0125182997
-0.0106806708
-0.0120476214
0.0350262113
-0.0124232881
-0.0124837719
-0.0290396959
0.00128380209
0.00542006269
0.0235704295
0.00539689371
-0.00468061399
0.00897475146
0.0267922115
-0.0267550647
-0.0232528765
0.0123789879
-0.023784155
0.00403988408
-0.0173980147
-0.00494395848
-0.00354131218
0.0047492939
0.0271259435
0.000438836403
0.0271097869
0.0128274951
0.0146524133
-0.0370763056
-0.0297714453
-0.00983222947
0.0354310684
-0.00999387167
0.0330202244
0.0589439385
784
-0.0309107769
-0.0174104646
0.0252119899
0.0236549415
-0.0027955249
0.0156183764
-0.00196476281
-0.0217782948
-0.0277835447
-0.029451441
0.00966325402
-0.0182746928
0.000154487017
0.030254174
0.00271140086
-0.028509805
-0.0225805286
-0.0109222513
0.00115727633
0.0217313692
0.0248390734
-0.0297238696
0.0023650527
0.0351379849
-0.00733925402
0.00630576909
-0.0189459138
0.00462803245
-0.00235196576
-0.0295200534
-0.000647597015
-0.0270210169
0.00064210844
0.00361690111
-0.0150078237
0.0220616739
0.0247532371
-0.0336880907
0.0143571943
-0.0153091997
-0.0339805745
-0.0207250565
0.0176894497
-0.0272816457
0.0314919166
-0.029284101
-0.0199623015
0.00947986357
0.0295140687
0.0298696943
-0.0242405515
-0.030781582
0.0111037642
-0.0219464898
0.00248927251
-0.0199585743
-0.015160853
-0.0227180552
0.0348210149
0.0216951929
0.00332106277
0.0107738748
0.0199307073
0.00809245277
-0.0230836254
0.00525514828
0.0269259363
0.0150141958
-0.0305366665
0.0130425747
-0.00106246746
-0.00697056763
0.0206080694
-0.0099037597
-0.0195351504
0.0139170261
0.0157867447
-0.0311386287
0.0208970793
0.0219502002
0.00830694009
-0.00724711316
-0.0277046189
0.011366412
0.0352512486
-0.0322738178
0.00250993879
0.0274784975
-0.0349898189
0.0221081935
0.0106258662
-0.0224866886
-0.0249263514
-0.00303873233
-0.0312770866
-0.0181559846
0.0250418335
0.0354672596
0.00843119994
-0.0393150225
-0.00836663228
-0.00967539288
0.027935328
-0.00814147945
-0.0236533247
-0.0228183195
0.0313045196
0.0266508348
0.0355301201
-0.0135901393
0.0157989785
0.00914373249
-0.0355969146
0.00838270597
0.0279159863
0.00533730956
0.0266487189
-0.0320753939
0.0134838279
-0.0301258191
0.0133526716
0.0220208764
-0.0381448679
0.0266246796
-0.0264871567
0.0057069161
0.00196547876
-0.00346305105
0.0172922257
0.0246051457
-0.00639077229
0.00119160849
-0.0531067997
0.000846909476
-0.0320073888
-0.0146235339
-0.0261764154
-0.0178260002
0.00890812743
0.0185228232
-0.0274539422
0.0101773888
-0.0201495104
-0.0358034223
0.00701193418
0.00360091962
0.00209126296
-0.0288824681
0.0118555408
-0.0205537789
0.0274741352
-0.0145114474
0.0125804991
0.0378494486
0.0442393869
0.0574588627
0.0738970935
0.0963214561
0.0532271713
-0.0192343984
-0.0101258941
-0.0242080949
0.0100194756
-0.00551498029
-0.0228918232
-0.023694193
-0.00414258661
0.0214153808
-0.00364167616
0.00864324346
0.0286076181
-0.00538526941
0.0165866464
0.0237389673
-7.72952917e-05
0.0182568673
0.00383709697
-0.0365315229
0.0294640418
-0.00624330761
0.0358252078
0.106207021
0.108731642
0.103791103
0.0351851955
0.0218890402
0.0196567774
0.0195566583
0.00402620295
0.0370882787
-0.0131240608
0.0133632123
0.0106854094
-0.0307851452
0.0295849442
-0.0192433391
-0.00262370822
-0.0250268653
0.0154507756
-0.00938645098
0.0131953973
0.0572492555
0.0030315367
-0.0377183333
-0.0120958323
0.0188118462
0.0341324769
0.0879426077
0.0494237915
0.105106443
0.104339331
0.0512091219
0.0534056984
0.0321470313
0.0621540919
0.0114377169
-0.00857711025
0.0328885131
0.0674391389
0.0514160916
0.0306672454
0.0179393031
-0.0191992875
0.0334838592
0.030843772
0.00994224939
-0.028353475
-0.0159517601
-0.0147882504
0.0245738216
-0.00503971055
0.0274663698
-0.0193398371
0.0581818745
0.089208506
0.0910634845
0.0798714384
0.0676807687
0.0726192147
0.0410253629
0.149424449
0.115504809
0.0807059035
0.0329952948
0.0605206378
0.0884992033
0.0409341939
0.0558872446
0.0525707491
0.0300542582
-0.02360834
0.0286095664
-0.0337342545
0.0279672854
0.0067905169
0.00299618137
0.0302116517
0.0178961996
-0.0133184465
-0.00253934623
-0.0364526846
0.00612107897
-0.00746640097
0.0361043997
0.00221836055
-0.012572892
-0.0462800935
-0.0874879062
0.0583426692
0.0822302848
0.0580134839
0.0651952326
0.0475899428
0.0458240137
0.0311671086
0.0773207843
0.0541442707
0.016156001
0.0169129968
0.0170125756
0.0151082277
0.00775723858
0.036604695
-0.0025342505
0.0203803387
-0.0186431371
-0.0186729562
-0.0636773631
-0.0411986448
0.00558121875
-0.031005431
-0.0071055172
0.0468381755
0.0311783105
-0.0886816084
-0.089494437
0.0313534178
0.0936587453
0.0692853853
0.0138156973
0.0286167338
0.0490747951
0.0540760383
0.068055667
0.0644061938
0.0354844742
0.0284199007
-0.0244487375
-0.0209995937
0.00346106174
-0.0261097588
0.0302880388
-0.00237060874
-0.0513201207
-0.0164581724
-0.0579558052
-0.0635278821
0.00963768363
0.000344523811
0.0550034717
0.0675347149
0.0517294221
-0.0269334372
-0.0546681955
-0.0384789333
0.0233888254
-0.000312394957
-0.0216963422
-0.019950591
0.00671875523
-0.0163143221
0.0167486183
0.0333548337
0.007528299
0.0395477936
-0.0114609757
-0.0117746694
-0.0352154709
0.006823848
-0.029064035
-0.0148041481
-0.0473192744
-0.0232462622
-0.0291616302
0.00393650774
0.0382019468
0.00506925303
0.0356826857
0.0480769463
0.0859428048
-0.0375992581
-0.0283490289
-0.111714974
-0.0162244719
-0.0210940801
-0.0718785822
-0.0359659344
-0.0709748864
-0.0487889387
0.0449143238
0.0554289445
0.0329273529
0.0129230106
0.0180408023
0.0197997428
-0.0114726918
-0.00492250873
-0.0251504332
-0.0134773115
-0.0257337335
0.0394028984
0.0142900161
0.00534250028
0.0386037342
0.0569461733
-0.020675905
-0.055409506
-0.0265949946
-0.0547633655
-0.0842334926
-0.14772661
-0.120138377
-0.0464429446
-0.0765058398
-0.104725517
-0.0358119011
-0.0276361406
-0.00208620843
0.0391624011
0.0196915939
0.0211181045
-0.0332312658
0.00418389821
-0.030121617
-0.0209805891
0.0122848675
-0.0228767451
-0.000259855151
0.00752896862
0.026289206
-0.0133327041
0.0156995337
0.0063527273
-0.0444001183
-0.052814357
0.0095864255
0.0130873257
-0.0281911567
-0.164672509
-0.105597183
-0.101426378
-0.100156166
-0.0602243356
-0.00297690672
0.00356871565
0.0571728498
0.0172996949
-0.0144671816
-0.0282054376
-0.0296088792
0.0126728006
0.0131011698
-0.00672229379
0.0128531186
-0.00786792487
0.0489210188
0.0633220226
0.0364614688
0.013248886
0.035950724
0.00587233761
-0.0293285195
0.000586231356
-0.0440731756
-0.0169555657
-0.0595622025
-0.182885006
-0.10282097
-0.0801528394
-0.0513037145
0.00845539756
-0.0129897241
-0.0129835922
0.0470890701
0.0461862423
-0.00294566224
-0.016504487
-0.0267279334
-0.0265881084
-0.0141251935
0.0259839669
0.0186720602
-0.0212757476
-0.00128046027
-0.0105862217
-0.0216358602
-0.00571960071
-0.0249697417
-0.0389546417
0.0241934936
-0.00559761422
0.00846322998
-0.0174796544
-0.0835282281
-0.0742787197
-0.0435574241
-0.0460677557
-0.0237461813
0.0321615189
0.034799248
0.0463938527
0.065464139
0.0220506936
0.0119909644
0.0257336404
0.000335277931
-0.0182328261
-0.010498384
0.004915589
0.0202311035
-0.00526528992
0.00185219175
-0.00672872597
-0.0446101353
-0.0848788321
-0.0955138877
-0.0587726161
-0.0169323627
-0.0307494551
-0.104485177
-0.0956859887
-0.09691488
-0.0643613935
-0.00390712917
0.0130977761
-0.002616585
0.0145190796
0.0573754534
0.024722632
0.0373147689
-0.0184897166
-0.0252146553
-0.0150165772
0.00232632086
-0.0166541953
-0.0242698323
-0.0144899031
0.0391491391
0.000262293179
0.0153693939
0.00676965993
-0.0881716833
-0.122869939
-0.0660582781
-0.052070044
-0.104691826
-0.1420075
-0.172537804
-0.209645435
-0.093606852
0.0598349608
0.105932139
0.0423948392
-0.0136499591
-0.0115244389
0.0268174354
0.0254151095
0.00698615564
-0.0161115006
-0.0263026375
0.00988048501
-0.0136404391
0.024984315
-0.0168563928
-0.00959547516
-0.00353492913
-0.00912503712
0.0180233512
0.0369345807
-0.0424253047
-0.0389571264
-0.0428300574
0.000365059561
0.0275148135
-0.0435366519
-0.151412368
-0.189311326
-0.0850482881
0.0398615971
0.0995308086
0.0217262153
-0.00337736565
0.0415558442
0.0199338347
0.0504030623
-0.0167021751
-0.0531282313
-0.0255839285
-0.034505222
0.00202421541
0.00259235501
-0.00103182264
0.0188810546
-0.00280892593
0.0213440452
0.0251279324
0.0381531976
-0.00654665008
-0.0485274121
0.0362675413
0.0290209968
0.0412365571
-0.0410513878
0.00501760561
-0.0768336505
0.0142245563
0.072214663
0.0629604533
-0.0196897127
-0.0172868446
0.0350744314
0.0354148448
-0.0127670122
-0.00471198419
-0.0525036305
-0.0027852566
-0.00922305323
-0.0101736635
-0.00887639727
0.00224518892
0.0182077885
-0.0222806539
0.0277824029
-0.0452484004
-0.0201745927
0.0176641177
-0.00558538456
-0.0473992452
0.0158586204
0.0597695746
0.033378616
0.0564838573
0.0821791962
0.118450806
0.0944066793
0.0155407898
-0.022307869
-0.0680941492
-0.0385545939
-0.0542039759
-0.0219198242
0.0188476797
-0.0511241928
-0.0185252763
-0.0105521139
0.0208561085
0.000740079849
-0.0180227198
0.0378664136
-0.0238855798
-0.0468794443
-0.0584837347
-0.0164030045
0.0197850298
0.0685334206
-0.00955526624
-0.0257609449
0.0828701183
0.168819368
0.195712686
0.157349393
0.144929633
0.0946301892
0.0238795783
0.0164935887
-0.0291838143
-0.0360459797
-0.0118760504
0.0227892064
0.0105675003
-0.043886885
-0.0309814196
-0.024084406
0.00581073714
-0.0331654511
0.0168386251
0.0102310637
0.018359514
0.043753121
0.0461314507
0.0432099886
0.0829133317
0.131024465
0.155180052
0.16117236
0.167883649
0.144191116
0.183534175
0.188417435
0.124889523
0.0980454162
0.0545077473
-0.0135354837
-0.0106692836
0.0111439172
-0.0457048826
-0.004917996
-0.013337072
-0.0265396591
0.027109446
0.0254596919
-0.0295730792
-0.0347185656
-0.0148997698
0.0097330017
-0.0228010267
0.00940705277
0.0225098766
0.0252599604
0.112959601
0.0885786116
0.111676872
0.0842571259
0.10499797
0.134414822
0.142144844
0.0815732405
0.0956230536
0.0171826482
0.0617233552
0.00328094861
-0.0262769237
-0.00756702991
0.0115307318
-0.0052502607
-0.0261379797
-0.0242934972
-0.0222360678
0.00419296604
-0.0196945462
-0.00622731075
-0.0195291936
-0.0126959514
0.000382881117
0.0113102375
0.00245648297
-0.0160641689
0.0139350267
0.0265280046
0.0117613655
0.035806939
0.0450126454
-0.00799779966
0.0150408316
-0.0226021167
0.0145128565
-0.0248518586
-0.0352663323
0.020955449
0.0225213692
0.00477814721
0.0172169991
0.00375393219
0.000944038213
-0.0223152675
-0.0142274322
0.0201344974
-0.0281011313
-0.0099818632
0.0205748938
0.0164988972
0.0112756416
-0.0290419906
-0.0226782672
0.00277896132
-0.0270110909
-0.010628379
-0.0425909199
-0.00966987573
-0.0291677769
-0.0404985584
-0.0130684162
-0.0110672107
-0.039998617
0.021778632
0.0045616352
-0.000587475195
-0.0302224457
-0.0226895362
0.0170738287
0.0291970521
0.0346642844
0.0138028376
-0.0348563455
-0.0131728072
0.0332009085
0.00764653459
0.0153245553
-0.0116249397
-0.0232023895
-0.0339871235
0.0343488269
0.00109388994
-0.0339465849
0.022383118
0.0263180584
-0.0282263067
0.0233050548
-0.0287899021
0.0209390167
0.0283635724
0.00478726346
0.00527593726
-0.0296226814
0.0259268098
-0.0310586039
0.0198588111
-0.0318860449
-0.0351673216
-0.0205099471
-0.0132564474
-0.0154119115
-0.0279930532
0.0207918584
-0.0589650273
784
-0.0327422842
-0.0138261393
-0.0187640525
-0.0102600995
-0.0129247829
-0.0125123337
-0.00904713385
0.0162658468
0.022970248
-0.0105099957
0.00136781856
-0.0110272616
0.0213287771
-0.0117326742
0.0306882393
-0.0329954773
0.0332356654
0.0203250572
0.0318251438
0.0280161537
0.0103756227
0.0259894766
0.0194064118
0.02068232
-0.0351156667
0.025334958
0.0189440884
-0.0352900736
0.0226275511
0.0154974051
-0.0351442508
-0.0265650451
0.0213271733
-0.0286303107
0.0114650344
-0.0025675972
-0.0232288558
-0.0174998138
0.0205586497
-0.0330076851
0.0148326736
-0.00409163442
0.01789397
-0.0278840195
0.0362137891
0.033610262
-0.00107375381
0.00966476556
-0.0181511547
-0.0228927974
-0.0130300578
0.00161583233
0.0234303959
0.00892554969
0.0117133595
0.00933543593
-0.0279044844
0.0093443729
-0.0205548797
0.0295310598
-0.0305666123
0.0352504738
0.0282020718
0.0197465066
-0.00508891884
0.0340846591
0.00700802868
-0.00161465525
0.0436580181
0.0491785258
0.0252296161
0.0173921753
0.0181484465
0.0347250402
-0.0257045086
-0.0334321819
-0.0112802899
-0.0217845272
-0.042730581
-0.00650548097
-0.0346052162
-0.0144851729
-0.0261122137
-0.010790756
-0.00308419019
0.021190457
0.0053123557
0.0215234887
-0.00698427437
-0.0287873298
0.0145260561
0.00232645706
0.0318133757
0.0445688963
0.00219444302
0.0579358451
0.0177849326
0.0585682504
0.0108513748
-0.0150608532
0.0124014877
-0.0185472462
-0.032155212
-0.0363442786
-0.021334419
-0.0599885806
-0.0785870999
-0.053512834
0.0121071003
-0.0127077261
-0.0255947895
0.0275041498
-0.0234693699
-0.0211241227
0.0354063138
-0.0232326332
0.0250054505
0.00100606377
0.0396528691
-0.00989655126
0.0324379541
-0.0277777463
0.0184849557
-0.00985408202
0.0178764034
0.0407919921
0.0117673874
0.0133532025
0.0285338871
-0.0603067651
-0.0237803515
0.0198778342
-0.00387785397
-0.026763469
-0.0527718738
-0.0508113913
-0.0452569127
-0.0457730368
-0.0198727213
0.0229556113
0.0231599919
0.0356239788
0.0181564074
0.0327510722
-0.0147717884
0.0104676727
0.0375158861
-0.00131611293
-0.0224823896
0.0154592879
0.00028220861
0.00786263403
0.00677766837
-0.0195616148
0.033794798
0.0156432986
0.0412191935
-0.0766674131
-0.0804482549
-0.0640464202
-0.100205861
-0.0533449128
0.0170862861
-0.0145306773
-0.0417881124
-0.0627520829
-0.0121418415
-0.0187096614
-0.0119813196
-0.0128514012
-0.0252686143
-0.00540115591
0.0489523262
0.0528099686
0.0351165831
0.0115698203
0.017454451
0.0411579423
0.0864966735
0.0255873483
-0.0216378216
0.0536228791
0.068614535
0.0483462922
0.0823429301
0.016086245
0.000760848809
-0.0879414603
-0.0284835957
-0.0205259603
-0.00323427236
-0.0304747466
-0.0714784786
-0.0221630819
-0.0229066312
-0.0388472416
-0.0159047041
-0.0129101668
-0.00648010569
0.0560179353
0.0772386864
0.0310373753
0.00944200903
0.0550663546
-0.0336109623
0.0690223426
0.100636937
0.0547927245
0.0383899733
0.067021966
0.0757264197
0.0566153638
0.0908532068
0.108836062
0.0183095932
0.0435007773
0.0402625352
-0.0391430631
0.0458481647
-0.0703871176
-0.0686030537
-0.0945176557
-0.0385126248
-0.00556041021
0.0342728384
0.0042628427
-0.0252753031
0.048352398
0.0582950711
0.0350746773
0.0257749669
0.0556583442
-0.00267537497
0.0695296004
0.118764676
0.119862862
0.0563653968
0.0882921889
0.157986701
0.0885950327
0.0306229871
0.0797812417
0.0746615529
0.0665961653
0.0288174283
-0.0183951538
0.0550003164
-0.044043377
-0.139755324
-0.0604933277
-0.0375378579
0.00613638526
0.0307842623
0.00777813792
0.0259144623
0.000364080304
0.0582270995
0.0193484817
0.000527281605
0.0576771386
0.0641048476
0.0884702131
0.0953413919
0.0626776367
0.0663194805
-0.0856038183
-0.0604506992
0.0684094355
0.02833548
0.038221214
0.0238379035
-0.0927535817
-0.0434748307
-0.0619727336
0.0896348208
-0.0498351902
-0.0876511484
-0.0573549643
-0.0203621089
0.0293228496
0.0138919111
0.0247549377
-0.00931101572
0.0100912619
0.0387540124
-0.04709398
0.0381586738
0.0385606028
0.096445553
0.0135905975
0.0324618481
-0.0891935602
-0.254755527
-0.287184864
-0.217736542
-0.0735944137
0.0556534342
0.0272828788
0.014718473
-0.0538011529
-0.0824486688
-0.0289599951
0.00787188951
-0.0543496683
-0.0617689863
0.0190484002
-0.0162087232
0.0344039798
-0.0276901536
-0.0266623814
-0.00769675663
0.0259072874
-0.0557962917
-0.0748398602
-0.0353950188
-0.0866877064
-0.159386307
-0.185492411
-0.329107881
-0.336642265
-0.468372732
-0.381783843
-0.172813013
0.0172577314
0.0675508529
-0.0308428407
-0.0183849037
-0.068257533
-0.0576939099
-0.0774645209
-0.0637524724
-0.0706788376
-0.00424867542
-0.00951856095
-0.0215647444
-0.0038393049
-0.00946408883
0.0187962912
-0.0317340977
-0.0335767344
-0.0423245132
-0.107396178
-0.181818619
-0.296346575
-0.321245402
-0.469142884
-0.453519374
-0.412215501
-0.218490317
-0.122484803
0.0164649431
0.0778484195
0.0447753519
-0.0738360956
-0.0146591729
-0.0595243536
-0.0307674464
-0.0522993915
-0.0883196443
-0.0706718564
0.00843506213
0.0364562497
-0.0155182751
-0.0130064916
0.00457902299
0.0131895412
-0.0201227851
-0.0600780472
-0.111148506
-0.21602869
-0.265516937
-0.359276772
-0.344279885
-0.293558955
-0.208590433
-0.0146892471
0.0428290963
0.100403942
0.0822142214
-0.0226092953
0.0201048143
-0.0113846259
-0.0343025066
-0.0612234622
-0.0167866852
-0.0199355073
-0.122149877
-0.00927848369
0.0147842159
0.0113441786
0.00849268027
0.0330367908
-0.00615726877
-0.00304303272
0.00256803306
-0.0572867692
-0.0917045996
-0.210695967
-0.224314988
-0.176102251
-0.136740431
-0.00373532041
0.107530758
0.13275063
0.156467691
0.102878414
0.112716764
-0.00277207815
0.0272648856
0.0186748542
0.0359506272
-0.00058650237
0.00486471737
0.0483817719
0.0304094516
0.012831145
0.0529268049
0.023408087
0.00936330203
-0.00669150194
-0.000865238195
-0.0115572968
0.00681420648
-0.0194694363
-0.0650365949
-0.12409503
-0.0685454905
-0.00254955795
0.0648711622
0.0633819774
0.0990293995
0.126386181
0.111751445
0.132666826
0.0639452934
0.00685705338
-0.00378572405
0.048141107
-0.0205558911
-0.0120613249
-0.0586862005
0.0808313787
0.0619841889
0.0333910659
0.0596952438
0.0418728553
0.000467741047
-0.00420419779
0.0202493109
0.0240289848
-0.0100506386
0.0214020181
-0.0246888343
-0.0233413093
0.0926296562
0.0930437446
0.0929296687
0.0423962735
0.0441013761
0.0514295176
0.0644504353
0.143237129
0.0559261814
-0.0676846653
-0.0352706127
-0.0104694255
0.000222822011
0.00956878718
-0.0532411411
0.0594455376
0.0142069682
0.0250034127
0.0585730113
0.039816007
0.0112884706
-0.0249855407
0.0060445331
0.0192188341
-0.0202016979
0.0192290284
0.00331780547
0.0178502016
0.0918739885
0.0399383307
0.043417491
0.0417378768
0.0479502492
0.0603852756
0.159068748
0.146524489
0.1106034
-0.0589455068
-0.033380758
0.00141968159
-0.0155039914
0.0334004387
-0.0774612874
-0.042676609
0.0375122428
0.00762782199
0.103892602
0.046587009
0.0435735025
-0.0298947878
0.0169309545
-0.0029587883
0.0120866671
0.0687385276
0.0613810122
0.0606772862
-0.0012506264
0.0240678601
-0.0402383208
-0.00209798501
0.0173649006
0.0108541818
0.0916803256
0.0733791292
0.046312809
-0.0716200769
-0.0165997855
0.0376319513
-0.0053715352
0.0284131933
-0.0288089272
-0.0246440489
0.00200810283
0.04025653
0.0383037366
0.0625952557
0.0133784115
0.0127279377
-0.0220823362
-0.0113911917
-0.0314320177
0.0753054768
0.0720909759
0.0391815715
-0.0080316253
0.0640673861
-0.0131182168
0.0171541572
-0.00482823234
0.0482713245
-0.0128308842
0.0782211199
-0.046630878
-0.070580557
-0.0559059866
-0.027987903
-0.0618938729
0.0150192557
-0.014223964
-0.0194400139
-0.00201192545
0.0598719642
0.0183598101
0.0773342103
0.0410471708
-0.0253224187
-0.00249514356
-0.0125634167
-0.0328935049
0.0964802578
0.126049906
0.0492241867
0.0219855886
0.00491072563
0.00048089819
0.0194926374
-0.04922764
0.00395751558
-0.006230962
-0.0520674139
-0.0319952965
-0.0746061057
-0.0539822653
-0.044256784
0.0104515571
-0.00773579255
0.0153163308
-0.0378465913
-0.0343007334
0.0353542641
0.0381225049
0.0589191876
0.0179671049
-0.00182499678
-0.00307510816
0.028781442
0.0337828323
0.045321323
0.067233704
0.0766894296
-0.0111530004
-0.0408962183
-0.0260676406
-0.0654503331
0.0484011732
-0.0359830782
-0.0168331414
-0.00683975779
0.0329641476
-0.00597262755
0.00842239521
-0.0745620355
-0.0383581035
-0.00334815471
0.00739063742
-0.000306643604
-0.000983728562
-0.014197208
0.0543563217
0.027472131
-0.0319658108
0.00104673812
0.0303260349
-0.0223103855
0.0015301205
0.00404629158
0.0440045297
0.12639077
0.0327655002
0.00248713209
0.0346110128
-0.0518930256
-0.0389905907
-0.0746218935
-0.0717934668
0.0024079585
0.0352504179
-0.00414633332
0.00389592163
-0.00893995073
-0.0764005557
0.0094284052
-0.00146116503
-0.0362738259
0.000921178726
-0.0255606659
0.0166770648
0.0260497723
0.0227083955
-0.0166515186
0.0121094175
0.0229724981
0.0263611749
-0.0315137431
0.0231490918
0.0897319615
0.0943730026
0.0709052533
-0.024209328
0.00247128448
-0.0448413081
0.0531224981
0.0563554466
0.0589622408
0.00286752637
0.018031124
-0.0478784777
-0.0606848113
-0.049570892
-0.0383351892
-0.0334759019
-0.0420544334
-0.0380786844
-0.0345311016
0.00498495251
0.00937792379
0.00585482549
0.0161890052
0.0171636604
-0.0303741619
0.000771570078
-0.0270996764
0.0361323096
0.0182820968
0.0325589329
-0.0362303108
0.0163985919
-0.0243025515
-0.0423483253
-0.0720762759
-0.0838932246
-0.061453592
-0.062657401
-0.0793483853
-0.0830533877
-0.0446559638
-0.150657013
-0.141725272
-0.0842341036
-0.0233573318
-0.0127995387
0.010230002
-0.0312026422
-0.000811697042
0.0226325281
0.0264460705
-0.0209039897
0.0238058753
0.0337648839
0.0315669887
0.0167199094
-0.0227402337
0.0329539776
-0.00362211722
0.0430600345
0.0559940748
0.0251929052
-0.0069301012
0.0171604231
-0.036246758
-0.0426774956
0.00244106702
0.00448834291
-0.063572742
-0.0637202263
-0.0853145048
-0.0743553936
-0.0514616817
-0.0462100692
-0.024439726
0.0228003338
0.00925339386
0.00658297865
0.003080789
-0.00689941272
-0.0298428629
0.00246887654
-0.00566950487
-0.0183851011
-0.010734681
-0.0453430191
-0.012081285
-0.0170173422
0.031477008
0.0390803479
0.0410937257
-0.0375143513
-0.00483236276
0.000124466183
0.00606417982
0.0160458665
-0.0315609351
-0.000289239339
-0.0244909283
0.00178412255
-0.0134249562
-0.0347876139
-0.0252912734
0.0205435939
0.0321728662
-0.00175553933
-0.00533188879
0.0298197381
-0.0340064391
0.0252410211
0.011534594
0.00476916973
0.0292548072
0.0120056672
0.0135532925
0.00725946855
-0.00631561084
0.0355609357
-0.0117500182
0.0388978422
-0.0232211873
-0.00679136859
-0.00662854593
-0.00541922962
0.0389273614
-0.0117239971
0.0148445861
-0.0162304342
0.0203760844
0.0148965856
0.031915959
-0.019051319
0.0187698491
-0.0351973213
0.0100937784
-0.124762699
784
0.0141282156
0.0243442617
0.0111721195
-0.0158808865
0.0185239427
-0.025252359
0.0121807083
0.00688491017
0.000384129584
0.0275143348
0.00486357883
0.0278274752
-0.0184726734
-0.0271715987
0.00837149844
-0.0336868018
-0.0201289058
-0.0207669102
-0.029423818
-0.0260877032
-0.0274503082
-0.000174202025
0.000790137798
-0.0058630053
0.0319099836
0.0254181512
-0.0114386473
-0.0350433663
0.0261858702
0.0345013775
0.00744381547
-0.0346826315
0.0176307224
-0.0252447017
-0.00835693162
0.0271008853
0.00457334286
0.0221813209
0.0252875295
0.0229474101
-0.0183343273
-0.0380144939
0.0204363056
-0.0403895788
-0.0410647318
-0.0399922282
0.00357064442
6.38262572e-05
-0.0356107801
-0.0341164283
-0.0249544382
-0.00319343596
0.000271979719
-0.000255081803
-0.0014715679
-0.0183478706
-0.0155023895
0.0227607936
-0.0307851247
-0.0306243133
0.0199134741
-0.0206071418
-0.0327011943
-5.11524595e-05
0.0198714007
-0.00211584382
-0.0525852069
-0.00854439568
-0.0706878304
-0.0201872215
-0.0252535623
-0.00596913369
-0.0213258658
-0.0330438167
-0.0346356221
-0.034295436
-0.0129952878
-0.0347600207
-0.0348054841
0.0229987763
0.0126709947
0.0186958648
0.00516602024
-0.0318274349
0.00491115078
-0.0297002681
-0.0294641182
-0.0308128912
-0.00235892669
0.0253157113
-0.0329515561
-0.0167099312
-0.040092472
-0.0901395977
-0.0348647498
-0.0328440964
-0.0516711026
-0.11539834
-0.0648562089
-0.0385266803
-0.071832262
-0.0100319711
-0.0181613117
-0.0100743771
0.00287144212
0.0144412415
-0.00749321003
-0.0246811882
0.0165956113
0.00151884218
-0.0206061956
0.0172254406
0.00795080885
-0.0136182485
-0.0296048
0.00609929534
0.0276249517
-0.0157721285
0.0326645598
-0.0288588516
-0.0337726101
-0.0521657132
-0.0082036769
-0.0208671335
-0.0408200957
-0.0113593442
-0.0186469425
-0.00101884396
0.0345113277
0.00696575455
-0.000234440566
0.0188332051
-0.034083683
-0.025568407
0.0194742624
-0.0271564387
0.0422604717
0.0013122143
0.0179598182
0.0260037612
-0.026092181
-0.0312750712
0.0027249842
0.0153590366
-0.0140090287
0.0142928427
0.0343158767
0.0185835194
-0.00358472043
-0.00235209893
3.11381591e-05
0.0948796868
0.141789973
-0.00238912739
-0.056074705
0.0146035096
-0.0200456996
0.0292490628
-0.0559745133
-0.0571447089
-0.0184566751
-0.0640019178
-0.0621498525
0.00981466938
0.00797213707
0.0180716887
0.000868966337
0.0157753248
-0.0196016729
-0.0167446509
-0.0148382708
-0.0108952243
-0.0258024726
-0.0124523733
-0.0190444868
0.049894914
0.097336337
0.0778047815
0.0581257381
0.121197946
0.0198156685
0.0496247299
-0.00987668242
-0.0268217381
0.0652890503
0.0404761247
-0.0769469664
-0.0246159043
0.00187527831
-0.0950660706
-0.0792013481
-0.0389727689
-0.0213475749
0.0433668643
0.0231627263
0.0127065415
0.0178415831
0.023236284
-0.0301735699
-0.0364443883
0.0101624951
-0.0109199565
0.0176238958
0.0450015441
0.0496554002
0.0920161158
0.0588104688
-0.00293136993
0.0239325278
0.0283773243
-0.0381475128
0.0489522591
0.0267857146
-0.0104907975
-0.0515801609
0.00462491624
-0.00182486791
-0.0233361367
-0.08693818
0.0121267354
0.0612171032
0.0421849154
0.0113117145
-0.0301204994
-0.0221266542
0.0125581603
0.0224594083
-0.00144883303
0.00119131117
0.0161929056
0.0672685057
0.0761144385
0.0987719819
0.0778021291
0.0129283722
-0.0269512683
-0.00794875436
0.0330895595
0.0256828144
0.0722076595
0.0353132486
-0.0807569697
0.0389308669
-0.0100441696
-0.0485523306
-0.00688950764
-0.00301073468
0.00524457218
0.0961753279
0.0973681509
0.0279801805
-0.0204035249
-0.00811503455
-0.0259003546
0.0197212864
0.0140354289
0.00884202309
0.0204740185
0.11545784
0.0586915761
0.0748034492
0.00584474532
-0.0111470213
0.0235262848
0.00720957248
0.0196976531
0.0414418504
0.0771809593
0.0282129496
0.03403778
0.00702181831
-0.0454272963
0.0143978503
0.0354458056
0.0898682848
0.075170055
0.041947823
0.0700432658
0.033261627
-0.00656257756
-0.0196153391
-0.00631483411
-0.0349780284
-0.00462702662
-0.00509782555
0.0460098721
0.0173128676
0.0248138551
0.0621925294
0.0154243428
0.0638541132
0.0178823676
0.0488231182
-0.0116619142
-0.0156411473
-0.0447424911
-0.0522324592
-0.0633254722
-0.030240709
-0.0500608161
0.0613308549
0.0411523953
0.103850745
0.112122484
0.0785738528
0.0974910855
0.0522546694
-0.0254370421
-0.0075125224
0.0260213166
0.0106943538
-0.0212330595
0.0360817686
0.0250104275
0.037316896
0.0871484503
0.117198162
0.0845219046
0.0474987179
0.0873544216
0.0958129168
0.00467624282
0.0448834561
0.0353940874
0.0252688825
0.0386831313
0.00063030899
-0.0684375018
0.0573834777
0.0229500663
0.116321303
0.0909382477
0.0725183561
0.0381565355
0.00436178781
0.0093404334
0.0124305943
-0.0342817828
-0.0114628691
-0.00198160042
0.0480852686
0.10274367
0.104963802
0.110861868
0.0473538265
0.0152066182
0.0668850541
0.053537529
-0.0181417335
0.0474106967
0.0932155773
0.0845315158
0.0460679233
0.019859245
0.0114430897
-0.0209782328
0.0748414099
0.132137984
0.122580417
0.133527219
0.056785021
0.0336573683
0.0470350981
-0.00087036303
-0.00173459772
-0.0178827494
0.0255490672
0.0114773298
0.0492627509
0.0866235271
0.0262150746
0.0923752114
0.0756582916
0.120664328
0.0767851099
0.11562825
0.127245128
0.14773348
0.134485349
0.115595937
0.052874703
0.0308912806
-0.00907333661
0.0498435013
0.151540384
0.143400237
0.123825885
0.0242390763
-0.0399736613
0.00466670142
-0.0188501291
0.0103253797
0.0157489479
0.0226141233
-0.0223135594
0.0255643912
0.0625833124
-0.0128254518
0.0382788926
0.0278312545
0.103845872
0.18024604
0.138915032
0.116921231
0.10791824
0.172920719
0.121916279
0.104381181
0.105157435
0.0833858773
-0.00606448436
0.01087109
-0.026312476
0.0349408388
0.0289461724
0.0102106314
-0.029308144
0.0116784526
-0.00839697942
0.0130976588
0.031492427
0.0349284448
-0.00399296451
-0.00385005097
-0.0429281183
-0.0866644904
-0.0545008704
-0.0776538625
0.057950791
0.100382522
0.137238979
0.214771152
0.167866498
0.145969421
0.0984888524
0.103497349
0.106251635
0.0885489061
-0.00277740369
-0.107251413
-0.0500994995
-0.0159824602
0.0843844116
0.01613787
-0.0984841734
-0.0281512551
-0.0394220687
-0.00784253329
0.0215461068
-0.0128921615
0.0095314486
-0.0482280441
-0.0964784324
-0.143746123
-0.140744537
-0.142013758
-0.0444390662
-0.00380982878
0.0422092862
0.0863986313
0.172123507
0.120226957
0.0609684885
0.135246783
0.0719587728
0.00769686233
-0.105992019
-0.186602533
-0.116465822
-0.0644688308
-0.000104748229
-0.0680032521
-0.0479170084
-0.0666813701
-0.0422642045
0.0247641504
-0.0262620226
-0.0284488797
-0.00956991687
-0.040880274
-0.110516913
-0.159201086
-0.20077917
-0.166066393
-0.130929276
-0.184164837
-0.183874846
-0.114037208
-0.0130683007
0.0346996896
-0.0270579681
0.0673482046
-0.018910788
-0.0612361878
-0.127741054
-0.184751824
-0.139198989
-0.0285057463
-0.0941755399
-0.0254860204
-0.0622658543
-0.108313523
-0.048843246
-0.0342251323
0.0348860286
-0.00787145458
0.0216094404
-0.0521522909
-0.0903588459
-0.168649301
-0.104299799
-0.203859359
-0.267831951
-0.294016123
-0.247712404
-0.158907712
-0.2229321
-0.0719642043
-0.0266096797
-0.0743520185
-0.0828494504
-0.153305367
-0.180844516
-0.105798475
-0.0687672794
-0.0574504733
-0.0922439173
-0.106633842
-0.0972642004
-0.0353206545
0.0349244066
-0.0139463423
0.013753782
0.00556223188
0.0152542135
-0.0695552751
-0.0676343068
-0.0764643475
-0.107224606
-0.110362291
-0.210113838
-0.252806038
-0.24198474
-0.256790161
-0.314334512
-0.187831581
-0.089623861
-0.0400590934
-0.102097228
-0.0930503756
-0.0538034812
0.0256095044
-0.0737868249
-0.0455270782
-0.0884735733
-0.0635959879
-0.106039464
-0.0540879481
-0.0138376867
-0.000890584954
-0.00470205583
-0.0276778601
-0.00124280283
-0.0014159698
-0.0342334062
-0.0162498392
0.00915114116
-0.0454187766
-0.0363263749
-0.0713340864
-0.040226005
-0.109683625
-0.129021302
-0.0725134015
-0.0344344862
-0.0277413242
-0.0406105109
-0.0328459963
0.0128426971
0.00861930475
-0.0264400151
-0.00502455188
-0.0360324644
-0.0392385088
-0.0677972659
-0.0548717529
-0.00106177141
0.0170866959
0.00393988891
0.0259658061
0.0142834578
0.016091587
0.0198735353
0.0185598359
0.0776109323
0.0883177891
0.138511136
0.0544622615
0.064423129
0.00733137364
-0.0137274629
-0.0169333965
-0.0509850122
-0.0742440522
-0.0550020188
-0.0591103695
-0.0393142998
-0.0928069651
-0.0355750509
-0.0355576277
-0.103986442
-0.0677408203
-0.0307664741
-0.0502121039
0.0181444492
0.024521295
-0.031489186
-0.00258534797
-0.0183722805
0.011122589
0.0554579087
0.0123570962
0.0678892285
0.127347663
0.0934238806
0.0693042725
0.0955484658
0.0600400642
0.0549027361
-0.00994620658
0.0408721119
-0.0984259173
-0.0899075419
-0.0430984721
-0.0599703677
-0.0637558401
-0.0476007126
-0.0904894248
-0.0801644623
-0.0525543317
-0.0198299997
0.0155863408
0.0109697273
-0.00600430137
-0.030023301
-0.0301603265
0.022642741
0.012614592
0.0205457993
0.00873725861
-0.00326385139
0.040573027
0.0680674985
0.0188922398
0.0243769269
-0.0132254576
-0.0453968197
0.00526921544
-0.0386028215
-0.0415751189
-0.0351774991
0.00156712788
0.0241473652
-0.0205116142
-0.0618892089
-0.0530616306
-0.0241002832
-0.037040785
0.0157156941
0.00179281854
0.00416562427
-0.0351761319
0.00903954357
-0.000974610448
-0.0233158581
0.0320810266
0.0361792035
0.0584722646
0.0206459481
0.0707358867
0.122010522
0.00735918339
0.0648893267
0.0471116304
-0.0555984154
-0.0596880652
-0.130677581
-0.0542981252
-0.0380844176
-0.0547996424
-0.0425937437
0.0194713362
0.0512791537
0.0440973677
-0.00250001671
0.0352347903
0.00921966136
-0.00827170443
0.0159248859
-0.0245386288
0.00787042081
-0.0075541269
-0.0336084999
0.0278927628
0.0358763114
0.0645009801
0.0252234638
0.0916511118
0.0968019515
0.0623479672
0.0803003311
0.0187297259
0.0493854918
0.0754866377
0.0837570503
0.033133328
0.0136351241
0.0420788899
0.0901731625
0.110933669
0.0806418583
0.0889091194
0.0434159003
0.0112455282
0.014411333
0.007872127
-0.0293043014
-0.0176464673
-0.012712203
-0.0111043882
0.0113965459
-0.0294975881
0.0413025282
-0.0104542514
0.0326747634
0.0573912002
0.0307596084
0.0911359265
0.0838278756
0.0861824155
0.116334267
0.0942111611
0.120953567
0.0922954008
0.0672525764
0.0697211623
0.0471537411
0.00754068373
0.0428908207
0.0377406217
0.0242124107
0.0367682576
-0.0253878962
-0.0295970794
-0.0291480497
-0.0340923853
0.00930786133
0.00862463936
0.0257057808
-0.034359552
0.0190201458
0.0218291488
0.0319184773
0.0182064902
0.0222783815
0.00413634023
-0.0326786526
-0.00735460129
0.0376395471
-0.022288477
-0.00225328561
-0.0123732137
0.0213733204
0.0236758497
0.0167096071
0.024264222
0.015253379
-0.0146487188
-0.020519197
-0.00508761499
-0.00871396065
-0.0269616097
-0.000920169055
0.034741316
0.0986020193
784
0.0144311152
-0.0276491866
0.0144085251
0.0211923979
-0.0336880498
0.0192490108
0.018089693
0.0334377997
-0.0109458137
0.0336909406
0.0293236785
-0.014137106
-0.0313565917
0.0237382352
-0.0280135442
-0.0346257053
-0.0135333482
-0.026399035
0.0257290266
-0.000836331397
0.0152327642
0.0170859359
0.0204699636
-0.0327619202
0.0133038834
0.0269385614
-0.0293942448
-0.0290411413
-0.0230193138
-0.02842292
0.0103006363
-0.02007493
0.0292205047
0.00630089082
0.00913180877
-0.0285042059
-0.00843853038
0.0202953499
0.017028546
-0.0126165217
0.00908707734
-0.0120053245
-0.0239372738
-0.0220495313
-0.0273863934
0.0142582301
-0.0205863323
0.015287485
0.0272354577
-0.0200796984
0.027721988
0.0043560788
0.0169026442
0.0113149323
0.0271873064
0.00848885998
0.0293720998
0.0140250474
0.00465415651
-0.0338811539
0.00541371247
-0.0181225184
-0.0332932435
-0.00197527208
0.0162115544
0.0318538025
-0.0187328383
-0.005032368
0.00764139835
-0.011488867
0.00257471832
0.00246896781
-0.0437472686
-0.011756964
0.0127164163
-0.0432191715
-0.037371479
-0.00681829033
0.0226424374
-0.0338830873
-0.00820752326
-0.0149271861
0.00350334868
0.0236258321
0.00788309798
-0.00876302458
0.00551762246
-0.0267484393
0.00849035196
0.0312883183
-0.0334536172
-0.0181792062
0.00233017467
0.0252733063
-0.0031154626
0.0306729954
0.0268725436
-0.0561299995
-0.0453465767
0.00949975196
-0.0580649339
-0.0136132427
0.031039957
0.00258637383
0.0241389778
0.0134039614
-0.0263715461
-0.0276592858
-0.026179051
-0.0292420387
0.0152649647
-0.0132274311
-0.0277184211
-0.00632873457
-0.00995055865
-0.0187115613
-0.0284917429
0.0240442865
0.0314230323
0.01811333
-0.0154992407
0.00149116467
0.0302928593
0.00700139673
-0.0102574984
0.0181711242
-0.0351924822
-0.0288868211
-0.0611829497
-0.0538539812
0.0286094602
-0.0381382704
0.0213798732
0.0321888402
0.0464342274
0.0541148409
0.0649357811
0.00893148035
0.0173157714
-0.00857850164
-0.0346215144
-0.0266498774
0.0240359902
-0.0312735513
-0.0193549357
0.00710318098
-0.00893754978
-0.0422447734
-0.0263309367
-0.0435586646
-0.0241915192
-0.055927556
-0.0249719713
-0.0619604327
-0.0154145844
-0.0378669463
-0.0322180204
0.0199504066
0.0503306761
0.0533677079
0.0495525748
0.00996120274
-0.00411504274
0.0782558173
0.0141037162
0.00750587415
-0.00770708034
-0.030584706
0.00856647268
-0.0232851561
0.0375402346
0.0226379614
0.00915638451
-0.0189504214
-0.0364835598
-0.0448391214
-0.0791468695
-0.104453452
-0.114617638
-0.07721892
-0.0716211051
-0.0533764511
-0.0238386597
-0.0324789546
-0.0105628064
0.0112602217
0.0438058078
0.0641998872
0.0340397917
-0.03973943
0.0117916474
0.00691265659
0.0357133448
0.0495383777
-0.0250842944
0.00193036161
-0.0303433333
0.0136953508
0.0307344161
-0.0181963798
-0.00940275565
-0.0354806073
-0.0737692937
-0.158713028
-0.174850196
-0.185270369
-0.10316249
-0.0915522873
-0.0822895914
0.000676547934
-0.00100122462
0.0118502984
0.0134907244
-0.0151810162
-0.00287208566
0.0200985149
0.0185752343
-0.0164755583
-0.0390066877
-0.0120589724
0.00275587756
0.00876823906
0.033579573
-0.0236924682
0.0122406995
0.0272714961
-0.00674252911
-0.00632204907
-0.0655191094
-0.100982316
-0.135230884
-0.198974088
-0.182444394
-0.155776709
-0.133685932
-0.0127428742
-0.024920905
-0.0145066204
0.0032456608
0.0446742252
0.00482479762
-0.00863981899
-0.0133996876
0.0303795654
-0.00824400876
0.0480213687
0.00247915229
-0.0424183235
-0.0129556945
0.0382480174
-0.00287292409
-0.0342757739
-0.0257133823
0.0171179231
-0.0419940352
-0.0465045646
-0.0711513236
-0.120012723
-0.150267735
-0.141085386
-0.107520401
-0.0874114558
0.0111689568
0.0236214809
0.0422810689
0.0679079294
0.0402474739
0.0695229173
-0.00742609985
0.0408846997
0.0302420259
-0.0104642268
-0.0364851356
0.0162845869
-0.0680819005
-0.131103888
-0.00730017154
-0.00826616399
-0.0129091945
0.0166459139
-0.0198400877
-0.00853810087
-0.0397851206
-0.0279281288
-0.049981866
-0.0967341736
0.00455626333
-0.0751881227
-0.0537326485
-0.0187965184
0.0106482795
0.0124056023
0.109097093
-0.00828221999
-0.0472304747
-0.026066076
-0.0448464528
-0.0854084268
-0.0308653284
-0.000629701826
-0.0806445107
-0.0668233559
-0.0619936176
-0.0944055468
-0.0703042075
0.0370080806
-0.0303865187
-0.00513125677
-0.0011600852
0.0217561033
-0.0471365079
-0.0300791319
-0.0195655357
0.0297255237
-0.00754380971
-0.0448716693
0.0435253046
-0.0140266977
-0.0349770635
-0.0153072653
-0.0156366564
-0.120665886
-0.157785326
-0.0396822095
-0.0786558837
-0.0283304211
-0.0133930873
0.0195172727
0.0102243628
-0.0801525414
-0.0742472336
-0.0789209679
-0.070204027
-0.028741844
0.00701402081
-0.0248050075
-0.0280885063
-0.0289192889
0.0149662038
-0.0138208354
-0.0302471574
-0.00956088118
0.014194564
-0.0277679171
0.0221152846
-0.0275179092
-0.036938116
-0.0290625952
-0.0434345193
-0.0501568578
-0.0482286066
-0.0090672737
-0.0814641267
-0.0805982053
-0.0924827233
0.0177417099
-0.037599463
-0.0301316604
-0.0769108608
-0.105537407
-0.0800686851
-0.0139946686
0.00196933234
0.00350547093
-0.0199647751
-0.0282089766
0.0199644919
0.00995057076
0.0262425933
0.0328167751
0.0689977258
0.0626984313
0.0807505548
0.00111032254
0.0262661427
-0.0110647986
-0.0122277606
0.0265956465
0.068504855
0.00223143143
-0.0056494819
0.0244901683
-0.061069753
0.0254355986
-0.0381019115
-0.0330896303
-0.0329234451
-0.0472587049
-0.0923565701
0.00146360975
0.0376338996
0.00314019294
0.0065977145
-0.00149526016
0.0154009368
0.0177293047
0.0646665767
0.0566305183
0.116946489
0.143979535
0.150909245
0.0619464889
0.0519520082
0.036489673
-0.00622653216
0.0318199955
0.0578424521
0.0447423011
0.119092897
0.0723242834
-0.00890421122
0.0216614883
0.0337538049
-0.0346080735
-0.0559735522
-0.0659097284
-0.0701732859
0.0514457226
0.0350920595
0.00941141788
0.00765200192
0.00989106763
-0.010651161
0.0523595251
0.0879442021
0.124686919
0.184267208
0.127325326
0.121246815
0.0837823376
0.0638288185
0.0206534062
0.0199197438
0.0455357954
0.011370006
0.0839886963
0.122324415
0.0894736648
0.00240063295
0.0420927592
-0.0463229343
0.0106544234
-0.0231408942
-0.0175328944
0.0222936049
0.075607717
0.0506278351
-0.0122791538
0.0113249253
-0.0348636061
0.00408130558
0.046525456
0.0910316706
0.12138509
0.15149571
0.173518464
0.0770468339
0.0680320784
0.107016392
0.0635879189
0.0985582843
0.0996569544
0.0111147929
0.0526443459
0.0889803544
0.0943827033
0.09754318
0.0231449213
0.0833784416
0.0022181524
0.0303738788
0.000267989439
-0.0223565046
0.0504019894
0.021689469
0.0378009714
-0.00389001518
-0.0223993696
-0.0264346618
0.055812221
0.0376988761
0.0898726583
0.153320149
0.231147453
0.140991867
0.115104929
0.159798831
0.1024931
0.0969682783
0.0335218161
-0.0141778495
0.0975051969
0.0889817029
0.0164426472
0.0707846805
0.057921581
0.0323254652
0.0229290593
-0.0323478431
-0.0730143562
-0.056344822
0.00901311357
0.0311523285
-0.0103219673
-0.0187318027
0.0101332497
0.00944307819
0.0221705195
0.0379101187
0.143699721
0.183776811
0.141095921
0.0837562084
0.150073111
0.113639459
0.129038319
0.0634180307
0.104909644
0.0891696513
0.0868998617
0.0716287717
0.0502878912
0.0438012145
0.0429008007
0.0275726225
0.0313115008
-0.0474972352
-0.0132321855
0.0250011962
0.0197192896
0.0306924805
-0.0326249152
-0.0201050639
0.0209655166
-0.00822833274
0.0162378997
0.0195935816
0.10591732
0.0529282577
0.0440073796
0.0319363736
0.0111388406
0.0421793386
0.0519988835
0.0191484354
0.00943932775
0.0800420269
0.0768761337
0.0550410077
0.0136657655
0.076016359
0.0833973736
0.00517441798
0.0499484353
0.00990477111
0.0582262687
0.0526256114
-0.00502440659
-0.00593461655
0.0347563811
-0.0112281535
-0.00090499263
-0.0105748829
0.0566532128
0.0546763204
0.0187169816
0.0405044816
0.0333400667
-0.0351937599
-0.0082158586
-0.0692070127
-0.0990921929
-0.139397785
-0.0603100695
-0.0320825242
-0.00442407234
0.0128436247
0.0519023091
0.0604477637
0.0070225941
0.00125321315
0.0576901138
0.0285006966
0.0169046987
0.0754337832
0.00814444199
0.00501388824
-0.00558745675
0.0201060772
0.00356331165
-0.0266774166
0.0433516838
0.0339488313
-0.0541756302
-0.0400013961
-0.104899041
-0.099119924
-0.100674316
-0.129277334
-0.12002638
-0.0995345786
-0.0777396783
-0.0548194312
-0.0477567427
0.0246166475
-0.00244443002
0.0064938264
-0.00497859018
0.056717176
0.0973215327
0.0486804992
0.0379943326
0.0725260079
-0.0256245621
-0.0387492329
-0.0218923781
0.0166918114
-0.0231604893
0.0325091407
-0.00432274165
0.00235263491
-0.0879652351
-0.15836142
-0.180036724
-0.166297227
-0.114045471
-0.127879456
-0.0794133246
-0.104674883
-0.103796437
-0.0537476093
-0.0801138654
-0.0364337265
-0.0858419538
-0.073527202
-0.045977138
0.101498544
0.0609683618
0.050004974
0.0208478682
0.0473522618
-0.0323183201
0.00224262779
-0.0167481489
0.0039636828
-0.0252388865
0.0249446966
-0.0291698165
-0.0176211372
-0.046534773
-0.136616394
-0.160159647
-0.159768298
-0.0968267769
-0.132500157
-0.0379925072
-0.0808178186
-0.0569360852
-0.0964634791
-0.0857577547
-0.129556835
-0.0949843153
-0.0281985942
0.0114345215
0.0852866396
0.119008265
0.0700752959
0.0609902777
0.0257566944
0.0156212356
-0.0165101085
0.0165167637
0.0258257799
-0.0175914019
-0.0155421235
0.0193219241
-0.0254652984
-0.0408984013
-0.00758036459
0.0123933516
-0.0282230563
0.0266870949
-0.049803786
-0.0232674181
-0.0349028483
-0.0746880248
-0.090766944
-0.0894490182
-0.0652936324
-0.0236997716
0.0365193412
0.0410301723
0.0871508941
0.0742913857
0.0985305458
0.0128083536
-0.0246593952
0.0286128931
0.000406602689
-0.0151151568
0.030981075
-0.015323814
0.0242480189
-0.00329933269
0.0264011566
0.028344281
0.00739574945
0.0596363507
0.0225077569
0.0383514538
-0.020353457
-0.0106909741
0.0157205313
0.0209971536
0.0187433511
0.00907879788
0.0208343938
0.00313403341
-0.0104660857
0.072726123
0.0496263951
0.0632057339
0.00591199985
0.0456224009
-0.0360696018
0.00704470323
-0.0281017199
-0.0125190001
0.0217582025
-0.0241479538
0.00251409411
-0.0310354531
-0.0215536151
0.0524511859
0.0126229199
-0.00427443674
-0.00070428726
0.012410868
0.0313055031
0.0526829734
0.0628968999
0.0488576367
0.0889097899
0.0226844791
0.0678275228
0.0243426599
0.01372186
0.0236035902
0.0222835578
0.0386904776
0.0276783183
-0.0268132221
-0.00212652213
0.0354986601
-0.0168619007
0.0306072868
-0.0119311661
-0.0271015167
0.00484930351
0.00222266838
-0.000735013979
-0.0165688023
0.0183649473
0.0287771896
-0.0341673233
-0.0107546467
-0.010073333
-0.0222687926
0.0338595919
-0.014294384
0.00777964108
0.0351221636
-0.0217195395
-0.0240476467
-0.018361304
-0.0339709334
-0.00645905221
0.0225375462
-0.0291652959
0.00560743408
-0.00235951319
-0.0134461783
0.0100962371
-0.0268664882
0.102318548
784
0.0121819079
0.0270249508
-0.00590919703
-0.0301326141
-0.0102576539
0.0282033496
0.0136742033
-0.0348214768
-0.0302444566
-0.0328566395
-0.00720304251
0.00990064442
-0.0281677451
-0.0120340465
0.010332522
0.00427625049
-0.0342909135
0.0297698639
-0.0150504
-0.0234640129
-0.00248928368
0.0197567642
-0.0194921158
-0.0325334705
-0.00429936126
0.0263576806
-0.00643496402
-0.00958508253
-0.0250505283
-0.0242080521
-0.00756718218
0.0326398872
0.0071485457
-0.0151874516
-0.00730566215
0.0274598692
-0.0242892466
-0.0260823853
-0.012393306
-0.0249377172
0.0107171973
0.0101333875
-0.00469649071
-0.0132572874
-0.0288254954
0.0125490539
-0.0196522493
-0.00272298278
0.0264108833
-0.0202305485
0.0274679232
-0.0123923067
-0.0134770684
-0.00907211937
0.0248916335
-0.00347927213
0.0238842331
-0.00627161376
0.0215699039
0.0134630809
-0.0347377844
0.010411961
-0.000219669091
-0.0131745581
0.0115879048
0.0198908281
-0.00864118244
0.0342254788
-0.00312336604
0.0389158987
0.0607484654
0.0431438647
0.0612688139
0.0304758251
0.0574196652
0.0823574662
0.0166295171
0.0513783172
0.0513468497
-0.0158528127
-0.0168262068
0.0239430536
-0.0354529172
1.51619315e-05
-0.0308829527
0.0216727443
-0.0319621488
0.0325212367
-0.0250446331
-0.018435264
-0.0151141062
-0.000293588149
0.00153700355
0.0208755303
-0.00432567624
-0.0441940576
-0.0727745146
-0.0126931267
0.0379199535
0.0265620071
0.0587907769
0.0141974771
0.00428127544
0.073185645
0.0321336016
0.065172419
0.0618038848
0.0484378599
0.0430427641
-0.0293068122
0.00505079143
0.034148965
0.013058681
-0.0228081606
0.0274126176
0.0219648834
0.024275519
-0.0188650526
0.0234849695
-0.00791427493
0.0021703206
-0.0727166459
-0.091353558
-0.115029797
-0.0433525704
-0.0657864809
-0.0559922531
-0.0881141424
-0.024218034
-0.0250087995
-0.0319944993
0.0434279032
0.0587138273
0.108097255
0.108199067
0.0835395083
-0.0302019995
0.0120430142
-0.0109729124
-0.0306702908
-0.0200521406
-0.016304221
-0.0249579437
0.00599380583
0.0192619041
-0.0356491953
-0.00883047935
-0.0185492113
0.0158756748
-0.0602544956
-0.102557354
-0.063217625
0.0607467107
0.0161555968
0.0630762205
0.0385931022
-0.00648123724
-0.0146571416
-0.0461862646
0.0169869531
0.0140048126
0.0625563338
0.065381147
0.0840526745
0.0680810213
0.0020636546
0.0178542994
0.0258579012
0.0109028667
0.0301806126
-0.0148788514
0.0247726161
0.0174673516
-0.0342940874
-0.0251386575
-0.00779132592
-0.0809131265
-0.0967179313
-0.133691072
-0.049297791
0.0231188014
0.0213571806
0.0946094468
0.0588230677
0.0255951174
0.0327307284
-0.0135113345
-0.0630937219
-0.0405232087
0.00148156157
0.0678480864
0.050624717
0.0210993756
-4.30592081e-05
-0.012932769
0.0124436738
0.0153870862
0.0237180162
-0.0279125944
-0.015948344
-0.00902998913
-0.0190627389
-0.0767347962
-0.111022264
-0.0838304311
-0.0850022286
-0.0862192959
-0.0194609016
-0.0366963744
0.0281761289
0.0802799612
0.10563232
0.0240133442
0.0941221863
-0.0331454016
-0.00374914822
-0.0371735692
-0.0312855281
0.0123238657
0.0434876978
0.0549040958
0.00837283023
0.0172619987
0.0304378401
-0.0286697466
-0.0244435202
-0.0108604068
-0.0370522924
-0.050513301
-0.0178374145
-0.0521117039
-0.0202754848
0.0310548302
0.00980931334
-0.0605667606
-0.0197073296
-0.0818774179
-0.00544030778
-0.00573304528
0.0220312737
-0.142864153
-0.0628798008
-0.0700808838
-0.0589084476
-0.0586080737
-0.0676707253
-0.0460448824
-0.0483003668
-0.0130623663
-0.00660164934
-0.0351953097
-0.033333797
-0.00512206042
0.00359966606
-0.0314728878
-0.0190637186
-0.0509211347
-0.0399520695
-0.105149522
-0.0571010299
-0.00651696138
-0.0261099208
-0.0983930156
-0.0157115906
-0.0316675901
-0.0213227496
-0.0388612598
0.0379304364
-0.082896933
-0.0991243795
-0.0572365262
-0.108729355
-0.088029623
-0.0871794671
-0.128435627
-0.1235682
-0.150635347
-0.0694132745
-0.019770002
0.0144002736
-0.00526137277
-0.00227990607
-0.00386722456
-0.0843701437
-0.0446955785
-0.0787421539
-0.0651788563
-0.0211890694
-0.0248625781
-0.038064573
-0.0976757109
-0.0237752348
0.00424931478
0.0246227738
-0.00581677631
0.0661292672
-0.0684849769
-0.0777363628
-0.106593706
-0.0921119601
-0.203486592
-0.111663409
-0.128396466
-0.142511234
-0.17011404
-0.0882340297
-0.0356849246
-0.000546699273
0.0353503786
-0.00157031568
-0.0118086953
-0.0482962355
-0.0571167357
-0.0174658541
-0.0588984676
0.0508623421
0.0334897451
0.105693415
0.125581607
0.0991894677
0.115682743
0.00575281866
0.0250332672
0.0605661385
0.102907814
-0.042302426
-0.120475985
-0.119089261
-0.0904989988
-0.0472827815
-0.0714356527
-0.133114427
-0.140310884
-0.0727043226
-0.0517613254
0.0108545953
-0.0102803707
-0.0307145417
-0.0317010246
-0.0430645123
-0.0343893431
-0.00805094279
0.0273823738
0.107273608
0.163480803
0.10888809
0.0853073299
0.176542029
0.117836893
0.0251946691
-0.0413546562
0.124506347
0.141603246
0.0182633493
-0.099350512
-0.0827095509
-0.0370989926
0.0223311409
0.00335529284
0.0208277106
-0.0554493889
-0.0311662182
-0.0198018402
-0.0131496545
0.0201162267
-0.000833071361
0.00540206023
-0.0438148379
0.0192059316
0.0347153023
0.096069999
0.07268399
0.110422119
0.0615331829
0.096521005
0.0297279693
-0.0255685672
-0.0314320624
0.0431638584
0.222738311
0.153596148
0.0971639156
-0.022140922
-0.0319318511
0.0430518128
0.0988108516
0.103920028
0.0479031317
-0.00574929547
-0.0548147447
-0.0486335121
0.0256949384
-0.00163580012
-0.00361347268
-0.0215087086
-0.0279827341
0.0070109833
0.0876391083
0.0713635907
0.0521397479
0.0749303252
0.0782770663
0.022962464
0.0389892533
0.0109683368
0.00289909379
0.16968286
0.160717472
0.198478177
0.0611587092
-0.0252004005
0.0551264659
-0.0227058269
-0.00335252541
0.0668245926
0.0292298142
0.012502633
-0.0347396806
-0.0183930304
-0.0159411188
-0.0131267346
-0.0241895244
0.0250289496
0.021965811
0.0204782858
-0.0384521484
-0.02715059
-0.0311135706
0.0638912618
0.0100886179
-0.0224050451
0.0625157282
-0.0236063469
0.0794510692
0.176190004
0.151591912
0.100642666
0.0555132776
-0.0610539317
-0.0322858617
-0.0473336689
-0.0259809215
0.030033851
0.0114462208
-0.0384494402
-0.0354301967
-0.00876911264
-0.00359082804
-0.0321357585
-0.0355767943
0.0172722954
-0.0434800759
-0.0541954562
-0.067024
-0.0399413742
0.00464658206
0.0613404587
0.0355315767
0.0130123403
0.0567531846
-0.00697320979
0.0383601598
0.153141081
0.107768521
0.0600826591
-0.105887547
-0.117606275
-0.124040484
-0.0604380816
-0.0274329316
-0.0583587959
-0.0470710956
-0.0637797341
-0.0112100672
-0.0392595418
0.00264566019
-0.000721000135
0.0249453075
-0.0111072129
-0.0245654061
-0.0906034335
-0.091550529
-0.0755742639
0.0220804177
0.0666109174
0.0352526344
0.0520786345
0.0167211667
-0.00808492675
0.0248103421
0.121400945
0.0113591524
-0.096614264
-0.199211881
-0.113414422
-0.120007798
-0.0468110442
0.0046687671
0.00409840886
-0.08258982
-0.0342311487
-0.0452060811
-0.0038540191
-0.0345770232
-0.0271935798
-0.00847338047
0.00234489515
-0.0307326205
-0.0921284109
-0.143001676
-0.117591277
-0.0668562278
-0.0385719128
0.0247344859
-0.0725056008
-0.0730581135
0.0836542249
0.0636223182
0.0298483297
-0.0503966771
-0.0921729952
-0.186471179
-0.0280488655
-0.0505906641
0.0519461595
0.0200277548
-0.097063072
-0.08476457
-0.058044862
-0.0155841652
0.0158565491
0.0178250782
0.00874293875
0.0130750928
0.013795564
-0.0441836044
-0.0947973207
-0.127955094
-0.134030089
-0.0414076559
-0.0574554987
-0.0106107686
0.0289833173
0.082167089
0.0156958066
0.034615647
0.000932621071
-0.0523813292
-0.0162838455
-0.120967008
-0.0782455802
-0.0242738426
0.0674686506
-0.031880755
-0.0956895277
-0.114208758
-0.0664091632
-0.0188207384
0.00200935546
0.0174761787
0.0344578512
-0.0111150341
-0.00327034458
-0.0733278915
-0.0999662504
-0.179027542
-0.123858616
-0.110566728
-0.0799587891
-0.000222792951
0.0480789281
0.0948073342
0.0979221836
-0.0348849185
0.021355927
-0.0558481701
0.0169099905
-0.0018866834
0.0275667179
0.0311090834
0.0386377499
-0.0306081679
-0.0795717463
-0.102716044
-0.0352153704
-0.050558392
0.0211322289
-0.00577733666
-0.0101785949
-0.0130030895
-0.0217200238
0.000538449036
-0.0315360539
-0.08853589
-0.113402225
-0.107316896
0.0428105742
0.153971404
0.0898168758
0.0350456089
0.0946752056
0.0348324254
0.049935095
-0.0101369023
0.0324566253
0.0624846146
0.03700573
0.0338139273
0.0215224456
0.0243150089
-0.0503315963
-0.0616807863
0.0104283616
0.00797849055
-0.0388524011
-0.0347327776
0.00550815184
-0.00604710542
-0.00737857306
-0.0187051035
-0.0558345206
-0.0597662106
-0.0717360601
-0.10436824
0.0201374702
0.0245273709
0.110801317
-0.00124247256
-0.0421839058
-0.0173128471
-0.0100415424
0.0316481255
0.0760928318
0.0109752091
0.0581233799
0.067989476
0.045096945
0.03941679
-0.0610660315
-0.055353418
0.00979494397
-0.0411732532
0.0178114735
0.0307432916
-0.000167891383
0.0353921019
-0.026193846
-0.0177455507
-0.0793451667
-0.0546122082
0.000247663411
-0.0149506154
-0.0483008176
0.0106905624
-0.0277111772
-0.0329366997
0.0353047773
-0.00205390644
-0.01211973
0.0102886446
0.0170514993
0.0561061651
0.0594126508
0.126627147
0.0208987091
0.0382643342
-0.0161272064
-0.0380469523
0.0102830576
-0.0395507589
-0.027395457
0.0357136764
0.0254455321
0.0201692581
-0.0171492081
-0.0507326871
-0.00810281839
0.040238034
0.0251809098
0.0229220297
-0.0590592474
-0.00951281283
-0.0123125426
-0.00991619471
-0.104477175
-0.144402787
-0.122485913
-0.085636124
-0.0604258552
-0.0645945519
-0.0325583369
0.00181976729
0.0042660404
0.0451245382
-0.0130408863
0.0216416679
0.0108467527
0.0259761158
0.0140695889
-0.0241013207
0.000558141619
0.0235693343
-0.013212027
-0.0227032173
-0.0237079635
-0.0120857637
0.025299659
-0.00130874419
-0.0623286441
-0.052311223
-0.0472097248
-0.10548158
-0.153004304
-0.123533949
-0.087942563
-0.139102072
-0.184895709
-0.0698897988
-0.0529785641
-0.0529490001
-0.00507302303
0.0126539292
-0.0185620468
0.000696815725
-0.0191908721
-0.0187009182
0.0114815654
-0.0050546024
-0.0241291821
0.0322623067
0.0183129236
-0.000313306256
-0.00120350416
0.00619601412
0.00100031705
0.0284446795
0.000189896891
-0.0143960165
-0.0294709895
-0.0281754751
-0.0148996469
-0.0457446538
-0.0308886506
-0.0194895901
-0.0515336245
-0.0578173436
-0.0558478013
-0.023579292
-0.0372587107
-0.0406450555
0.0145052196
-0.0279873535
0.0230127983
-0.0240383595
0.00187109038
0.0188980289
-0.0236830879
0.0297826268
-0.0148645267
0.0290714689
0.032745257
0.0226940978
-0.00444394443
-0.0260045808
-0.0242505483
0.0113291834
0.0161167569
-0.0268646684
-0.00263967784
-0.017859498
0.0217985529
0.00711832801
-0.0190145224
0.0199604034
-0.0235219542
-0.015040189
-0.0110641299
-0.0151032843
0.00989056658
0.0243402906
0.01363343
-0.0058076214
0.0341571681
0.00802110508
0.350047052
784
-0.032628227
-0.025473766
0.00531126931
-0.0192586966
0.0333874188
-0.000528343022
-0.0227409564
0.00703614205
-0.0292633176
0.0285950042
0.0247890316
-0.0136132743
-0.0125768343
0.0189329982
-0.0300727524
-0.0269232877
-0.027410483
0.0263233632
-0.0118573252
-0.000336375087
-0.0106143299
0.0335505344
0.0266630277
-0.0173589829
0.0333044492
0.033494208
0.00862223655
-0.014646979
-0.0289095044
-0.0248871483
0.00742534176
0.0120479763
-0.00967108831
0.0294732153
-0.00877404958
0.0137579022
-0.00171310944
-0.0199812837
0.0101856403
0.0309242066
0.0108939596
0.0145546645
0.0320888087
-0.00401426991
-0.0192736275
-0.0193779692
-0.0108789233
-0.00779362023
-0.00581354182
0.0130858468
-0.000407478772
0.0197352283
-0.0243216306
0.0120728463
-0.0203099251
0.00823831931
0.0328464247
-0.0215810388
0.00179090642
0.0260006972
0.0053709764
0.00944428239
-0.0302231777
0.00523997983
-0.024269972
-0.0174222793
-0.000545963936
0.0142888632
0.0281445105
0.0159066264
-0.0185821429
0.0286781043
-0.0369555056
-0.00448179757
-0.0475559346
-0.0212822184
0.0165327061
-0.0152500197
-0.031332735
-0.0103004742
-0.0208516326
0.0292901341
-0.0341446549
-0.012049729
-0.0197985489
0.0315244235
-0.0260594171
-0.027488092
-0.0243562553
-0.0247635823
-0.0120201372
-0.0260463543
0.0310430843
0.00852340367
0.0426567979
0.0370029472
0.119784422
0.0817177817
0.0607235543
0.0752654821
0.0441360064
0.00314467005
-0.0488506481
-0.0504855067
-0.0248379204
-0.0506773368
-0.0523593985
-0.0163680092
-0.0030865767
-0.0160140563
-0.00258028088
-0.0253291447
0.00736471638
-0.00691016391
-0.00382698234
-0.00727325492
-0.0083250301
0.0163306743
-0.00066506397
0.0249115471
0.0480630398
0.0963302329
0.0895277113
0.163295522
0.163647711
0.17625469
0.121676162
0.126366511
0.00874721538
-0.0219102576
-0.0144109232
-0.0958222672
-0.0855647027
-0.10436447
-0.0666632876
-0.0477484874
-0.0483233221
-0.0393255837
0.026831314
-0.0144753894
0.00596914068
-0.0337940268
0.0239290204
-0.010979834
0.0387852751
0.0487253815
0.0873793066
0.102750331
0.0630511791
0.0283797812
0.0405456647
0.0964440405
0.0913514569
0.235493019
0.116240397
0.121909611
0.0115387486
-0.0312943533
0.000321678439
0.00593997445
-0.0786398053
-0.0741969496
-0.07856673
-0.0732218325
-0.0611970909
0.0198539775
-0.0335097462
-0.036281351
-0.0262692943
-0.00798507314
0.0322004035
0.050061658
0.0251415167
0.0520970784
0.0790969431
0.0181069635
0.0684593245
0.0872452259
0.0929948315
0.087926507
0.0858180374
0.181132138
0.214927748
0.143221423
0.134771198
0.13359417
0.185262352
0.0305316113
0.0119357333
0.041472353
-0.13279891
-0.186437592
-0.128703013
-0.063104488
-0.0196878947
0.0143656218
0.0215154029
-0.00969982892
0.0129909236
-0.000516804459
0.0114477361
0.00745733595
0.0476857722
-0.0140590109
0.0426165275
-0.0128247859
0.0411808975
0.0348023511
0.14920029
0.161237657
0.264200658
0.251520038
0.239730448
0.172389179
0.198031515
0.0942599252
0.119213931
0.0547504127
-0.0622465052
-0.167534545
-0.178236023
-0.0875389725
0.0214363784
0.0113012921
-0.0081792064
-0.0182247888
0.0142778344
0.0436237566
-0.00319526554
-0.0352043435
-0.0609197281
-0.0401358567
0.0172148068
-0.0411394686
-0.026492063
-0.0286667999
-0.02760957
0.0500105247
0.274812728
0.294520438
0.330698609
0.31803298
0.210967243
0.178141877
0.063348338
0.0675479993
0.0721263811
-0.0832326114
-0.166934133
-0.109789357
-0.0360135846
-0.0357837938
-0.0316491239
0.00835121423
-0.000639071164
0.032896135
-0.0185063593
-0.0418715142
-0.020602623
-0.0171895325
-0.0396993831
-0.0073226341
0.0225316975
-0.0579390936
-0.0662785769
0.0304499511
0.167986482
0.248571321
0.179393604
0.206043288
0.0815941319
0.0816914216
0.0980321392
0.0345726982
0.0425192155
-0.0107171116
-0.093649596
-0.0589112453
-0.0237927176
-0.0145029603
0.000836175284
-0.0305319987
-0.0295356959
-0.0159575623
-0.00608358253
-0.0807735175
-0.0156617407
-0.0372115299
-0.0996161923
-0.0662514791
-0.0713146478
-0.102711171
-0.176012591
-0.140796721
-0.0269572493
-0.0316255987
0.033884149
-0.0580150597
0.0404925011
0.0434438139
0.122794025
0.0485069267
0.097850062
0.0502349772
-0.0120851398
-0.0439902283
-0.0462262966
-0.00142103084
-0.0204016045
-0.00554101495
-0.00968401413
-0.00579160498
0.0048240358
-0.1055834
-0.130022258
-0.097884357
-0.0499552041
-0.140675962
-0.151136115
-0.0446900688
-0.181976572
-0.159006447
-0.136506334
-0.127277672
-0.180229858
-0.0399522074
0.0645058826
0.0929019377
0.176322699
0.101382881
0.0978784189
0.00222471333
-0.0191199705
-0.0141276568
-0.000411272631
0.00881898589
-0.0264931545
0.0208299011
0.0154986382
-0.028468363
-0.0350062735
-0.119921423
-0.0703771859
-0.077672407
-0.0954203606
-0.0977856889
-0.0955630764
-0.144433245
-0.242917687
-0.332700759
-0.124614447
-0.0264616963
-0.0303643625
-0.02162157
0.0359133705
0.164992452
0.088873215
0.0579119213
-0.0034600799
-0.0709606931
-0.0592743196
-0.0295125581
-0.0183351338
-0.00431721564
0.0273698792
0.030509185
0.0162938237
0.0060883346
-0.0545921102
-0.111585066
-0.0481098294
-0.0432808287
-0.046098832
-0.0386564657
3.57124045e-05
-0.094287999
-0.192777455
-0.119531989
0.0231771078
0.0258313492
-0.0126458947
0.0516256876
0.0683712661
0.073995918
-0.0145599358
-0.00213747937
-0.0331008658
-0.137398556
-0.0847905427
-0.0170603506
-0.0205499716
0.0240977611
-0.0305539146
0.00384300388
-0.00449511316
0.014264402
-0.0118602822
-0.0655188262
-0.00654902216
-0.0576223619
-0.0652665868
-0.0810598284
-0.0852409452
-0.1229726
-0.0654864833
-0.0495841801
0.0483791158
0.128560245
0.0226486847
0.00991908647
0.0208204072
-0.00240580598
-0.0226116329
0.00488948217
-0.0427877679
-0.0755402669
-0.0365112498
-0.0426633209
0.037177328
-0.0225169901
-0.0226732455
0.0112978751
0.0115014333
-0.0709361285
-0.0353700891
-0.000474843633
-0.00859429128
-0.0202005431
-0.0248078518
-0.157922208
-0.0784974545
0.0079246005
-0.076003924
0.0150550697
-0.0697881803
0.061260581
0.0171034466
-0.0357736796
-0.0384479426
-0.0674586073
0.0345140472
0.0287520476
0.0290718321
-0.0157467313
-0.0178551842
-0.0189260039
-0.0131052481
0.0241260678
-0.0341227241
0.0256891865
-0.0113556124
0.0134149604
-0.00410125777
0.00593525684
-0.0225840975
-0.0333646014
-0.0197738502
-0.0366445147
0.00288467971
0.0515443645
-0.0146348914
-0.103694707
-0.130441755
-0.0757508576
-0.0750085339
-0.0933099315
-0.0678293183
-0.0799467564
-0.0840448961
-0.0386000238
-0.0224930868
0.00520196091
0.0112796901
0.0261913072
-0.0243841689
-0.026138518
-0.00984499976
0.0352465287
0.0281518791
0.0222880393
-0.0271720178
-0.0560109355
-0.109336726
-0.0304826647
-0.0322043933
0.0159854405
0.0513320938
-0.0118920282
-0.0291578602
-0.0190411061
-0.0879986808
-0.091315791
-0.0310614258
-0.0611432083
-0.092272386
-0.0727459043
-0.144580886
-0.0586805828
-0.0610908829
-0.0681555048
-0.00336078065
-0.00421604654
0.0296552684
-0.00713171391
-0.0189384725
-0.0108291907
0.0186729152
0.0330906287
-0.0418312028
-0.0555483997
-0.0480208024
-0.0395267382
0.0168495979
0.0554047711
0.0714758337
0.0392818041
-0.0609480813
-0.0944041163
-0.10839361
-0.00642000372
-0.0676271245
0.00697806478
0.00876253005
-0.000546770694
-0.0432543904
-0.042123653
0.0203028582
-0.00246522995
0.0347463228
0.0782242417
0.0209599212
-0.0173477791
0.0209334753
0.00420707325
-0.0280292761
-0.00591360033
0.00835724641
-0.023134632
-0.0856327042
-0.0089301886
-0.0314576253
0.00726432214
0.0840659216
-0.0128123965
0.014072191
-0.0372649133
-0.0289683267
0.0207046773
-0.00658931024
0.0398847163
0.0478279777
0.00431857817
-0.0057667722
-0.0455654785
-0.00494585885
0.0252158586
0.0141664445
0.0655743703
-0.00323816948
0.0132240048
-0.00171216577
0.0096094422
-0.0222371966
0.0507321358
0.0515365079
-0.0201404374
-0.00831840001
0.0071542142
0.0137341563
-0.0289893076
0.000728259969
0.0199316964
0.000647080014
0.0693438277
0.0709752664
0.0280428417
0.029642107
-0.00147825351
0.0215500053
0.0331366807
0.012196267
-0.0109873647
-0.038258031
-0.00265089958
0.0680212677
0.00319855614
-0.0155232819
-0.0100101791
-0.0255115032
-0.0325373076
0.0159352086
0.0392214879
0.0366314352
0.000372604583
0.021161342
0.00354874902
-0.00168234971
0.0219928045
0.0694267303
-0.00242076232
0.0674135461
0.0639903918
-0.00265050307
-0.0713065341
0.0507801436
0.0213636383
0.0225607287
-0.00843264442
-0.0274149925
0.029824011
-0.0406772085
0.0310710035
0.046204485
0.0336078629
-0.026321264
0.0263402518
0.0173417032
-0.0139103616
-0.0103634335
0.0372220129
0.0346420333
0.0618177503
0.049073644
0.015947232
0.0848699957
0.0865145922
0.114010796
0.024504032
0.0487764589
0.0203307942
0.0989395231
0.0183850564
-0.00912592188
-0.0150018753
-0.0781008899
-0.0733803287
-0.0660243109
-0.0419618115
0.0190925859
-0.0181067754
-0.00147042307
-0.0138347084
0.0208609365
-0.0196895823
0.00257232413
0.0187796056
-0.0127433399
-0.0198101383
0.0581398755
0.0208761487
0.0810976624
0.109112896
0.0405625813
0.0390461758
0.06764552
0.127485022
0.0235844925
0.0437900275
-0.0351657346
0.0171175785
0.00575552043
-0.0421110354
-0.118360095
-0.0568176545
-0.112278722
-0.0505726635
0.0310029015
0.0220791493
0.0236360636
0.0108723436
-0.00706011057
-0.00393073633
0.00758072361
-0.0193431694
-0.0287080519
-0.000222000148
0.0171500538
0.0372383781
0.0651757345
0.12222936
0.11351341
0.0567683019
0.0589742549
0.00872165058
0.100652948
0.0572197661
-0.0199209563
0.051639501
0.00263345428
0.0333345123
-0.0836808309
-0.0530292541
0.0100185396
9.60995312e-05
0.00534279458
0.0441316366
0.00401359098
-0.0106242271
0.000727506762
0.0324753188
0.026941251
0.0158678852
-0.0227026325
-0.000167687394
-0.0140317259
0.048423294
0.055922538
0.105942689
0.161333218
0.144583628
0.101766333
0.11896652
0.176648721
0.0906118229
0.0748780295
0.0487701297
0.0559210777
0.0328423157
0.0736836568
0.0951248854
0.0589019358
0.0153559623
-0.0317294635
-0.0339190252
0.0341169499
0.0117407013
0.0275825262
0.0189987235
0.0257936083
0.0131820776
-0.0202490147
0.0319513753
0.0199096128
-0.0127955675
-0.0175226834
0.0169803984
0.0340782441
0.0775666833
0.101572543
0.0787206516
0.127723321
0.105434649
0.164231971
0.0959939733
0.114464462
0.0798313543
0.094892107
0.0101508759
0.0322458856
-0.0187314358
0.00831367821
-0.028948335
0.00475621503
0.00600432092
-0.0222562887
0.009988226
0.0150210187
0.029677134
-0.00216723606
0.00382293388
-0.0336273126
0.0159018133
-0.0100131677
0.0181671139
0.0211535823
0.00190409832
0.0139172142
-0.00970839988
-0.0165314656
-0.0228179749
0.0584234968
-0.00982382335
0.0087778531
-0.0104642296
-0.0190750863
0.0126157729
-0.0266752671
-0.00991992932
-0.00744876824
0.00108780887
0.0319112204
-0.0253549572
0.00211378932
0.0264601931
-0.0852635875
784
-0.0214518309
0.0305135064
-0.0167165939
-0.0271954313
-0.00217222795
-0.00866785645
0.0336085148
0.00114606693
-0.0237877257
-0.0145570859
-0.0180546343
-0.0156531278
-0.0104835965
-0.0150407273
0.0264931452
0.0238162819
0.0140232071
-0.0262470394
0.00890452415
0.0155146569
-0.0309217442
0.0125541948
-0.00167593732
-0.0246038791
-0.0173810646
0.0193337314
0.0133925416
0.017023921
-0.0218347162
0.0239528716
0.00450155139
0.0147263259
0.00530958688
0.0136141824
-0.000269072363
0.0250727646
0.000951500668
-0.0123769511
-0.013423576
0.0245497786
0.027461471
-9.71891932e-05
-0.0205630641
0.0265997872
0.0313205384
-0.0217201822
-0.0124478014
-0.0290957689
0.00757234683
0.00330564822
-0.0118270544
0.0329366513
-0.0288758334
-0.0303959902
-0.00824546069
-0.00999323837
-0.0277639311
0.0144882165
0.00344252377
-0.00564940786
-0.0159980711
-0.0333473608
-0.0183392968
0.0367665067
0.0372576155
0.0262599941
0.00876493193
0.00428694207
-0.00128726044
0.0300160535
0.024099065
0.0488384925
0.0500052348
0.0277572703
0.0305761062
-0.0375941582
0.0246919226
0.00648157299
-0.000638235477
0.000283571804
-0.00762737961
-0.0181677025
5.25228679e-05
0.0256601386
-0.0158206429
0.03106438
0.0275508426
-0.0272061806
0.0232658647
0.0273742042
-0.0171970129
0.0023612401
0.0136949299
0.0508210883
0.0319016986
0.0808959827
0.105023332
0.0786912739
0.094731085
0.113875255
0.0791633949
0.0287783202
0.0448500738
0.00918441452
0.0137299541
-0.0286720432
-0.00420608791
-0.010011429
0.0143379048
0.00197141035
-0.00527565647
0.0111680217
-0.013404306
-0.000433488691
0.00137716776
-0.00822369754
-0.00652398635
-0.00821237359
-0.00744411908
0.0134129869
0.0418150686
0.0747267455
0.116303727
0.086154364
0.0887489617
0.139868632
0.0724226236
0.11295253
0.127762631
0.0733309761
0.0648874864
0.0395284481
-0.0231276229
-0.0578912795
-0.00909037143
-0.0427787267
-0.0573502257
0.00726975314
0.017727403
-0.0148451403
-0.00673063286
0.0210964195
-0.00398256676
0.00760653429
-0.0262228139
-0.0345757268
-0.00847941544
0.0226798616
0.0141273653
0.00472870842
0.044437442
0.0516751856
0.035955552
0.0489687212
0.043845851
0.0331715867
0.0674754307
0.0441500321
0.066651985
0.0367867537
-0.0123630324
-0.0182161909
-0.0054911417
-0.0332481042
-0.0291812085
-0.01249942
0.0361349694
0.00468145451
0.00427823514
-0.0242337175
0.0184840634
0.0351420641
-0.03520317
0.000281465909
0.00516824611
0.00507665239
-0.0478537045
-0.0528540015
0.0186349936
-0.000524863426
0.0305762738
0.0345366709
-0.00016321025
0.0215471871
-0.0123705696
0.0179009251
0.0310914516
0.0158725902
-0.0452882126
0.0199909508
0.0167317949
-0.0602070242
-0.0207504183
-0.00936331507
0.0187866557
0.0293813087
0.0264618304
0.0145273525
0.0144883515
0.0128004337
-0.0104996813
-0.0195342917
-0.0342795514
-0.0383783355
-0.0110335406
0.0365941487
0.0104397489
0.0862713456
-0.0113378204
-0.00774901919
0.00672259228
0.0168677345
0.0757231265
0.038795948
0.055871211
0.0405201688
0.0520424657
0.00602653809
0.0132435095
-0.0312045645
-0.0499414504
-0.0130991684
-0.0267577358
-0.00493823178
0.00263475231
0.0062760138
-0.0091756694
-0.018092066
0.0357798599
-0.00176412554
-0.0103486599
-0.0441767909
-0.0634699315
-0.0422735512
-0.00865859073
-0.07062646
-0.0815487951
-0.133026242
-0.0346677229
0.0771373734
0.126721159
0.0774261057
0.0644051582
0.0593780689
0.0831903368
0.0206020381
0.0604998544
-0.02132966
-0.092960842
-0.0243404713
-0.000274660037
0.0126190269
0.0310175121
-0.0183916986
0.0161484033
-0.0244178697
0.00295845862
-0.0741275176
-0.054829862
-0.132136285
-0.135972634
-0.151546419
-0.14656046
-0.189272627
-0.220500708
-0.216170982
-0.192221463
-0.0658907071
0.0669898763
0.0568515062
0.0880232379
0.104051262
0.0430022515
0.0422552675
0.0113628842
0.0359214954
-0.0527748391
-0.0814567655
0.00208360469
0.0328463167
-0.00116985175
0.0311709587
-0.0233341474
-0.00649616821
-0.0167713519
-0.0538431741
-0.11782483
-0.157329008
-0.211450666
-0.292285889
-0.288351715
-0.273269296
-0.23487179
-0.229276836
-0.167900696
-0.0800096914
0.0742508098
0.0615799539
0.0488036834
0.0129278582
0.074958317
0.00896504335
0.0974536017
0.00137545669
-0.0941263586
-0.0802071095
0.00443215715
-0.00751842558
0.000978205469
-0.0289094467
0.000509130652
0.0134850806
-0.0208275486
-0.133806273
-0.158473805
-0.213856384
-0.147182077
-0.160094559
-0.189771682
-0.158244208
-0.0808781013
0.04203742
0.0163502041
-0.0811905861
-0.114370413
-0.05462154
-0.0813986659
0.00974705722
0.0321351811
0.0652228966
0.0384577103
0.0102454023
-0.0602180995
-0.0297623836
-0.0463974811
0.0103562037
-0.0352896824
-0.0215047281
-0.0215280391
-0.0188622661
-0.086342752
-0.0710262507
-0.122079074
-0.0855228528
-0.0629958287
-0.00554474723
0.0404197425
0.0864286199
0.154796869
0.206747353
0.110101856
-0.0826831013
-0.109176792
-0.0656401291
-0.0995819196
-0.0294952355
-0.00127158838
0.0228695031
0.0778295323
0.0168369133
0.0321515054
0.0170240924
0.0105209006
-0.00312741078
-0.0104727987
-0.0171230268
-0.0127336923
-0.0021410808
-0.0565360934
0.000694085145
0.0242391061
0.0669057593
0.0907900333
0.13226977
0.181532428
0.153928414
0.208404794
0.122326672
0.00439248746
-0.0430190749
-0.0644825473
-0.0887024552
-0.0698164925
-0.0135575105
-0.0250796899
0.0299324859
0.0137065472
0.0502322167
0.00947656296
0.0328161642
0.0347672291
-0.0210308842
-0.0356754176
0.00318854908
0.00679772813
0.0444773994
-0.0290290937
0.0587773547
0.108787976
0.153518438
0.174547628
0.219143108
0.161309719
0.0883626938
0.102286682
0.0890400857
0.0581820421
-0.0136016021
-0.0654080361
-0.0153621202
-0.0600749664
0.0116099613
0.0174338557
0.0499364883
-0.0238021445
0.0476125814
0.0299623292
0.0143094547
-0.010812927
0.0255342182
0.0110082161
-0.000231330414
-0.010435448
0.0340647325
0.0594035424
0.112449273
0.0769941956
0.0903917551
0.087270841
0.146339729
0.0229258165
0.0154202245
0.00195555435
0.00316470326
-0.0553394444
0.00182719796
0.0187371541
-0.0195445921
0.00403449684
-0.0172312837
-0.0205229241
-0.0371279158
-0.0259399321
0.0082553653
0.0392288752
0.0449980609
0.0205836017
-0.0181593392
0.021569632
0.020827122
0.00195436552
0.0232093651
0.0519890003
0.104801506
0.0148454979
0.0662116259
0.0856631845
0.0604352541
-0.0255123246
-0.00577144511
-0.0668340251
-0.07324256
-0.0566022918
-0.00272003654
0.0888125375
0.0761197433
0.0075060199
-0.029706277
-0.0399344712
-0.0290235393
-0.0175890047
-0.0132221449
0.0394610986
0.0170991272
0.0148705123
0.0382672362
0.0119400024
0.0327573791
0.0033221948
0.044012852
0.0315577202
0.0740835369
0.0207282677
-0.0167029239
0.0387862958
-0.0586601794
0.00451630866
-0.0212561917
-0.12024612
-0.0674050376
-0.0541997515
0.058793623
0.132497534
0.0328367911
-0.0299753789
0.0127757927
-0.0723837093
-0.0376505591
0.00200637244
-0.0571043268
0.00839368626
0.0409350619
-0.0140761239
0.00746555021
0.0205477718
0.0138992779
0.0126821119
-0.00166737789
0.0763389468
-0.00741241314
-0.0541265383
-0.024224095
0.0532459207
0.0258278735
-0.041439902
-0.116881758
-0.100721098
-0.0727643445
0.0159000643
0.0937966853
0.0769545659
0.0487854034
0.0302000884
-0.0263741836
-0.00668444857
-0.0263328627
0.0451395921
-0.0313861258
-0.0293953586
0.00433022389
0.0208876263
0.026330363
0.0308043119
0.00541114155
0.00552738598
0.0275367275
0.0431010537
-0.0271111093
-0.0348227881
-0.0134595567
0.0393236428
0.0315863378
-0.0167780891
-0.0954983905
-0.0413654298
0.0426457562
0.0362131484
0.0779114217
0.0230085887
0.0103239892
0.0338657163
-0.0238073003
0.0272181705
0.00354030123
0.0269659869
-0.018621292
0.0103239994
0.00520328153
0.0169195272
-0.0258151814
-0.00939890929
0.033199966
0.0256387498
0.0212751683
0.033015918
0.0405464694
-0.0503777526
-0.0134503059
-0.0251066573
0.0718175769
0.0274232756
-0.012723336
0.0052878838
-0.0112525346
0.0285813734
-0.0179416779
-0.0219273679
0.0187921431
-0.0163720902
-0.0595346279
-0.00400869874
-0.0221756361
-0.0161900427
-0.0530193895
-0.0424642079
0.0317658447
-0.0117931496
0.00205308967
0.0259947535
0.0103984606
0.0174094718
0.0683720484
0.0292961728
-0.00603937823
-0.0371844321
-0.0143042002
0.0185206961
0.00109558774
0.064881593
0.00641889637
-0.00900615379
0.00466843974
-0.0674525946
-0.0563972406
0.0209246688
-0.000319016341
-0.0418222584
-0.024747638
-0.0539373569
-0.0234882254
-0.0310068913
0.0215996429
-0.0098713953
-0.0116414968
0.0178342815
0.00568318833
-0.029121777
0.0224736836
-0.020372685
0.0475517288
-0.00217672577
0.00040179264
0.0146304108
0.00970496237
0.0440511741
-0.0175875984
0.0374948606
0.0644524693
0.0296983775
-0.028311545
-0.0677253008
-0.0554652661
-0.025914561
-0.00614079693
-0.0568717122
0.00592709798
-0.0326199643
-0.0332181528
-0.015646074
-0.01532559
0.0331024379
-0.0309729408
-0.023906732
-0.0175136905
-0.00981424376
-0.0194104481
-0.0158363711
-0.01727839
0.0071069519
-0.00774221169
0.0117446352
0.0796511099
0.0121837435
0.00887318049
0.0748051926
0.0402081572
0.0461233221
-0.0166640151
-0.0162306875
-0.00948316511
-0.0591355376
-0.00528058829
-0.0311654825
-0.0157861877
0.0100789852
0.021958001
0.0107732518
0.0378345735
-0.0165689178
-0.00482847821
-0.021677332
0.0239497386
0.023261454
0.0266756155
-0.0199189708
0.0380490944
0.0299839769
0.0035057324
-0.0252795592
-0.0218822919
0.0225571841
0.0298674796
-0.0073686759
-0.00716467528
0.0250238609
-0.00804417115
0.0177794546
-0.00668844907
0.0172197558
-0.00338846189
-0.0739959627
-0.074738726
0.0169368498
0.0219814386
0.0195603464
-0.0374851599
0.0224810746
0.0211045016
0.0101386821
0.0162715763
-0.0236583352
0.0172542781
-0.00736916391
0.00311860791
-0.0160153434
-0.0270189811
-0.0358375832
-0.0259483624
-0.00797943771
-0.0247475207
0.00910230912
-0.0172730982
0.00029384697
0.0185125563
-0.0225022994
-0.0320871174
0.0183036961
0.00880331919
-0.0352154151
0.0167414695
-0.0434979722
-0.0523975603
-0.0367472507
0.0150043154
0.00532370387
0.000965115789
-0.0263236854
-0.00292756036
0.01076895
-0.00624604896
0.0226492584
0.0232247952
-0.0119438628
0.0216032732
0.0257721823
0.0257696919
0.0117507651
-0.00173610169
0.0277535748
0.00890968833
0.00129184872
0.00354034128
-0.0263024345
-0.0312126298
0.00725396909
-0.00492542889
0.0104362536
0.00112233416
-0.0212716386
0.00913627259
0.00312798028
0.0176960919
0.00806267932
-0.0101792766
-0.0116525535
0.0126950331
0.00826379284
0.0324422456
-0.028970791
0.0165017843
-0.0116404463
0.00187144615
0.0340174995
-0.0138658471
0.030883804
-0.0242611691
-0.000325638568
0.0237752292
0.0278512631
-0.0109269293
0.0231265295
-0.0223474745
0.0214291271
-0.0241037197
0.0163213518
-0.021883497
0.0342487656
-0.0320756547
0.00611871434
0.0164201334
0.00469393283
0.0338022076
-0.0291591808
-0.00691112131
0.0378465764
784
0.0204444453
-0.0330945328
-0.00550670549
0.0202407725
-0.0276311114
0.0324853845
-0.0181881152
0.0266430341
0.00371622667
0.030022528
0.0171283036
0.0182502456
0.0185177475
-0.0138429189
0.00198010425
-0.0201736074
0.0189686082
0.0196516849
0.000193003565
0.0295288377
0.00548410416
0.0284890048
0.028994713
0.0283523463
0.0178211108
0.0194423683
-0.0178829655
0.0124503896
-0.0320690572
0.0154016279
-0.00199293345
0.00473922491
0.00928226672
0.0185272414
0.0049479804
0.0180058312
-0.0193604864
-0.0160188377
0.0241558142
0.0243463609
0.0435362719
0.043153733
0.0240874421
-0.0109348968
-0.0242131017
-0.00305203651
0.022530036
0.0417292565
-0.0118596274
-0.000502213079
-0.00299089449
0.00423155027
0.0196768232
-0.00595126301
-0.0228615329
-0.0194797516
0.0324095525
-0.00690414757
0.0334445797
0.0303852838
0.00299165095
-0.0197565667
0.00483463053
0.0268352404
0.0342052281
0.0350368097
0.0587629527
0.0654043555
0.0634883642
0.0270746667
0.0759656951
0.0497784428
0.0583042614
0.0432179831
0.0370559879
0.0934855491
0.0406239443
0.0212601442
0.0658001229
-0.00838402566
0.0281518698
0.0154459411
-0.0235453546
-0.012463877
0.0196388289
-0.00166380033
-0.0349623002
0.00704594608
0.0343901664
-0.0146850115
-0.00245599984
0.00978320092
0.0610858053
0.0359283611
0.00672611967
0.0364459716
0.0175259914
0.0522755049
0.0882814527
0.0504975431
0.0861496031
0.0717858449
0.0633703768
0.121736392
0.0516374856
0.0587890148
0.0144580761
0.0157736074
-0.0191802178
0.0314442366
0.0376462452
0.0119972453
-0.00520724803
-0.0182052869
0.0259330291
0.0247647278
-0.00616299408
-0.00737886317
0.0233691782
0.00141232135
0.0215839464
-0.0103556514
0.0226617921
-0.0447035618
-0.0532539748
-0.032081943
-0.00716106175
-0.0323944315
0.00406221487
0.0134384995
0.0145133808
0.101733714
0.072410889
0.00196917704
-0.001481566
0.0059709046
-0.00250205561
-0.0221101567
-0.029762039
0.0277254488
0.011984922
0.00200000405
-0.0286808331
-0.0211856887
0.00692745298
0.0260413345
0.0179803018
-0.044029057
-0.0133841485
0.00234479178
-0.0190517772
-0.127487004
-0.122954696
-0.0387852453
-0.0140304631
-0.0230899584
-0.0271120965
0.00786431786
0.00439972943
0.0378087088
0.0275773928
-0.00439739414
0.00909233745
-0.0258025862
-0.00523143588
-0.0230851453
0.0283743218
0.0290325209
0.00767016411
-0.0161299277
0.00642697094
0.00570139335
0.00824047998
0.0190921966
-0.0107370969
-0.0451409779
-0.0382446833
-0.11496532
-0.159473777
-0.0882677287
-0.135192096
-0.0576530024
-0.075425379
-0.10905806
-0.086639151
-0.137788177
-0.123095073
-0.0884517655
-0.0935405642
-0.0879033282
-0.0784566328
-0.0352935381
0.0108509175
-0.0168568473
0.00483573042
-0.00946453959
-0.030026041
-0.00435082708
-0.0268552601
-0.024696162
-0.0335474238
-0.00253027119
-0.0358842425
-0.0448690057
-0.0113462908
-0.0791801885
-0.0701271147
-0.00834503025
-0.0536810309
-0.119116142
-0.00787161291
-0.0752522573
-0.145035088
-0.124630444
-0.101923503
-0.144245237
-0.126180008
-0.0903319344
-0.15299964
-0.0668187961
0.00138986914
0.00864916947
0.0190241523
0.0176325273
0.0303310677
0.0288649313
0.00176454615
0.00318712159
-0.0240644105
0.00610642787
-0.0620362796
-0.0732214078
-0.0591044463
-0.0864041075
-0.102046654
-0.0830392912
-0.0931805521
-0.067871131
-0.0739120096
-0.102155022
-0.148543015
-0.0701251552
-0.119301103
-0.142942593
-0.0654588863
-0.109851249
-0.115038306
-0.121513583
-0.0712143108
-0.0332350321
-0.0335002691
-0.0155488597
0.0297714379
-0.0309586544
0.0119450819
-0.00627324264
0.00807299279
0.00706814928
-0.0472661667
-0.000939510588
-0.014121661
-0.125395775
-0.137462601
-0.0647458881
-0.0678107962
-0.0730093047
-0.0478193872
-0.0175850745
-0.0625938252
-0.0691097155
-0.13493216
-0.0550852716
-0.0490255281
-0.0952954292
-0.120035835
-0.0798347965
-0.056150306
-0.0599592067
-0.0442636423
-0.0014864722
-0.0160458684
0.0187964719
0.0243964717
-0.0312792882
-0.0293182116
-0.0222358815
-0.0481299497
-0.031513866
0.0187207405
-0.0569268875
-0.117046237
-0.121427909
-0.119803719
0.0412101038
0.0181301832
0.119643204
0.0741873384
0.0505338572
-0.00787597988
-0.00875323452
0.0307758078
0.0358629487
0.00623991806
-0.00803935435
-0.0269100722
-0.0401657298
0.0102758566
0.0273643192
-0.0292070005
0.00831773505
0.0165218916
-0.0365178101
-0.0564447194
-0.0454442687
-0.100308865
-0.0135819167
-0.0537090823
-0.0485884547
-0.0375146009
-0.0758134872
-0.0193616059
0.0724208876
0.133751199
0.148251653
0.161562398
0.0953441188
0.0639957413
0.106772341
0.0489684939
0.112181947
0.00857303757
0.0358838886
0.0363265313
-0.0122161517
-0.0331502371
-0.0388984345
0.0317656808
0.0278944224
-0.0303371754
0.0206995271
-0.0181037951
-0.0124650178
-0.0756171644
-0.00371185364
-0.0192050338
-0.0101651633
-0.0164425615
0.0617342182
0.0779543743
0.142003894
0.169743538
0.0872662738
0.130520239
0.0643353909
0.054973226
0.0793331042
0.0280864127
0.0953272134
0.0761855021
0.0514633581
0.0244229306
-0.0324623473
-0.0295177996
-0.0152197536
-0.00498904148
-0.0319430567
-0.0258313138
0.0211190842
-0.0426530503
-0.00324264332
0.0593380593
-0.0131036099
-0.0338402353
0.035260465
0.0770660117
0.0075933733
0.0429645367
0.0374365076
0.0137847411
0.018532224
0.0439525396
0.0540172048
0.0502961166
0.0559517704
0.0463388488
0.0777713656
0.037741486
0.139993057
0.060893178
-0.0329659581
-0.0340289436
-0.0339383967
0.0143252313
0.0330690891
0.00267224014
-0.0140777128
-0.0441345423
0.0100427335
0.0736042261
-0.0432170145
-0.0119729163
0.0686468929
0.102374546
0.0669836625
0.0506210066
-0.000510206271
0.0113976961
0.0121769113
0.0324933827
0.0163600519
0.0706456825
0.0681698024
0.0852594301
0.0855727866
0.0620693937
0.0832984075
0.0693315938
-0.0410795435
-0.0268422905
0.0215853602
0.0270169377
0.0292677097
-0.0263554417
0.0250828769
-0.060299661
0.0109296804
0.0580133013
0.0154363383
-0.0200504102
-0.00189344375
-0.0373227336
0.0159841068
0.0503511056
0.0488820188
-0.0131194126
-0.0160047207
-0.0251635443
0.122018173
0.15240337
0.0889331028
0.106723428
0.0475131571
0.0303044673
0.105190367
0.0738367513
0.000159715404
-0.0227441452
0.00959409401
0.0265588313
-0.013778762
-0.0282394402
-0.0020386593
-0.00395138748
0.0171797443
0.0116392057
0.0248963945
-0.0229154713
-0.0451454557
-0.0447696
0.00901861861
-0.0472158976
0.0646052659
0.0309222527
0.00845245365
-0.0187803153
0.0805229992
0.111580335
0.116390072
0.0747951567
0.0243472401
0.0248655882
0.0452634618
-0.0158631857
0.0118786292
-0.0269333087
0.0115735233
0.000508658588
-0.0224062651
-0.000506420387
0.0229675937
0.0130644767
0.0352036804
0.0620039701
-0.00321593857
0.0302939732
-0.0538953729
-0.0186116491
0.0464580916
0.0189845432
0.024193421
0.0181436948
-0.0203471407
0.0793250352
0.0865683928
0.0693179071
0.0436341614
0.0547149517
0.00868126098
-0.011782337
-0.0269531459
0.000285323098
0.0161181428
-0.00864704791
0.00325031974
0.0346007124
0.0188988391
0.00681286165
0.0226635765
0.000850648095
-0.00836346298
-0.0153317023
0.0398623794
0.0873310044
0.0627311543
0.0240456108
0.0389233753
0.127433017
0.0965928137
0.10443569
0.0898678228
0.106118999
0.0778253376
0.0504904687
-0.00651105819
-0.111283563
-0.0563579537
-0.0423581749
-0.0309380721
-0.0380194485
-0.01933733
-0.00110112131
-0.0312472899
-0.0057288059
-0.0251957309
0.00972560421
0.0155863184
-0.0142379515
0.0160134491
-0.00672526984
0.0178158693
0.0238451865
0.0916561931
0.0888806134
0.154598325
0.189540505
0.154237702
0.129255608
0.14720884
0.0762493163
0.0759774745
0.00346625969
-0.0442311391
-0.0647316501
-0.0779812187
-0.0505600236
-0.0598411486
-0.0160109848
-0.0492350757
-0.0133319208
0.0280953459
-0.0308954939
0.0265527889
0.000880428241
0.00303981919
0.00515565043
-0.0415518992
-0.0243971124
0.0061776978
0.0659001246
0.110005699
0.154478252
0.101483375
0.140967965
0.113065645
0.19327347
0.0675369054
0.0148185408
0.0439306237
0.0696361214
-0.0621734299
-0.0754133016
-0.0859827846
-0.112297364
-0.0692001879
-0.0572907366
-0.0509938002
-0.0203137863
-0.023725763
-0.00274019642
-0.0272500739
-0.0264636818
0.0223236047
-0.0396281183
-0.0548611991
-0.0823370442
-0.0439391322
-0.000633215648
0.082082279
0.113349207
0.0932527333
0.0768670365
0.0864380673
0.0894585848
0.032795459
0.0665125549
0.0411250964
0.027966788
-0.0617824495
-0.0660079271
-0.0970451608
-0.0669654459
-0.0733228326
-0.070911333
-0.0094575705
-0.00118238945
-0.0105206622
0.0127451569
0.0222564247
-0.0200664401
-0.0267399009
-0.048770003
-0.0258062687
-0.131312311
-0.0313664041
-0.0322821401
0.0487507395
0.041068621
-0.0146015882
0.0429400615
0.012384491
-0.0261126012
0.0136767551
0.00123310834
-0.0181275569
-0.0817410946
-0.0835891291
-0.139370143
-0.0685961172
-0.06047149
-0.0607519262
-0.0312244967
-0.0373239517
0.0016273777
0.0353459194
0.015146967
0.00365609676
0.02111369
0.0312863924
-0.00619672425
-0.00883796625
-0.0315074064
-0.0847997218
-0.0371468961
0.0148268314
-0.000553135411
-0.0150945494
-0.00887929369
-0.0704711229
-0.0541765317
-0.0843898132
-0.134821936
-0.161103621
-0.179856777
-0.112749323
-0.109172389
-0.0298991948
-0.0151381232
-0.0211523678
-0.035733413
-0.0155151421
-0.0103493882
0.00286429003
-0.00278016552
-0.0119789001
0.0274586231
0.0236615464
0.0149642183
-0.0128293782
-0.0152261741
-0.0291726943
-0.0490692332
-0.0345850736
-0.0928042829
-0.104306489
-0.102296099
-0.0916905701
-0.089011617
-0.125925884
-0.145122111
-0.152250871
-0.0863968059
-0.065847218
-0.0844936222
-0.0103093414
-0.0552552529
-0.0268621668
-0.0249502454
-0.010546877
-0.0208454747
0.0144896954
0.0282695554
-0.0164526794
-0.0201811716
0.00726552214
-0.00244043511
-0.0216778368
-0.0486310758
-0.0619079098
-0.106510922
-0.0658434257
-0.14136903
-0.10132698
-0.133407071
-0.144439444
-0.173547059
-0.107638739
-0.0634792373
-0.0590813458
-0.109723531
-0.0768975839
-0.00650547631
-0.0235317312
-0.0421047136
0.0131339496
-0.00551439449
0.0228651464
0.00880280882
0.0202753507
-0.01789698
-0.00883761421
-0.0337778777
0.00942645688
-0.0163451135
-0.0133228581
-0.0447609015
-0.0522468053
-0.00154880749
-0.0634756461
-0.035685543
-0.0349750333
-0.0312280226
-0.0209029485
-0.0980322957
-0.0769223422
-0.0610191487
-0.00339920959
-0.0674491897
0.0106941601
-0.0268560667
-0.0240104236
-0.0252380073
0.00595410261
-0.00323634478
0.0227816999
0.0349000506
-0.00630592182
0.016373273
-0.0286923945
-0.0187689438
-0.0210447423
0.0152991666
-0.0194457993
0.0343547761
-0.017392002
0.00259004743
0.0154516483
-0.0197060928
0.00455807988
-0.0277557652
0.00609689578
0.0226948634
-0.0344223306
0.00551025989
-0.00623308448
0.002470223
-0.0144623285
0.00063865527
0.0241264012
0.00799760874
-0.0204615053
0.0199598186
-0.035378024
-0.0269914232
-0.00198668987
0.0628154203
784
0.0285931714
-0.006014999
-0.0226661358
-0.0211550202
0.0190205835
-0.0353325792
0.0225004777
0.0226261429
-0.00814046897
-0.0311323833
-0.027668165
-0.0188268945
0.00436713733
-0.023485817
-0.019337574
-0.0307316147
0.0285118259
-0.0159856789
-0.02844375
0.0173330978
0.0316975676
0.026736021
-0.00486410968
0.0346181057
-0.0306821913
-0.0327166691
-0.0118852071
0.0310620032
-0.012382891
0.0236284845
-0.018942995
-0.0177655406
-0.0139936041
-0.0352112725
0.0321027823
0.0154420864
-0.00487642596
-0.0332291052
0.0253729224
-0.0210208204
-0.0176827032
0.0228252485
-0.0169685595
-0.0156090977
-0.00855393428
0.000769251492
-0.0100691924
0.0298833381
-0.0258795638
-0.0105217667
-0.0186137911
-0.00704295421
-0.0228624865
-0.0355171002
-0.00730946474
0.00698991865
-0.0204872414
0.0280815698
-0.0331006311
0.00710140076
-0.0200797487
0.03368273
-0.0259724651
0.0138511918
0.0127489613
-0.0471961051
-0.00294162519
-0.0320176706
-0.0237171724
-0.0544463471
-0.0317190923
-0.0243622679
-0.0465837754
-0.00158573373
-0.0387169756
-0.00608083187
0.000713042391
-0.0183809791
-0.0182700716
-0.0089291865
0.00195230148
-0.0262989551
-0.0343449898
-0.0219484493
-0.0304217301
-0.0122916847
-0.0149260694
0.000988645595
0.0280641783
-0.0207223631
0.0220286939
-0.0182272345
-0.0656733215
-0.0774804503
-0.0468584523
-0.0393561944
-0.0848012939
-0.0915520266
-0.0169568583
-0.0602408573
-0.0300719198
-0.0125124045
-0.030743178
-0.0420712717
-0.0584333278
-0.0319577977
0.0199703034
0.00438507507
-0.0146786179
-0.00255536777
-0.00201218971
0.0273648612
-0.00728579797
-0.0238248017
0.00610735873
0.030356247
-0.00558536313
-0.00864228141
-0.0233458411
-0.0547774918
-0.000563056616
-0.015455706
-0.013467689
-0.00580617739
0.0365900137
0.0159981865
0.00991355348
-0.0243999865
-0.0643167943
0.0155592132
-0.0243688654
-0.0711666197
-0.0175177883
0.0232634787
-0.0236258376
-0.00437291944
0.0305983108
0.0169337373
-0.00925951451
0.0165142789
-0.00160941854
0.0219364464
-0.0287989955
-0.0317403562
-0.0242992062
-0.0204283036
0.0305254254
-0.00155717856
0.0749308169
0.102124251
0.0713638961
0.158713132
0.140427545
0.112259641
0.0777200088
0.028410947
-0.0166894626
-0.0223515406
-0.0694176853
-0.12877588
-0.0818978697
-0.116590261
-0.120715521
-0.0629010126
0.0210651681
0.0538161322
-0.0282517783
0.00734489178
-0.0237665772
-0.0163098555
-0.0215176772
-0.00689308578
-0.00769802649
0.0644422844
0.0133436127
0.043540068
0.138189942
0.120728336
0.0904553831
0.0583927594
0.112016797
0.0747534335
0.0288248416
0.00587965222
0.00314837671
0.0504066534
-0.031273976
-0.0370691195
-0.0405958146
0.0393316336
-0.036119312
-0.0263158977
-0.0199252833
-0.0110160969
-0.018115595
0.0149705717
0.0340626724
-0.0138398828
0.000660057005
0.00959891826
-0.00506857457
0.0101798894
0.081979081
0.046222467
0.0694587305
0.0814353526
0.0361530222
0.0833094493
0.0116226068
0.073081933
-0.0842297301
0.0299363919
-0.0183536243
0.0534878336
0.0176837184
0.0297645405
-0.01532734
0.0169244744
0.0440442078
0.0412066206
0.0402295962
-0.014000549
0.0248007327
-0.009536759
-0.0312654898
-0.00218203291
-0.0136313839
0.0184260588
0.0253381617
0.0552581809
0.0902633145
0.0710210577
0.098204352
0.118867762
0.0924970061
0.0901604965
-0.0104127163
-0.0723275319
0.0130959759
0.0543446913
0.0380260609
-0.0191258714
0.116636291
0.00873785559
0.0194940194
0.00233426667
0.0243741162
0.0579722747
0.0263011102
0.000370399037
0.0197859202
0.00179560308
0.0196033735
-0.029179126
0.0224305484
0.0513462536
0.0269070454
0.0756514668
0.0781202763
0.0253601521
0.0594296232
0.112674907
0.0537309982
0.0648122877
0.00523828855
-0.0610293373
-0.00958516542
-0.0592089668
-0.0421131924
0.0375568233
0.0982824713
0.110099293
0.1212098
0.118936718
0.0217557736
-0.000146118022
-0.0013196849
-0.0177178252
-0.0143237701
-0.00420563109
-0.0198148713
-0.00718463305
0.0384342819
0.0154094696
0.0616593771
0.0674018115
0.0679350123
0.063239336
0.0594635233
0.184218913
0.0729136243
-0.0582622439
-0.0644268841
-0.0832657143
-0.0602792464
-0.0435096361
-0.0428054668
-0.00275302376
0.0978578106
0.0902244151
0.107586354
0.0467668511
0.0408194326
-0.0259306543
-0.0628997535
-0.0823251531
-0.0342667215
-0.0314644426
-0.0302559137
0.0203687456
-0.00335200178
0.00449133758
0.0467372574
0.0282547977
0.0878916755
0.12746577
0.150371581
0.112610407
0.129043788
0.0408940688
0.0239622723
-0.0419533402
-0.0410609804
-0.0320109613
-0.0685326084
0.0179504305
0.0323084928
0.0816352293
0.114866652
0.0492494181
0.0591141991
-0.0341529138
-0.107646585
-0.0508513637
-0.0179896876
0.0252776034
-0.0337362476
0.00620447937
0.0286357328
0.0301027391
0.0326211341
0.0926664546
0.0622868501
0.0724662319
0.05544848
0.0477835722
0.0789988711
0.113689892
-0.0304883737
-0.0225070361
-0.118748143
0.0115786111
0.0601615459
0.00613693614
0.115153924
0.109837674
0.0984302238
0.0618592501
0.122156739
0.0618939102
-0.0290261954
-0.0304265209
-0.0129400827
-0.00594027666
0.0163092557
-0.0236469675
-0.00322289369
0.0542643107
0.0847767368
0.0794414282
0.064254351
0.0854137093
0.0589220226
0.0498988256
0.126430273
0.108921386
-0.0336239673
-0.047033783
-0.0273617823
0.106119581
0.081821315
0.112658046
0.173358858
0.0467090458
0.069266282
0.137720391
0.137846023
0.061226733
-0.0350392982
-0.000368587789
-0.0123541495
0.0138203055
-0.0349771269
-0.0338980779
0.0202227179
0.00420349045
0.08017122
0.0793551579
0.0438695736
0.140179753
0.0606247261
0.0328624621
0.0598860458
0.0552860871
0.00906948652
-0.00278993975
0.00536155887
0.0282908622
0.0194451194
0.196343794
0.199784294
0.140153453
0.0511836819
0.0289654341
0.0880831182
0.0362458192
-0.00426913053
-0.0388061032
-0.00518623414
-0.0141024357
-0.0157700684
0.00164436549
-0.0286858901
-0.00883644633
0.0742869228
0.0188311767
0.0324331708
0.0627842546
0.0207328647
0.0388634689
0.0664253086
-0.00769277196
-0.0199344289
-0.0187379979
-0.0113455709
0.0742728561
0.0139111811
0.238763437
0.143921733
0.188470528
0.101645306
0.0477535315
0.125266969
0.0418970697
-0.0336348824
-0.0543913171
0.0181049462
0.0279320888
0.0349787213
0.0034622699
0.00451122457
-0.00615613488
0.0260071997
0.00581013085
0.0575059205
0.0847559571
0.0987396166
0.0182821285
0.0137325032
0.0067336252
0.0578169934
0.0147489952
-0.0396730565
0.0705327392
0.108710006
0.240637556
0.136917472
0.0811237544
0.085291557
0.0177343469
-0.015461118
-0.0554259121
-0.0838759169
-0.0981065631
-0.0509122126
-0.0314230286
-0.0306875445
0.0200810432
0.00256191497
-0.0503403135
-0.0272319764
0.0517018437
0.0166115761
0.0728400648
0.0625308082
0.0838515237
-0.0181953833
0.0433126502
0.0186500009
0.06263154
-0.0287428237
0.00192081626
0.122543775
0.184635863
0.0907821208
0.0256740712
0.00725616701
-0.00552368257
-0.0250672717
-0.0740871206
-0.058667589
-0.00790678617
0.019697668
0.0042875777
0.0257367883
-0.0201374814
-0.0186769553
-0.0443567261
-0.0265657846
-0.0186674576
-0.0458403528
0.0105857095
-0.0139843309
-0.0455361009
-0.00835655164
0.0430517755
-0.000798260502
0.0360696651
0.017948214
0.00075286685
0.0746080279
0.0305936225
0.0387665108
-0.00171675067
-0.0237793811
-0.0622943863
-0.0429335013
-0.0885477886
-0.0601281188
-0.0773198456
0.0264566764
-0.0218168069
0.00266828341
0.0176044572
0.0321424119
-0.050468266
-0.062837556
-0.0528158136
-0.0561497211
-0.0430485196
0.021209728
-0.0144819189
-0.0215599816
-0.0464967079
-0.00218727323
-0.0248094369
0.046604611
0.00795312598
-0.0223338343
0.0513620339
0.0107589914
0.0204240531
-0.069790788
-0.0166103598
-0.121969208
-0.10278859
-0.106151879
-0.0644264296
0.0279363897
0.0341671407
-0.00785231777
0.0277497917
0.00457540434
-0.0700787902
-0.072712414
-0.0623174459
-0.133858711
-0.0912522152
-0.0290686134
-0.0252112541
-0.0421579219
-0.0703691915
-0.00809749402
0.0555504709
0.00752375415
-0.00200391863
-0.0496018529
-0.0592074655
-0.114420608
0.0121194767
-0.0925786421
-0.0551668964
-0.131793559
-0.155771628
-0.0471584797
-0.0453771763
0.00630993908
-0.00241552689
0.0327352025
-0.0324903764
0.000647610403
-0.0703375041
-0.107549764
-0.0933383778
-0.104165122
-0.143305495
-0.0824320763
-0.0144564128
-0.0429512747
-0.0230270419
0.0383374356
0.00329085882
-0.0838609859
-0.0206411742
-0.0499258712
-0.0709682032
-0.0682851672
-0.0409298986
-0.103474192
-0.112321027
-0.146564856
-0.0779926628
-0.0508638024
-0.0202685557
-0.00726361712
-0.0231649205
-0.00629238645
0.0245272499
-0.00055553281
-0.0259190314
-0.0369242541
-0.0789993927
-0.067126736
-0.00496934447
0.00243052351
-0.0478652567
0.0179546084
0.0249403957
0.0864945799
0.00304400711
0.0314836353
-0.00603583548
-0.016203627
-0.0297061317
-0.0634304434
-0.0136604067
-0.124104679
-0.0826869458
-0.0630355477
-0.0593587011
-0.0499050133
0.000107281252
0.0141250538
-0.0247931425
0.0307912268
0.00811761245
-0.00768894469
-0.0481944419
-0.0583195612
-0.0188640989
-0.00783040654
0.0322032683
-0.0287605599
-0.0437652543
-0.00757303461
0.0386135317
-0.0221319553
0.0141919963
0.088872537
0.0257905964
0.0298215393
-0.00901149958
-0.017426867
-0.0663909242
-0.0233834106
-0.00335943839
-0.0264098365
-0.0332297906
-0.0039465595
-0.0168575421
-0.0121218059
0.00738390163
0.0297476985
-0.0305047706
0.0143749993
-0.0265893228
0.0129849548
0.0211991109
0.0276904944
0.0303655993
-0.0267958213
-0.0241901912
-0.0138291474
0.0572533272
-0.0197502747
0.0514008217
0.00455740886
0.0829022974
0.0554638207
-0.0153237144
-0.0277383234
-0.017411191
-0.0243791509
-0.00950594153
-0.0138984425
-0.0485653915
-0.0282692034
0.0175117534
-0.000162436452
0.0159799233
0.00314286724
-0.0349443853
-0.0252321567
0.0353788584
0.0435009152
-0.00325508229
0.0227449499
0.0137649383
0.00118105963
-0.0134866759
0.073948063
0.07619863
-0.0283208936
0.0264987145
0.0778816342
0.0798294172
0.0558456704
0.0113536268
0.0219414458
-0.0351296663
0.0207894593
-0.025810279
-0.00240486884
-0.00230833446
0.00356636872
-0.0319898091
0.00865591317
0.000462792814
-0.00756021217
0.00693454966
-0.022492921
0.033061333
0.0337276421
0.0154597443
-0.0185039435
0.0577538423
0.0677507073
0.030462509
0.0353526212
0.0317678973
-0.00301425369
0.0517836399
0.0544098467
0.0396792777
0.032369107
0.0331790857
0.0229410939
0.00747772912
0.0214693509
0.00762430904
-0.0173673928
0.0123543711
0.0244352482
0.00497605884
-0.0259481929
0.031611722
0.0125274584
-0.0224828925
-0.0128066633
-0.0272878055
0.0168406516
0.032370504
-0.00489887083
0.0328493379
-0.0119149098
-0.0323401839
-0.00274910033
0.034757562
-0.0224320889
0.00866175443
0.0234679859
0.0345352925
-0.0217764769
0.0347970091
0.0153953154
0.01684081
0.022865938
-0.00253661489
0.00135306432
0.00628996221
-0.00833852589
-0.00274058804
0.0103371441
0.0221101232
0.323644221
784
0.000251118094
0.00628991425
0.000232983381
-0.0128233843
-0.0226050243
0.00596930087
-0.031168282
0.011860881
-0.0113110337
-0.0331007838
0.0323026739
-0.0175339114
0.0218468886
-0.0292052999
0.0277264491
0.0224555619
-0.0139924977
-0.0290257744
0.0209701918
0.0174315274
-0.0283206515
0.0148393437
-0.0237349961
0.0145100355
0.0130568594
0.018028114
-0.00145419315
-0.0120116845
-0.0232133716
-0.00426360592
-0.015607601
-0.0312137362
0.033613082
0.00639917562
-0.0116596567
-0.00473166443
0.0175109133
-0.00032097564
-0.0216049924
-0.00649266969
-0.0103867957
0.00508649414
-0.00419903547
-0.00279769278
-0.0032941869
-0.0314253382
-0.0101057263
-0.0311804842
0.0345406495
-0.00792085472
-0.0198580716
-0.0158096105
0.000289876014
0.0147812329
-0.000425629318
-0.0106844623
-0.00232570991
-0.0168066826
0.0301197059
0.00754180085
-0.0208106525
0.0275209937
0.000739461335
0.0310918577
0.0185583401
0.0129177729
-0.00245699775
-0.00248176837
-0.0160308238
-0.0123031558
-0.0166800823
0.00915440451
-0.0353372097
-0.000110751447
-0.038068857
0.0107640307
0.0274527054
-0.0059716925
0.00133509783
-0.031357266
0.00303941523
-0.0176506266
-0.0285550337
0.00414364785
-0.000562392175
-0.0235530268
0.00143604551
0.0190524906
-0.0210329052
-0.0339455493
-0.0105288215
0.0124808531
-0.0353791751
-0.0147731733
0.0149895297
0.00909310579
-0.0116776181
-0.0195674468
-0.0603042915
-0.00438362733
-0.034902975
-0.0134773292
-0.0598006472
-0.045914039
0.00238175923
-0.033769764
0.0108770216
-0.0296742059
0.0229619388
-0.0295121614
-0.00984103233
0.00769710541
0.00813490152
0.00903472304
-0.0105401762
-0.00142300467
-0.00735941995
0.0191703867
-0.0104793757
-0.0171446968
0.015990926
-0.0411556214
-0.00789958052
-0.0245601833
-0.0370571204
-0.0217878427
-0.0446096994
-0.0326356366
-0.0767322332
-0.0310388487
-0.0408612452
-0.0537507609
-0.0672920495
-0.0524007194
-0.0718674585
0.00715628685
0.0251758844
0.00992778502
0.017633874
-0.0158453193
0.00255381316
-0.00668087602
0.000288043986
-0.022468498
-0.0124040879
-0.0199990366
0.0234934837
0.00652378472
-0.0321924426
-0.0127443662
-0.042535644
-0.0391551107
0.000636488898
-0.0251784045
-0.0282746106
-0.109470867
-0.0688227192
-0.0914985314
-0.198423833
-0.155746698
-0.11581254
-0.151312739
-0.100408368
-0.0890670195
-0.0522063486
0.0133451335
-0.00890572555
-0.00741055468
-0.0273776446
0.00677194772
0.000524978328
-0.0303492527
0.0144175366
0.015516866
0.0431084968
0.0145441573
0.00104547094
0.0074309241
-0.0507711545
-0.0105736842
-0.0249010753
0.00430101715
-0.0643497258
-0.126810104
-0.14914149
-0.219772667
-0.22069177
-0.205173492
-0.144288257
-0.0451643988
-0.0190239754
-0.0342714712
-0.0345398858
-0.0157735758
-0.00770183513
0.0214158576
0.022047244
-0.0264758896
-0.000512897153
0.00112985109
0.00370307802
0.0150059583
0.00736899953
0.0227250457
-0.0367807969
-0.0506075807
0.0254713129
-0.02442348
0.0560252294
0.0144718578
-0.0361877158
-0.0483965799
-0.0574208759
-0.0774029121
-0.123426452
-0.0395106822
-0.00776431058
0.0956999958
0.0959922746
0.0843128562
0.00213096105
0.051712472
0.0393727049
-0.0206522979
-0.0234909803
-0.0225813352
-0.0326149017
-0.0330299586
-0.00948579237
-0.00891170464
0.0548173487
-0.00896594767
0.0122481082
-0.0672338456
-0.0448941402
-0.0227415953
0.0185809508
0.0457724407
0.0376625024
0.106523789
0.192761943
0.131836668
0.166668043
0.206815958
0.248171762
0.237282783
0.105292305
0.108007193
0.136858955
0.038673047
0.0317154154
0.000926808163
-0.0119761163
-0.0352501906
-0.0353465602
-0.0212283731
0.000435108552
-0.0161525365
0.0717111379
0.0477575436
-0.0479618795
-0.0136787724
-0.0147969238
0.0275415797
-0.0537587665
0.0391550437
0.107444979
0.243609741
0.230645314
0.293018818
0.332882643
0.284143001
0.158670411
0.130408466
0.114662804
0.0949970335
0.159696966
0.127347574
0.00181033497
-0.0324261859
0.0235723574
0.0283104386
-0.0357467569
0.0117402943
0.0109886266
0.0146417459
0.0386361703
0.0471141301
-0.0525805168
-0.00972317439
0.0123042027
0.0482273661
-0.0378590003
0.0344563276
0.0320419706
0.103104584
0.0967106521
0.0539951548
0.175723583
0.188182816
0.136825949
0.0965580568
0.0618906245
0.113919422
0.167585954
0.123788834
0.0680625886
-0.00488212006
0.00548011484
0.0345532596
-0.00955984648
-0.0295323916
-0.0206384398
-0.0126210069
-0.00480691763
-0.0290581007
-0.0182270091
-0.000492832973
0.0116122924
0.00190374872
-0.00917581283
-0.0208670385
-0.0319461115
-0.012316972
-0.0321340039
-0.0858649462
0.0162062775
-0.0248193555
-0.0118691754
0.0436487757
0.0600186214
0.0884179324
0.098716937
0.0991068408
-0.000109895118
0.0296652485
0.0143886758
0.020262789
0.0274562705
-0.0278883278
-0.00164272974
-0.0629324317
-0.0393580794
-0.0127617037
0.00610269932
0.0681902468
0.0577647723
0.0310921557
0.00798271969
0.0445844643
0.0391669087
0.0171880256
-0.120301507
-0.170412093
-0.168010727
-0.136644915
-0.124375612
-0.0527701713
0.00674412586
-0.0433172062
0.0314371213
0.0400549285
0.0381854847
0.0294848811
0.00267421803
-0.034518797
-0.032318037
-0.028733477
0.00592378853
-0.0263584796
-0.0437655635
0.0253557898
-0.00271742768
0.0854179114
0.0613957159
0.0264275707
0.0706941411
0.0417585596
0.0310799181
0.00718947593
-0.039684061
-0.0629032329
-0.110381909
-0.110280104
-0.0931159928
-0.0874208659
-0.0897965804
-0.0573304445
-0.0370464697
-0.00277917623
-0.0292508695
-0.0246586539
-0.0091098696
0.0332473405
0.0291884709
-0.000865863636
0.0438259467
0.0299122091
-0.0216999128
0.0289022066
-0.0240417644
0.0609458573
0.0584748536
0.0114160758
-0.0376772024
0.0464204177
-0.00858357269
-0.0032509272
-0.00179902033
-0.0370622836
-0.0582790524
-0.0809301734
-0.0891973302
-0.0796044543
-0.0375332348
-0.0119597251
-0.07159812
0.00412230752
-0.0119098723
0.0349917412
0.0265713017
0.0309705045
0.0183270406
-0.0174878202
-0.0148986029
-0.00806564186
0.0205721091
0.0426170118
0.0472063236
0.0872531757
0.0724740326
0.034042757
0.0734532252
-0.0482032821
-0.033157967
-0.0344033726
-0.0556288995
-0.0484666564
-0.0210568514
-0.0605605468
-0.0980508551
-0.0857149884
-0.0505780205
-0.00629224395
-0.0698665157
-0.0313060731
0.015583843
-0.0315845646
-0.0351178907
0.0224323459
-0.00864406303
0.00894335564
-0.041545108
0.0168494452
0.00426484179
-0.0405700915
0.0346353501
0.0196275972
0.0505724326
0.057410039
-0.0357463881
-0.077219896
-0.0487524904
-0.063955605
-0.0605634674
-0.0569430217
-0.0107592288
-0.0536945239
-0.0952586532
-0.0760248974
-0.0548608825
0.0010353761
-0.0319084227
-0.0395706184
-0.0188586116
-0.00850706641
0.0170062073
-0.0338855274
-0.00406982424
-0.0048850202
-0.0563535504
0.0430228114
0.0914125293
-0.0245651826
0.0227780584
0.0927665457
0.0946355611
0.040169131
-0.00168570387
-0.0345314518
0.0438880958
-0.0389362797
-0.0529127009
0.0181184523
-0.0806338489
-0.0702756047
-0.0701464564
-0.049348712
-0.0341573581
-0.0497065485
-0.0577776767
-0.0605293736
-0.00648959773
0.0313736349
0.00529997842
0.0138412314
0.00532684382
-0.0154124936
-0.0604463927
-0.0287274271
0.0378043875
0.0494027771
0.0175840035
0.0270811543
0.0323556289
0.0452140979
0.0125930579
0.0257849284
0.00661521219
-0.0746859387
-0.0676919445
-0.0303437486
-0.0664640218
-0.00113481574
-0.0474659614
-0.0313377455
-0.0437023491
-0.0276897624
-0.00852176454
-0.0372089259
-0.0327381007
-0.0115185333
-0.00291090924
-0.0168009251
-0.0195263736
-0.0194542259
-0.0321161598
-0.0520431511
0.00695962925
0.0414324701
0.00457611959
0.00792902149
-0.0450853296
-0.0245655533
-0.0438726619
-0.00895075966
-0.0375849679
-0.0417460725
-0.0455057211
-0.0286069941
0.0277047064
-0.018477099
-0.0332245864
-0.0364578739
-0.0689494535
-0.024598429
-0.000350787683
0.0100771692
0.0116964243
-0.0270519033
-0.00154396519
-0.018945381
-0.00942582358
-0.00216664094
-0.0776869655
-0.0991009697
-0.0240260195
-0.0549229719
-0.014430156
-0.00614728592
-0.0149438055
-0.0178849865
-0.0532421209
0.0106309177
-0.0741135404
-0.0950453728
-0.0166749824
-0.0295646079
-0.032564912
-0.000722999393
0.00818975177
-0.0269150008
-0.0322706364
-0.0292033311
0.00188766746
0.0229347739
-0.00882560574
-0.031199377
-0.0265105702
0.000138601768
-0.0324550793
-0.025563838
-0.0224487316
-0.0864225179
-0.0827268288
-0.0527838767
-0.00615574792
0.0664486289
-0.0407219492
0.0287573449
-0.0185915567
0.0368015394
-0.0147803947
-0.0440280251
-0.0618085116
-0.0333325267
0.00778424833
-0.0309501607
0.0303688664
-0.0246068165
-0.0177853853
0.0204572342
-0.0207670387
-0.0149874846
0.0284839515
0.00221002079
0.00138728088
0.022364039
0.0235924199
0.0163504258
0.00400451105
-0.0200483669
-0.0614550225
-0.0891854391
0.0122695882
0.0436693318
0.059383776
0.0203258563
0.0773582309
0.0360303409
0.0266704261
-0.0468794294
0.0407136232
0.0397732742
-0.0203608498
-0.00349948951
-0.0308619011
-0.0220908206
0.0164852981
0.0206091013
-0.0175485704
0.00731992722
-0.0140214702
-0.0266317166
-0.0269809514
0.0311790444
0.025071878
-0.00874843355
-0.0145378644
-0.00899604242
-0.0278591476
-0.0260174237
0.0516058318
0.0680823177
0.0399205498
0.0160077997
0.0558825508
-0.0126358066
0.00133134599
-0.0134782223
-0.0132780373
0.0234769061
-0.0380417407
0.0114059253
-0.0172440074
-0.0134082893
0.0101904487
0.00780376187
-0.0128870374
-0.0140456138
-0.0251364876
-0.00546701998
-0.0270498917
0.0153640173
0.00848861504
0.0112482971
-0.0346313454
0.00199202332
-0.0630790442
-0.0432306267
0.000515230931
0.0060192612
0.0481828116
0.0123601295
0.0383601561
0.00543454615
0.0498260446
0.0182794183
0.0226357207
0.0588917509
0.0115004601
0.0407759845
0.0383579805
0.0185036939
0.0299893133
0.0264376216
0.030778164
-0.0188913457
-0.00527955033
-0.00849862397
0.0207845867
-0.0305624232
-0.0197364334
-0.0211955961
-0.0397402011
0.000810308731
-0.0220850781
-0.0674600676
-0.0793544725
-0.0750609413
-0.0729536116
-0.00436997879
-0.0206310209
-0.00206034537
-0.0136741148
0.0279697869
0.0621569753
0.0372592621
-0.00303977239
0.0162789226
0.0492098443
0.0245702937
0.0455000922
0.0401183777
0.0315904878
-0.00183407508
0.0171232074
0.026410386
0.0221759938
-0.0023903884
-0.0323652066
-0.0333558507
0.0148364278
0.0033706571
0.0115330098
0.0166185405
-0.0517864674
-0.0135470498
-0.0444208048
0.0149421645
0.0651713014
0.00550212618
0.00610082038
0.0123619856
0.0151040023
0.0314346589
-0.00751631381
0.0138230678
-0.0121753328
0.0344539769
0.00597205572
0.015169776
0.0196124204
0.024506215
0.0227286443
0.000296890736
-0.0101828407
-0.00012980774
0.032629665
-0.0218741894
0.0033796262
-0.0197111629
0.0246151835
0.0347015001
0.0141871059
0.0281322226
0.0132802725
-0.000483508746
0.0365291126
-0.00643088715
-0.0312833935
0.027576793
-0.0266440902
0.018651085
-0.0211254191
0.00211089686
-0.0201555155
-0.00260701985
0.0268374477
0.00958711002
0.00343394652
6.38179481e-05
0.00115605071
0.0011469014
0.13717109
784
-0.0225220025
-0.0272890702
-0.00452030078
0.0272922479
-0.0134698227
-0.030131951
0.000895481557
-0.0210529938
0.0195158571
0.00294866785
-0.013162056
-0.000376176089
0.0351191051
0.0128841233
0.017452864
-0.00848105084
0.028219264
-0.00457670912
0.00782482326
0.0117825158
0.0287410878
-0.0199956372
0.00475084037
-0.00977801532
0.0180541873
0.00814372674
0.0144632421
0.0122422762
-0.0297919922
0.000308223069
-0.0339339189
0.0297949277
-0.0224537812
-0.0146754533
-0.0193711221
0.0210154019
-0.0174337383
0.000846729323
-0.00863950141
-0.0248268172
0.0341576636
0.0213342123
-0.0034758416
0.0249256566
0.00921942759
-0.0169765465
-0.0313929617
0.0114689982
0.0354900472
0.0084878467
-0.0151026677
-0.0122984499
0.00863848627
-0.0272902977
-0.0251522884
-0.0202182531
-0.022443125
0.0126952715
0.0122954743
-0.0300783645
-0.000123373757
0.0130484169
0.00399442902
0.0280507859
-0.0219853129
0.011981328
0.0027279018
0.0152794691
0.0499978215
0.0574684888
0.0374887176
0.0510929301
0.0256347768
0.0213683676
0.0250711273
0.0372020788
0.00851436891
0.0465561487
-0.0119594997
-0.00834496226
0.0319594294
-0.0131583633
0.0169044174
-0.0302957334
0.0339074396
0.0250803269
0.0250947718
0.0337012634
0.00961230416
-0.0106076123
0.00712926826
-0.0103205666
0.0205023251
-0.00577333476
0.0461905673
0.0223431159
0.00729463389
-0.00488036685
-0.0062357937
0.0536003113
-0.00414063176
0.0183951594
0.0253016558
0.0681134462
0.0441525877
0.0275484212
0.0212495215
-0.0134999808
0.0236972086
-0.00592309795
0.0200897623
-0.0158571098
-0.0104168616
-0.0047471486
-0.000467038713
-0.010271024
-0.0156895798
-0.0307659879
-0.0100226905
-0.0169396438
-0.024023179
-0.0287664533
0.0050206515
0.0198640767
-0.00294878054
0.014398613
-0.0302761104
-0.00301494147
-0.0210809279
0.0204272866
0.0179026686
0.0689615384
0.0332382172
0.0207584538
0.016288748
-0.00756991794
-0.00905575696
-0.0333949849
-0.00280663092
-0.00645728782
0.0207909346
0.00469639525
0.00387577759
0.013678859
-0.0318016373
0.0169145111
-0.0481424145
-0.0364927053
-0.0632687733
-0.00873340946
0.0347954668
-0.0175635908
0.0100292023
0.0486761034
0.000486194214
0.0286231413
0.0398136638
0.0597356185
-0.0103095165
-0.0166656896
0.000350281043
0.00983898155
0.0528267995
0.050063096
0.0401570275
-0.0139734205
0.000338283775
0.0293017421
0.0339159928
0.0259912107
0.0173005983
-0.0268318914
-0.0192584712
-0.0221771318
-0.0574227832
-0.0388242193
-0.00100773701
-0.00606765924
0.0216682553
0.0304743238
0.0330999084
0.0474425815
0.0374945067
0.0761287883
0.0416702405
0.0324536003
-0.000954714196
0.0332964472
-0.0332584083
-0.014264022
0.0142304245
0.00764573133
0.032994166
0.051478602
-0.00144143414
-0.0051335725
-0.00542139262
0.0294674989
-0.0275300797
-0.0489049517
0.00617043301
-0.0248515476
-0.0654798076
-0.0141750751
0.00200639479
0.00927253254
0.0453619398
0.0556396209
0.0849307701
0.0269006714
0.127442345
0.0455220379
0.0613300018
-0.0155416243
0.0281713922
-0.0107077016
-0.00513186678
0.0032606828
-0.0326176882
0.0143842138
-0.0178455934
-0.00298081338
0.0273264609
0.0209715124
0.00826604757
0.0219700299
-0.0183017515
-0.0353418924
-0.0530874692
-0.0241993777
-0.0383606851
-0.0218855515
-0.0392251536
-0.0170543473
0.00710550183
0.019534545
0.0763441324
0.0891689956
0.104892462
0.0147281596
-0.103473909
-0.0512711145
-0.116309948
-0.0363062471
-0.0395228714
-0.0764099285
-0.0338824242
-0.0141771212
-0.0144948447
0.0314118601
-0.0302041695
0.00231465814
0.00577869685
0.00919721648
-0.0184665658
-0.0171853118
0.01672085
-0.0862899125
-0.00489025842
-0.016167704
-0.0051978901
0.00704160146
0.0165356882
0.0899697468
0.109503835
0.0718679205
0.0757618099
0.0125708189
-0.118839763
-0.123436786
-0.160722032
-0.12616618
-0.0932329223
-0.0891653076
-0.0698940977
-0.0618778318
0.0181771275
0.0312814601
-0.033314772
0.0196074825
-0.0284360219
-0.00377955195
0.00755969714
-0.015603424
-0.0413858667
-0.0404113457
0.00781346671
-0.009779891
0.0757372528
-0.00684658019
0.0259367824
0.0717473626
0.131923139
0.139809608
0.0928077549
-0.0178046562
-0.105654173
-0.0827657729
-0.0853983387
-0.122963749
-0.11422658
-0.0728733242
-0.0679500774
-0.0313677192
-0.0117085893
-0.0246542152
-0.0207711272
0.00936805364
-0.0300695244
-0.0311904792
-0.0355186909
-0.00140561606
-0.00175037305
-0.00493253162
-0.0302857887
0.0123367542
-0.0076935133
0.00709647173
0.0259029325
0.0959806293
0.101736858
0.0731573477
0.00781125855
-0.104921505
-0.0988527536
-0.0677860677
-0.0105319759
-0.0441421457
-0.0174105894
-0.028633995
-0.09817487
-0.0581931956
-0.0550375171
0.0167652145
0.0244566724
0.0169269182
-0.00566470809
-0.0318791792
-0.00627874909
-0.0015935665
-0.000979840988
0.00422389805
-0.00488450006
-0.0324566402
-0.0019723752
0.0297207758
0.065347977
0.0293865241
0.0271618702
-0.0679829195
-0.101282455
-0.119350202
-0.11268013
-0.0854786485
0.00484416587
-0.0315266214
0.0105513697
-0.0506284535
-0.10924685
-0.0937870294
-0.020329982
0.016078148
-0.0226204973
-0.0153437452
-0.011860393
0.0263444576
0.029014295
0.0155701553
-0.0461995043
-0.0921999887
-0.0448055491
-0.0488987826
0.0124583524
0.0102434363
-0.0247689337
-0.0580623336
-0.101419196
-0.0749367997
-0.0782315508
-0.154894322
-0.133394003
-0.0733582824
0.01200708
0.0246888492
0.0410221629
0.0493428074
-0.0269818045
-0.0701916143
-0.0295831319
-0.0205906872
0.00412127515
-0.0320457034
0.0117551489
-0.0114355274
-0.0282228924
-0.0239987765
-0.0394651629
-0.14650923
-0.110629857
-0.101969421
-0.0962641239
-0.0180945229
-0.0589054935
-0.0863241553
-0.089880757
-0.0342826508
0.0339472927
-0.0602241568
-0.0412965678
-0.02338925
0.0570101775
0.0577437542
0.0159226693
0.0546959527
-0.000453298708
-0.0287935771
-0.0499678105
-0.00369332987
0.0127750318
0.0184967425
-0.00215028808
-0.0251321606
0.00354835438
0.0144930547
-0.0436160937
-0.105072722
-0.103661269
-0.119050175
-0.0726209655
-0.0532188974
-0.0607077628
-0.0589825064
-0.0129101332
0.0783496201
0.0964057967
0.0156271271
0.0201851726
-0.0262291785
-0.0119225299
-0.0220083166
-0.00624155346
0.0611830875
0.00786041096
0.0107029378
0.0250223614
0.0271501429
0.033576414
-0.0236247089
0.0322814025
0.00155371556
-0.0304068234
-0.0270727836
-0.0601339899
-0.0902660936
-0.0811610818
-0.0776862502
-0.0672280714
-0.0181689002
-0.00648740446
-0.0323920287
-0.0294647906
0.114663452
0.154902473
0.0135897649
-0.0354851633
-0.00719800731
0.0139427064
-0.0106966281
0.00391645823
0.0133631285
0.0229018144
0.00302757579
0.0279681142
0.0613544621
0.0428315513
-0.000755824032
-0.0231673717
-0.0167977475
0.0190917309
0.0189768523
-0.0509604849
-0.0626923069
-0.056156829
-0.0767701045
-0.0208279993
-0.0670146793
-0.0365787037
-0.0777509287
-0.0213840101
0.0599362999
0.116630346
0.0469578281
-0.0234723911
-0.00332003739
0.0875150636
0.0293323211
0.0347938873
0.0350815766
0.00509109627
0.0221011229
-0.000976305455
0.0399336815
0.0368704088
0.0092656333
-0.029677229
0.00309485081
-0.0281852335
0.0123019693
0.0139592104
-0.000452511857
0.0121214278
0.0184119307
-0.0287468396
-0.0577787235
-0.0957256705
-0.132675111
-0.0603401028
0.0312008783
0.0242264159
0.0135584688
0.0418960936
0.0877295732
0.0321080089
0.00594590837
-0.00797619671
0.0267899353
-0.00327919237
0.0324740112
0.0366026647
0.0394280776
0.0162563734
-0.0118621942
0.00837954506
0.0168960076
-0.00788316131
0.030358715
0.0271119885
0.00771808298
0.025671253
0.0208745673
0.0589859523
-0.015538469
-0.0859750956
-0.0979018286
-0.00308820233
0.0291419774
0.0578429475
0.100828104
0.0813646987
0.0668828934
0.0588133
0.043489065
0.0173519459
0.00512574287
0.0266936943
0.0743192136
0.0276531372
0.0323929302
-0.00395872025
0.00803724583
0.0298947431
0.0122785671
0.0115429033
0.0194774289
0.048934713
-0.00176890567
-0.00114765519
0.0198551081
0.0276641808
0.0643200353
-0.0222764723
-0.0206121709
-0.0117637534
0.0420772135
0.0247746278
0.0376621746
0.125206828
0.10514611
0.115718991
0.0691318661
0.0499738045
0.0220219716
0.0641941428
0.0363328978
0.00268740579
0.0246744659
0.021958651
-0.0135473274
0.0196732022
0.0186055247
0.0142320357
0.0222100355
0.0339677669
0.0207544342
0.0340592451
0.00941548403
0.0810460374
0.0577724203
0.0649770796
0.0393492803
0.0387223847
0.0356972516
0.0652645901
0.0614052787
0.0434950963
0.0868912637
0.0952978581
0.0631674379
0.0351833515
0.0294762384
0.0823001564
0.016705323
0.0399955511
0.0325296856
-0.0210254025
-0.0136043746
0.00447475864
0.00877046585
0.0365834385
-0.00936756097
0.00387301994
0.0251234677
0.00238005491
-0.00150240085
0.0523509346
0.0593934432
0.0367795639
-0.00185137661
-0.009678117
-0.0208826605
-0.00820056908
0.0953008607
0.0756381527
0.0310795121
0.00360382721
0.0354298204
0.0542194806
0.0364395976
0.0454273224
0.0184506979
-0.013354335
-0.0180689935
0.0262881201
0.0245426912
0.00800248235
-0.00232009217
0.0103334095
-0.0158727709
0.0440816619
0.0113605941
0.0385369658
0.0172684789
-0.00272718212
0.0616617575
0.0431476831
0.0496351346
0.0718487799
0.00700579444
0.0264717769
0.0180475824
0.00253996253
0.00360306934
-0.0549622662
0.0222686492
0.00387478014
-0.00335180736
0.032250423
0.0423979908
0.0129860081
-0.0103461696
0.0228464771
-0.01359744
-0.0321762748
-0.000926852226
-0.00378533546
-0.023052156
0.00904162601
-0.007794959
0.0038954881
0.0258043166
0.0306380969
-0.00773223396
-0.0123611167
-0.0314933397
-0.000782280054
-0.0113322977
-0.0174704455
-0.0304598343
-0.0620620996
0.00382268406
-0.0287248306
0.00670627132
-0.00417833542
-0.0163661595
-0.00735809095
0.032714922
-0.00556784589
-0.0133563122
-0.0180820152
0.0290900506
-0.0121540837
0.012039803
-0.00390812103
-0.0253076684
-0.0217138436
-0.0355598219
0.0335732549
0.0316636786
-0.0100169033
-0.00215052394
0.0323942937
-0.017816972
0.0344161019
0.0399193168
-0.0360211395
-0.064997673
-0.0512219556
-0.0405821949
-0.0262413509
-0.0198485442
-0.0247829165
-0.0235680062
-0.0128635997
-0.0237108506
-0.00752869342
0.0225198958
0.00202390971
-0.0348112322
-0.000919241458
-0.0210781191
0.0257724822
0.0152358478
0.00150144915
0.00467212545
0.000154227819
0.00334417424
-0.0431774035
-0.0420920923
-0.00409738021
-0.000587675546
-0.0338262729
-0.0329680108
-0.00732948817
0.00326803746
-0.0482612513
0.00717586232
0.0123380544
-0.0417098925
-0.00316575263
0.0297455192
0.0055450527
-0.0269848555
-0.008070793
-0.00296484097
0.031904351
0.00213814899
0.00731464848
0.00875161588
0.0169430077
-0.0245743878
-0.0217551012
0.0254171081
0.00158407749
0.020477483
0.00309064449
-0.0228481498
0.00910525396
-0.0235197246
0.0203307867
0.00497180549
-0.0248103868
0.0304609444
0.00850168802
0.0272516515
0.0223048218
0.0186161362
0.0061482857
0.026292935
-0.0171842873
0.0350406431
-0.000596903265
-0.032150656
0.00106942281
-0.0261864867
-0.0305387601
784
-0.00578637421
0.034119796
0.0228445381
0.0195360333
-0.0150837582
-0.0127243605
-0.00116964802
-0.0154163241
-0.0307360999
-0.0101889148
-0.0307956636
-0.0112782549
0.0178846288
0.0167992804
-0.00162476033
0.00346020865
-0.0158785041
-0.0128638074
0.012291465
0.0112383924
0.0264812745
-0.0006053783
-0.0317228138
-0.0224449262
-0.017586071
0.00237124786
-0.00360888243
-0.0116267651
0.0175328404
0.0315768532
-0.00205343217
-0.0120615531
-0.00422684196
0.0258208569
0.0277158339
-0.0327695832
-0.031590391
0.0210606772
0.00943504088
-0.00994251203
-0.00306537654
-0.00654560374
0.0249408633
0.023363363
0.0131364856
-0.0274327714
0.00704642106
-0.0330321081
-0.0259653591
-0.0338126235
0.00193713303
-0.000346549001
0.0355687626
0.0184625871
0.0149486437
0.027557794
0.0209011026
-0.000944953412
-0.0247240681
0.0245229881
-0.00771082751
0.0134478062
-0.018448811
0.0106804529
-0.00393455708
0.00296617788
0.0301651675
-0.00440781796
-0.0103835845
-0.00570219429
0.00703140628
0.0587058961
0.0100129712
-0.0331097692
0.00575931324
-0.0529791415
-0.00429230463
-0.00552373892
0.000497489469
0.0323928669
0.0184912141
-0.0175731853
-0.0090645086
0.00993748754
0.0193618722
-0.0135945585
0.0163924899
0.022962803
0.0123842862
0.0101160556
-0.0241386089
0.0174827315
-0.023210777
-0.0146066872
-0.0384666547
0.00473623816
0.0298030116
0.0427673049
-0.0195664614
0.0042308378
0.0134617062
-0.0128850769
-0.0319596604
-0.0117466571
-0.0190288424
-0.0314624161
-0.00280443905
-0.00961047225
-0.0192301534
-0.0046216147
0.0260027312
0.0351792388
-0.0283243712
0.0237407833
0.0123501802
-0.0176773649
0.00900411606
0.0244547762
0.0425727442
-0.00759651279
-0.0118080759
-0.0289194454
0.0318800285
0.00315388478
0.0158864129
0.0176435765
0.0332429744
0.0439313948
0.0375694931
-0.0227223672
-0.0300748404
-0.0146254096
-0.0482571274
-0.0240923166
-0.0179671068
-0.055613827
-0.0645466819
-0.0194582939
-0.00631177798
0.0186761487
-0.0252983049
0.0256889425
-0.0314398333
0.0318042859
0.0160045978
0.00818265323
0.0188402124
0.0147162043
-0.0324332006
-0.0282923914
-0.0797446445
-0.0618686043
-0.0177126508
0.0481725372
0.0183804613
0.0353306383
0.00899016671
-0.0685060695
-0.00724476669
0.0159270633
0.024616899
0.0371256992
-0.0113143316
-0.0729338154
-0.00822128542
0.00372070097
0.0101279588
0.0230332389
-0.0304722395
-0.00404078141
0.00580531266
-0.0149580278
-0.00207581325
-0.0143218469
-0.0425669141
-0.0411813967
-0.0439111702
-0.0390468426
-0.0110986931
0.0287989601
0.046859879
0.00879125204
-0.0419398732
-0.00514280517
0.0357548892
0.0898065791
0.0635382831
0.0165027604
-0.00701567251
-0.0254149474
-0.0368917398
-0.0231771991
-0.0486969538
-0.00563688809
0.0266122222
-0.0140534732
0.0349537916
0.0132009815
-0.0212510452
0.0163900908
0.0163110849
-0.0468666814
-0.0362726301
-0.00377620687
-0.0491409823
-0.0060061994
0.019975448
-0.0754689351
-0.0291208476
0.00281737349
-0.0127809588
-0.0125857946
0.052833043
0.0453417115
0.0519752055
0.0757766664
0.0485387631
0.0324984826
0.0608429909
0.0128940474
0.000850672193
-0.0556294136
0.00294511346
0.0168927573
-0.0151888449
0.0175599623
-0.013665149
0.00134756928
0.0410214327
-0.00352694071
0.027836604
0.0901096463
-0.00123718125
-0.0578513108
0.0301860292
-0.0575169288
0.0125276307
0.0606273301
0.0838709325
0.0502274521
-0.00801537465
0.0394916013
0.0819501579
0.0892940611
0.0203415453
0.03986606
0.0730633661
0.0198354218
-0.0234344658
-0.0237765573
0.00935102254
0.0270024147
0.0270369854
0.00429975986
0.036317952
0.00642473856
0.0397818945
-0.000430177752
0.078228429
0.0624177009
-0.0135811381
-0.0258346237
-0.00680835452
-0.0187106933
-0.0140829338
0.14204444
0.197042346
0.101677187
0.0437509939
0.0178560689
0.0189533327
-0.00574966567
0.0505474545
0.0594732165
0.0771451294
0.0357888676
-0.0385109745
0.00825622026
-0.00239350903
-0.0158728398
-0.0243139658
-0.0022147845
-0.031460382
-0.0198370982
0.0297656022
0.0279439464
0.0320981517
0.00190809811
0.00152470486
0.0266566314
0.0926902592
0.0775081515
0.0472542383
0.137345016
0.259885907
0.145341426
0.0467328839
0.0103113418
-0.0166083258
0.0211156793
0.0211512353
0.0317583457
0.0797612369
0.0671917275
-0.0217484627
-0.00519985845
0.0239220038
0.0261239912
0.0300614443
0.0173707679
0.0179850291
0.0415098332
0.0378534235
0.0531227812
0.0247501321
0.0849012956
0.0466777422
0.0526954271
-0.00797429495
-0.016818285
0.015515184
0.157465607
0.281433195
0.148831159
0.00263112993
0.0298111811
-0.0143136159
-0.0459761247
0.0419467129
-0.0025571608
0.0925630406
0.0709853545
0.0431209616
0.0468803532
0.0426441543
-0.0100153126
0.0261504631
0.00452815648
-0.0304639786
0.0083475858
0.0557270236
0.0818937048
0.00459283823
0.003353626
-0.00338939438
0.0122322822
-0.118745536
-0.117843874
-0.044831533
0.11273618
0.260294318
0.164721504
0.0785226673
0.0748517141
-0.0239472874
-0.0469054952
-0.0116950655
0.0821659938
0.0481233858
0.0602322519
0.0448569506
0.0490927957
-0.0168878194
-0.0169012975
0.0213131215
0.0273681097
0.00103552046
0.023043599
-0.00305359182
-0.0217075553
-0.0774763525
-0.0685312152
-0.0535578728
-0.0864267647
-0.214302912
-0.19214502
-0.139653265
0.10795626
0.242955059
0.198424608
0.154013723
0.0640561432
-0.0300148372
0.0245277211
0.0289779659
0.0429964401
-0.0116493218
0.000393629103
-0.0393966995
0.0261666439
0.0392464623
0.0382938348
-0.00457696617
0.0295459293
-0.0063955267
-0.0160696693
-0.0377722345
-0.149294838
-0.0971413851
-0.087483041
-0.104877613
-0.137148857
-0.17913191
-0.116918042
-0.00919430051
0.129160136
0.208024994
0.139402926
0.0601441301
0.0126272487
0.0173385404
0.0525297187
0.0185672063
0.0377211794
-0.0586610883
-0.0119377412
-0.0473411754
0.0141356569
0.00517017441
-0.0166928936
-0.0195086021
0.0340541601
0.0247409828
-0.00352728274
-0.0634546131
-0.0935591236
-0.086714454
-0.0806675628
-0.0551724099
-0.0949500129
-0.160058796
0.0297213923
0.0233698525
0.157089859
0.232693762
0.117705412
0.0996670276
-0.00126446388
0.0270572659
-0.0210191365
-0.0112941414
-0.0676562265
-0.0494111851
-0.115966059
-0.047430817
-0.031700816
-0.021929102
-0.00264984556
-0.0238370374
-0.00847378746
-0.0261677951
-0.0202898569
-0.00817209017
-0.081047222
-0.049774114
-0.0940777808
-0.00361836748
0.0474471115
0.0801771432
0.0702416375
0.0862964466
0.179154769
0.198730275
0.0249500871
0.056755133
-0.0477796346
-0.00406550663
-0.0470463149
-0.120738648
-0.0702974349
-0.0564668365
-0.0604151785
-0.0313385092
-0.0369628109
-0.00609735167
-0.0307001397
-0.00613892823
-0.0340149701
0.0172312427
0.0139296884
-0.0513636172
-0.103775546
-0.0781919062
-0.0452425927
0.0222793594
0.0552907772
0.175721571
0.203900039
0.189201981
0.146646336
0.108956173
-0.039485082
-0.0688486695
-0.0859577432
-0.0901450589
-0.0471546724
-0.0590109453
-0.049795296
-0.0543922298
-0.0526923202
0.00276636914
-0.00656269677
0.0379043296
0.0289987549
-0.0150583731
-0.0140539743
-0.0288853459
-0.0137074487
-0.0705280229
-0.0535932183
-0.046965804
-0.0176429376
0.0265919026
0.0709464028
0.112137735
0.112079829
0.128862724
0.0467945412
0.0138874818
-0.0732497796
-0.148765534
-0.0580163077
-0.00904124137
-0.0194913242
0.000725381018
0.00968057383
0.0485251285
0.0132848965
-0.0080589829
0.0332863927
0.030888062
0.0328963324
0.00327307545
-0.0226081759
-0.0185293499
-0.0491185784
-0.0727936998
-0.0805555806
-0.021819884
0.0208677556
0.0366960056
0.0760641545
0.0327581055
-0.0150863631
-0.00704194093
0.0249797907
-0.10079018
-0.052337449
-0.0458401442
0.00248733279
-0.0350669324
0.04867623
0.0214917529
-0.0353698507
0.0242074393
0.0480794273
-0.0119672595
0.0314914845
0.00065965089
0.0274641626
-0.0053610187
-0.0331522152
-0.012844149
-0.020962527
-0.0811131448
-0.0571107715
0.0122657735
0.0634616539
0.0240397714
0.0375904031
0.0392573215
-0.00113834324
-0.0299889352
-0.0177384745
-0.0640575364
-0.0449493788
0.0224357415
0.000102463717
-0.003774788
0.0099256821
0.061410889
0.0163527913
0.00986608304
0.0122425044
-0.0154266832
0.037446335
-0.0145868016
0.0345645174
-0.0143222949
-0.0318540372
-0.0199072678
-0.0423356667
-0.017595673
-0.0168596301
0.0862760618
0.0638132319
-0.00796669163
-0.00518659689
-0.0421456024
-0.0752086714
-0.0679432452
-0.0343140066
0.0106690219
0.0105823893
-0.0222069658
0.00496859895
0.000936264812
-0.00408231793
0.0159802977
-0.0356780849
-0.00620691525
-0.0338836014
-0.0108768335
0.018387042
-0.0352850035
0.0228820834
0.0237416308
-0.00257205172
0.00198806706
0.00395471975
0.0368384644
0.0970135406
0.0630530417
0.0703668222
0.0178638101
0.0263017695
-0.0389915779
-0.00979402754
0.0254628249
0.0185473189
0.0994238108
0.017295273
-0.0219926871
-0.0352956764
0.0124480035
-0.0647927597
-0.00499544479
-0.00591649814
-0.00870888866
0.0115985665
0.0304671954
0.00528533803
0.00934388395
0.0147455875
0.00162228197
-0.020045545
0.0237137433
-0.0485953614
0.0133369509
0.0411170647
0.0108882617
0.0319708325
-0.00463950634
0.0393118858
-0.000905888621
0.0657082424
0.0968869552
0.117628641
0.0706128553
0.0527578853
0.0594319664
0.0258384142
-0.00591024477
-0.0116706733
-0.00680878107
-0.0270225685
-0.0251277667
-0.00621692277
0.0236219391
-0.000496772001
-0.0143633327
-0.00645520538
0.00737792626
0.000812582672
0.0149484491
0.00739261135
-0.0153584657
-0.0344591588
0.0128072379
-0.0288224127
-0.0200659875
0.0185068436
0.0105105881
0.0714836046
0.0196862146
0.00902650226
-0.0182759315
0.00203099172
-0.0578138083
-0.0230192412
0.00869412255
0.000729402236
-0.0266802069
-0.00618823757
0.0136445863
0.0161354803
-0.0295149218
0.00329054357
0.0153133944
0.0195504911
0.0136186108
0.0308190472
-0.0242736302
0.000951952999
-0.019364344
0.0218909923
0.0211400688
0.0207663085
0.0412755422
-0.0110070053
0.0209670514
0.0472978652
0.000268252945
-0.0322281569
0.00323433313
0.00597904623
0.00783055555
0.0239521842
0.0463105366
0.000809121993
0.0465307683
-0.0232902169
0.00807879958
0.00535779586
-0.0237691626
-0.00830586627
-0.0209755842
0.0149319991
0.0335190631
-0.00222623721
0.0122135617
-0.0125172511
0.00865653995
0.0235174485
-0.0177107006
0.0268397573
-0.00417733146
0.00454657432
0.0155185098
0.0622224435
-0.00252962206
0.0191343222
0.0466556624
0.0594974235
-0.00608748989
0.0625072047
0.0591554195
0.0526906997
0.0425361097
0.0182815194
0.0104689607
-0.0192278214
0.00320054661
-0.0129438555
-0.0108889136
-0.00994909927
-0.000216055661
0.0116484948
-0.00951463729
0.0160699449
0.0161304176
-0.0311402939
0.0305083916
-0.013497836
-0.0254939348
0.00236687902
0.00743592251
-0.0298322868
-0.00427372102
-0.0239523705
0.0215857178
0.00263158651
0.0307356548
-0.0115757678
-0.0132905506
-0.000891642296
0.0328351334
0.0289889872
-0.00456023822
-0.0312792771
-0.0126966666
0.0357093178
0.0236013979
0.0258144364
-0.00178746181
784
0.0261168033
0.0165195651
0.00144542381
0.00753630698
0.0198461749
-0.0167274736
0.00420983881
-0.0309972987
0.0284244157
0.014836546
0.000659335405
0.00998552516
-0.0303103216
0.0192608126
0.00536938664
0.0344091356
-0.0336297899
-0.00153635442
0.0356494449
0.0172510594
0.00998509675
0.033836823
-0.0188179463
0.0124828778
0.0140253641
0.0100080594
-0.00883031264
0.0174836256
-0.00980347395
0.0187267028
0.0254005045
-0.0223510247
-0.0107834237
0.0257053934
-0.0165833626
-0.00720575824
-0.00386855169
-0.0161127634
0.0162740387
0.0317038707
0.0206698664
-0.00423603458
0.0181686673
0.0252837874
-0.00406717928
0.0328617357
-0.0160337873
-0.0152382515
-0.0133522479
0.0201073103
0.0109890969
-0.0297466759
0.0355330519
-0.0103024803
-0.0109370593
-0.0334226973
-0.0209766477
0.0169448704
0.00672065094
0.0220943317
-0.00732102338
-0.0201890934
0.0110127134
-0.0243390128
0.0280085262
-0.0134688411
0.0375941917
0.0379476473
0.0106844762
0.0202476438
-0.000867556257
-0.0240272358
0.0261513367
-0.0197023433
0.00685038697
0.0243380517
0.043781843
-0.0071342811
-0.00515835499
0.0207842626
0.00426266156
-0.0162403174
-0.00699380226
0.0265969336
0.0146814473
-0.0346353166
0.0271014404
-0.0275264829
0.0332143754
0.0334931538
0.0336436592
0.00441964297
0.0247066487
0.00357766962
0.0413897187
0.0462219901
-0.036839202
-0.0022711365
-0.000768352067
-0.0473659821
-0.0624349564
-0.0274807103
-0.0709288418
0.00172888429
-0.00177262095
-7.03621481e-05
0.0295483582
0.0476324297
0.00184271752
-0.00411576778
-0.0126988515
0.0283608772
0.0184475929
-0.0227386206
-0.0214840006
-0.0350724235
0.0234424472
-0.00777967414
-0.011074719
0.0238321461
0.0194870811
0.0347222686
0.0322777815
0.0160492547
0.0282788575
0.0276816171
-0.0494834892
-0.118487306
-0.0974770933
-0.0736924931
-0.0625270084
-0.0530682355
-0.00259812153
-0.0340387933
0.00508335838
0.0133800674
0.00675993413
-0.000788518228
0.0124729564
0.0339011475
-0.0298285466
0.0287847631
-0.000261814508
-0.015963722
0.0383950397
0.0479222536
0.049037613
0.0324068256
0.087502569
0.0768475905
-0.0113322595
-0.0475575514
0.00826062635
-0.0475131087
0.0638270751
-0.00908415392
0.0107076224
-0.0656455904
-0.0999046564
-0.127322078
-0.107819237
-0.0498122573
-0.0460151881
0.0464807302
0.00283897691
0.00288577355
-0.00561479572
-0.0294434745
0.0229835398
-0.00138832955
0.0274441075
-0.0199416541
0.0022794269
0.0697271228
0.0163891297
0.0496479757
0.0307710357
0.0453567728
-0.007502764
0.000188114427
0.0105788745
-0.0124761518
-0.0248159636
-0.0437635891
-0.0463529602
-0.0749671236
-0.149258137
-0.154283538
-0.106865339
-0.0626774877
0.000729972322
0.0552107692
0.0380736366
0.0154873924
0.0377193131
-0.0302167609
-0.00729901623
-0.0353672579
0.00459497236
0.0329121724
-0.0121190911
0.0211669561
0.00278204866
0.0430927873
0.0192655418
0.0314383246
-0.0412736572
0.0259781089
-0.0879799724
-0.112459995
-0.082496576
-0.168089509
-0.132125154
-0.0840876922
-0.125779778
-0.143370822
-0.0798752233
-0.0563465878
-0.0486490056
-0.000222599658
0.0148578342
0.0169475302
0.0389769226
-0.00693046115
0.0289990641
-0.00975351129
-0.0107528688
0.00647161808
0.0159042329
0.0407643318
0.0172682516
0.0324963816
-0.002210879
0.0407739021
0.0561549738
0.0289531182
-0.0386211351
-0.131103233
-0.111656375
-0.123039335
-0.149482056
-0.0620056428
-0.0788356811
-0.0827122256
-0.00992796384
-0.0216679759
0.0215434991
-0.0134502016
0.0479996502
0.0383231081
-0.0165078305
0.0181507375
0.0322622471
-0.00671367068
-0.0220469106
-0.010941647
-0.0114724748
-0.0270946063
-0.0611789636
-0.0112655684
-0.0626093149
-0.0322553888
-0.0605348572
0.0230401196
-0.0273524262
-0.0843271464
-0.026078701
0.00332147139
0.0529059619
0.0544720665
0.0412186794
0.0438538939
0.0952835903
0.101393849
0.0362518802
0.0178591385
0.0257540531
0.00285993144
0.0176790915
0.011304874
-0.0170715991
-0.0131963547
-0.00771419331
-0.0484710783
-0.0544218235
-0.0116884774
0.00165630924
0.0209266171
-0.0193517674
-0.0155742709
-0.0407537557
-0.0125720827
-0.0458813719
-0.0210388228
-0.0227570198
0.113871872
0.0802063569
0.12036673
0.0655093044
0.0498953946
0.108254746
0.142742157
0.097261928
0.0204933695
0.0301596355
-0.0219990686
-0.0306883138
0.00796534028
0.00800412893
0.0341916718
-0.00234663882
-0.0184902139
-0.0236371588
-0.0504220687
-0.061947044
-0.02200968
-0.0461560637
-0.00200274214
0.00992175099
-0.0142728295
-0.0156710856
-0.0316545777
-0.0562608019
0.040897619
0.102520503
-0.0221890379
-0.00684433896
0.00959133822
0.0118398443
0.0434192158
0.0131276613
-0.0206082817
-0.060280297
-0.038335491
-0.0335662588
-0.0112009374
0.00717544602
0.0310825258
0.00783302635
0.0245907716
-0.09730497
-0.0637646765
-0.0953863487
0.049666211
0.0101442048
-0.00183396763
-0.00223573134
0.0173009448
0.0217181426
0.0357617997
-0.0354472101
-0.0155419046
0.108664498
0.0337525345
-0.037368089
-0.0512110777
-0.0332780033
0.0187824275
0.00148159103
-0.049149666
-0.00671072118
0.0299917888
0.02851969
-0.0332371257
-0.0159063134
0.0335297883
0.00386616704
-0.00542522501
-0.105728559
-0.0109094121
0.0258987173
0.00115739694
0.0385224037
0.0161764845
0.00175867113
0.0145515287
0.0151715288
-0.0533933602
-0.0852033868
0.0257105846
0.119623438
0.104671396
0.0114978617
-0.0713811889
-0.0496179163
-0.0420878045
0.0235354695
0.0492352918
0.0340072736
-0.0131547609
-0.0151259564
0.0235609859
-0.0309814475
0.0295006856
0.0167157035
-0.021234626
-0.0115659861
0.0243102144
-0.00191329478
0.025674466
0.055040583
0.0571753532
0.00372128841
0.0177099388
0.00655098259
-0.0312310625
0.0197880995
0.0971564725
0.148069531
0.0697991475
0.0144483279
0.019060351
-0.0264130831
-0.00661115488
0.0538882539
0.0393580645
0.0513631217
0.0393835232
-0.00986929517
-0.0165574662
-0.00709270313
-0.0249109697
-0.013535141
0.00806045718
-0.0116369426
-0.0130334133
0.038050063
0.0393130966
0.0697159395
0.0657480657
-0.014182345
-0.0223568641
-0.00673838099
0.0461961664
0.0815233365
0.188895002
0.138843507
0.0713360831
-0.0205303635
0.0315522552
0.0364697315
0.0641208664
0.0665054768
0.0915304497
0.0504401699
0.0268410668
-0.000722929253
0.0310508329
-0.00186339056
0.0162418168
-0.0336932205
0.0172384921
-0.0543048866
0.018036291
0.0605855547
0.0736842304
0.0600801818
-0.0364915766
-0.0429733135
-0.0211663786
-0.00295516406
0.0600113608
0.187062845
0.206304103
0.112784587
0.0854143053
0.031999737
0.00418714574
0.0737082139
0.101375066
0.0411748588
0.025947446
0.00554002076
0.00524251442
-0.0224445816
-0.0158742536
-0.00317041948
0.000511647668
-0.0217269156
-0.0253974106
0.0158926323
0.0442375429
0.0841388553
0.0644206032
0.00633149128
-0.0275580939
-0.061218407
-0.0974539742
-0.102008343
-0.0260362588
0.136557266
0.163140401
0.0967877209
0.00420976477
0.114382029
-0.0160268359
0.0650270209
0.0590793937
0.0510062352
0.0226659346
0.0627325773
0.0164786484
0.0111463452
-0.0139863351
0.0106256716
0.0242576357
-0.0320126712
-0.0225759409
-0.0231445953
0.0297816228
0.0199027117
0.0443941019
0.0541015975
0.0265714023
-0.0951054245
-0.153803557
-0.00183609885
0.075212419
0.171574295
0.136507154
0.0592171326
0.0844028816
0.0569628887
0.00887875166
0.00937578268
0.040616747
-0.0396145843
0.0136035113
0.0642117262
-0.00772482762
0.00059178099
0.0121505391
0.0285371151
-0.0328603089
0.0325463489
0.020061994
-0.0259944443
-0.0273035113
-0.0358604416
-0.000969687244
0.0475968719
-0.00565425819
-0.0484207943
-0.0433731936
-0.109186724
0.0624325946
0.140353754
0.132572591
0.0348204263
-0.00822232384
0.00596663915
-0.0611746609
-0.00430266792
-0.0216478668
-0.0730665773
0.00875052251
0.000664382707
0.00263851276
0.0263384394
-0.030715324
-0.0350159965
-0.0142596141
-0.0313431732
0.00461154943
0.0198925138
-0.026054021
-0.0659041181
0.0297512021
-0.0154219447
0.0117196105
-0.0253303498
-0.0650932267
-0.0122293364
-0.0447438769
0.0320905596
0.000794974912
-0.0243348572
0.00133531867
-0.00492484029
-0.0877518654
-0.0541296899
-0.0750244185
-0.086934492
-0.0139550762
-0.023192184
-0.0126891537
0.00490649929
-0.0269451011
-0.000168631625
-0.0150218066
-0.0246130824
-0.029145224
-0.007983936
-0.0291828234
-0.126952171
-0.0439227484
0.00915570278
-0.0178153683
-0.0662629455
-0.0695218667
-0.107266203
-0.0484044403
-0.0368586481
-8.90257579e-05
-0.0175512731
-0.012768507
-0.0311454367
-0.0830395818
-0.0582718067
-0.0117624858
-0.0199339613
-0.0464821532
0.0084192669
0.00568554224
0.0278644171
-0.0112958616
0.0125428298
-0.0151164681
0.000563378679
0.000488986669
-0.006719884
-0.0638054237
-0.040658053
-0.0264424235
-0.0553262495
0.0108896531
0.0425893217
-0.0583017357
-0.0539738014
-0.0324505791
-0.071089305
-0.0161696542
-0.0535455197
-0.0514433533
-0.0586333759
-0.0578697324
-0.0642277449
-0.00551444292
-0.00941699184
-0.047450114
0.0113801975
-0.0159081258
0.0222629216
0.00148999551
-0.019961562
0.00603640452
0.0241995566
-0.0400154889
0.0107033085
0.00912894495
-0.0346816294
-0.00480621262
-0.0535660498
0.00384023879
0.0724448189
0.0336802751
0.0678869784
0.0233370531
0.0224359557
0.0484112836
-0.0330803916
-0.0510924831
-0.0803444609
-0.0591490082
-0.0364920497
-0.0199697241
-0.0810350776
-0.0560367294
-0.0155448578
-0.0131709855
-0.0193983335
0.00763402879
0.0193408877
-0.00919231214
0.00459453883
0.00839062687
0.00486476952
-0.00913023204
0.0187413748
-0.066052705
-0.0360187218
-0.00264309673
-0.0310068354
-0.0387000144
-0.00801896863
-0.0309208613
0.0449241251
0.0028522932
-0.0682320744
-0.0596169382
-0.105500624
-0.0842300877
-0.0161394309
0.00766337849
-0.0219291281
-0.0144315641
-0.00701456144
0.0212302133
0.00601072516
0.0338660888
-0.0268915072
0.0344423316
0.0150630828
0.0368922502
0.00968297198
-0.0241295118
-0.0417183451
-0.0516193882
-0.0807759166
-0.029401226
-0.0523767024
-0.0452049859
-0.0448033474
-0.0452277251
-0.0929491892
-0.0505096577
-0.123300821
-0.119610921
-0.126757443
-0.0971037671
-0.0448197052
-0.0578572862
-0.0328333676
-0.0271559078
0.0180450492
0.0197740961
0.00998398848
0.0228650533
0.00720902905
0.019258637
-0.0343808085
0.0188659765
-0.0329071358
-0.024067454
-0.0503695309
-0.0642478168
-0.0311011411
-0.0509821288
-0.0525789782
-0.0680054128
-0.0595188253
-0.0397049263
-0.125603557
-0.064775385
-0.0593990386
-0.0874335095
-0.102387361
-0.0538089648
-0.00599668548
0.00843432546
-0.0327919461
0.0072509381
0.0188337453
-0.0128971757
-0.0167022422
-0.000286977738
0.0338881649
-0.0130476914
-0.00681870803
-0.0305931903
0.0345889889
0.02754624
-0.0262336228
-0.0107348058
-0.0165529847
0.0191426314
-0.0302119069
-0.0291165151
0.0269800983
-0.00853961613
0.013979231
0.0100208623
-0.00464769127
0.027397288
0.0189816263
-0.0288718287
-0.0306159519
-0.0278427918
-0.0170626324
0.0238036942
0.0159370489
-0.00319163129
0.00107010081
-0.0148086213
0.140974268
784
-0.0175633281
0.0274151601
-0.0191852488
-0.0178697314
0.0205643736
-0.0174684729
-0.0211876482
-0.0293798205
-0.000894445926
-0.0329445787
0.0147535801
0.0348764323
0.0254583955
0.0161171313
-0.00857105851
-0.0193143394
0.0311743431
0.0185690671
0.0188656189
0.00302515179
-0.0134035759
0.0118215643
-0.0292426329
0.0190843754
-0.0346273854
0.0175597928
-0.0154010281
0.0120995715
0.000380191952
0.0327698402
-0.0230691452
-0.00882958993
0.0296736676
-0.0062296777
0.0347102694
-0.0160839856
0.0110821491
0.00346659659
0.0104605602
-0.0166957267
0.0228053275
6.02430664e-05
-0.0242861006
-0.0297841057
-0.013581099
0.00677554403
-0.027231032
-0.00964563899
0.00974512007
-0.0111135328
0.0325561725
0.0124554979
-0.0272795372
0.012823306
0.0212555341
0.0274435245
0.0289363004
-0.0248193443
0.0041606687
-0.00740757538
-0.00123039959
0.0333324745
-0.0083039701
0.00672966475
-0.00814654399
-0.0095086135
0.0239808839
0.00543561485
-0.0140808262
0.0119635584
0.0317177996
0.0279837232
0.000804323063
0.0506414399
0.0204934943
0.00549422996
0.0246878285
0.0136726787
-0.0180555582
0.00632391451
0.0154061504
-0.00921152532
0.0219263956
0.016879227
-0.0250995755
0.00857718661
0.0137967374
0.0304535218
0.0284920987
-0.0229660496
-0.00868059043
-0.0102779381
-0.0313461497
-0.00282262848
-0.0384189412
-0.0514233112
-0.0543633625
-0.0272635948
-0.00679767318
0.000432048022
0.00605428731
0.00950402301
0.0118135903
0.0442337692
-0.031975653
-0.00261180196
0.00822489336
-0.0214429125
0.0212589987
-0.0102047715
-0.0118241748
-0.0233951807
0.0115061104
0.0260429792
-0.00632321322
-0.00903401617
-0.0253298152
-0.0229285117
0.00538667059
-0.0479839891
-0.0435971171
-0.039950788
0.00498643192
-0.0590665452
-0.0598072372
-0.0831435993
-0.0159384012
0.0345371328
0.069574371
0.0887861997
0.0604516007
0.0235829987
-0.01954953
-0.0471382439
-0.0395965241
-0.0398900695
-0.0404920913
-0.0206115544
0.0295946617
-0.0172995012
-0.00798694417
-0.0222578812
-0.0168419443
-0.00255484227
-0.0391085111
-0.0168360677
-0.05509625
-0.0252036508
0.026708968
0.0134019386
-0.0205965377
-0.0086760819
-0.0167407244
-0.0320832133
0.00907960162
0.0163126122
-0.0126228696
0.000645701308
0.0326900184
-0.0199610479
-0.00734112272
-0.0202188455
-0.0539555922
-0.0586943738
-0.020183906
-0.0238071196
0.0362982042
0.0362253152
-0.0247450285
-0.0325350463
0.0110626882
-0.0203599129
0.00108359358
-0.0279990081
-0.00972127542
-0.0079809064
-0.0190073829
-0.0477997176
-0.0773224607
-0.0572912917
-0.00999918487
0.0668345317
0.0643115416
0.0762918517
-0.00563689088
-0.0182998907
-0.0304725934
0.0485715792
0.0306393541
0.006201996
-0.0447563231
-0.0186885726
-0.045043923
0.00193535525
-0.0243025105
0.000254507759
0.0128010157
0.0168277211
-0.03191543
-0.00786958355
-0.0504453927
0.0103666885
-0.00614787685
-0.00715318136
0.0204485618
0.0235777572
0.0364425443
-0.000724089099
0.0151902791
0.0463024676
0.0363158658
0.0737873986
0.0179639868
-0.0269644242
0.0700877905
0.0373171642
0.0579916425
0.0648414865
0.000170810512
0.0160763059
0.0263395477
0.0217821952
-0.0351688676
-0.0179142095
0.00529875141
-0.00194050046
0.0237784106
0.00516608637
0.026235152
-0.0268184301
0.00605138252
-0.0235430095
-0.025409963
0.0165535193
0.0228974801
0.0397037752
0.100938
0.112308659
0.0287360363
0.0146054253
0.0374401361
0.00824567024
0.0482791699
0.0475600697
0.00642407499
0.0538203791
0.00818075892
-0.0127881905
0.0256156139
-0.0115994187
0.00784573704
-0.0153820058
-0.0286624581
-0.0023802598
0.0198166892
0.0191652104
-0.0277097803
0.0188530274
-0.0278921612
-0.0225230251
-0.039746698
-0.0250777826
0.000617276644
-0.0380782187
0.055931367
-0.00637147995
-0.0276156459
-0.125285804
-0.077278316
-0.0397039279
-0.0505151525
-0.00109309366
-0.00677822111
0.00825442374
0.0172580928
0.00920311641
0.00532887457
-0.00111228821
-0.0260298327
0.00344577199
-0.0108203562
-0.0181815643
-0.0157584064
-0.0390368961
0.0108810756
-0.0467022881
-0.00770485634
-0.0247021411
-0.0695857257
-0.00663764542
0.00154743204
-0.0487274528
-0.0163968559
0.0288939886
-0.0504556559
-0.0562535711
-0.110853992
-0.0890622362
-0.018503638
-0.0450484268
-0.0557090119
-0.00543236919
0.00270138588
-0.0119102262
0.0120303137
-0.00299717882
-0.00510952109
-0.0353739411
0.00154062395
0.0294702668
-0.0104063824
-0.0267993994
0.00770090707
-0.0231216289
0.00943537429
0.037488617
-0.0324246399
-0.0138074495
-0.0497650877
-0.0295701865
0.0578119569
0.0617425591
-0.0165603515
-0.0957583338
-0.0578772984
-0.0899873078
-0.108882621
-0.0616108961
-0.0296122693
-0.0347142443
0.0245866645
0.0371352136
-0.0113428356
-0.033648476
-0.0206144731
-0.020597335
-0.0196588133
0.00942936074
0.0246801134
0.0243448038
-0.016015036
-0.0289238635
0.0510530695
-0.033094991
-0.0543200821
-0.00480601797
-0.027540829
-0.0298525225
0.00424255151
0.0193391144
-0.00133512344
-0.0406449214
-0.0592142418
-0.0567667559
-0.0270299166
-0.0256189108
-0.00650755363
-0.00379062281
-0.00012330657
0.0609150045
0.0375636555
-0.015541425
-0.00280366465
-0.0227574874
-0.0229191277
-0.031536933
-0.0182424597
-0.026508376
-0.00449924031
0.00329259131
0.00963624474
-0.0171594173
-0.0245665498
-0.00849413686
-0.0234353431
-0.0469244272
-0.0608788207
-0.0404495932
-0.0151132476
-0.0392681994
-0.0697016791
-0.0521014556
-0.0561749041
-0.0744896978
-0.0772841424
-0.0257234052
0.0214137863
0.0333546326
0.0134937037
0.0160542
-0.00826446991
-0.0306994226
0.00807197671
0.000209635196
0.034364406
0.0171149187
0.00418564444
0.0163883232
-0.0396271572
-0.0689588338
-0.0714530796
-0.069742389
-0.0325801671
-0.0140879964
-0.00374381128
-0.0220991746
0.0236986279
-0.0301212929
-0.0460159965
-0.0212708637
-0.0286042113
-0.0438449718
-0.0518956333
-0.0766484067
0.0118479077
0.043894548
0.0570654608
0.0276851077
-0.0177100487
-0.0345764272
0.02456831
-0.0146917533
-0.0182537045
-0.0407134145
-0.0388661586
0.00794957951
-0.0109665552
-0.102269784
-0.14529404
-0.092430599
-0.00349643151
0.0359772108
0.0704410821
0.0687769279
0.0281217005
-0.0482429639
-0.0712637752
-0.00492023723
0.00138216256
-0.0526690856
-0.0616645589
-0.0429893658
-0.00363042229
-0.00345105794
0.0423412919
-0.0321462043
-0.00329109374
0.0170387141
0.027302999
-0.000934124226
4.97542969e-05
0.00782835949
-0.0326587781
-0.0120069226
-0.0416189842
-0.077450268
-0.155215591
-0.0628119484
0.0289785825
0.132248089
0.141524613
0.0334264375
-0.0492791384
-0.0310468208
0.0287631601
-0.0169865899
-0.0621638261
-0.089644976
-0.0445892699
-0.0789201781
-0.0498210937
-0.0404525623
-0.0349982679
0.0187604651
0.00535800308
0.0339758582
-0.0285899825
-0.0118765142
-0.0241708327
-0.0273452885
-0.0305021964
-0.00794034917
-0.0507858582
-0.190213308
-0.138688073
-0.0394450538
0.135582402
0.182309881
0.0891618878
-0.077776365
-0.0674749762
-0.0789647549
0.0105459159
-0.0810882896
-0.0990458503
-0.039610099
-0.072167486
-0.0672883242
-0.0671859011
-0.0239573102
0.0211293716
0.0242944304
0.0112312427
-0.0337749757
-0.0329221152
0.0251044128
0.0138233993
0.0157793518
-0.0544838831
-0.0929785222
-0.129926816
-0.128452837
-0.0806803107
0.0790535063
0.187324151
0.121832803
0.122618943
-0.0748387203
-0.109323926
-0.0388954356
-0.0344285108
-0.0505319238
-0.0806970596
-0.0428821445
-0.083132796
-0.0633681118
-0.0187658183
-0.0414819382
0.00653794827
0.0201680176
0.0186790042
-0.0241895914
-0.0240575112
-0.0113827335
0.0220523812
0.00380210113
-0.0224687681
-0.0525140949
-0.0880071446
-0.0951630846
-0.0381304137
0.0736215785
0.207299143
0.17102766
0.0931355879
0.0305255707
-0.04499273
-0.0640802756
-0.0304655954
-0.00813957583
-0.0453204438
-0.0266989302
-0.0382384583
-0.014711299
0.0315159634
-0.00907248165
0.00642846059
-0.0193022247
0.000631437462
-0.0169436987
0.0195716918
0.0129011543
0.0233339891
-0.0100187901
-0.0566131584
-0.0333591178
-0.029143095
-0.0707982406
-0.0304614045
0.0366986245
0.130223498
0.193324938
0.173986927
0.0575866885
0.0164172482
0.0382490009
-0.00286659016
-0.00373590249
-0.0244809389
0.0041334061
0.00719912304
-0.0172594376
-0.0316748209
-0.0152037777
-0.0358148441
0.0146534294
0.0209690277
0.0305646826
0.0281789061
0.0036220199
0.0258042496
-0.0364027396
-0.02782817
-0.0501614586
-0.0596496314
-0.0534890853
-0.00723108975
0.0431898013
0.0523903593
0.072329469
0.122419231
0.114034832
0.0866627842
-0.0123773264
-0.0249429252
-0.00763697317
-0.0318941697
-0.00252556289
-0.0233409312
0.010412694
-0.0169825945
-0.0152120125
0.025709793
0.00599740818
0.0167436488
-0.0297818724
0.0142163374
-0.0238014068
-0.0148717398
-0.00821938645
-0.0496097617
-0.00273779035
-0.0270074401
-0.0387538821
-0.0197302457
-0.0241866745
0.00478895195
0.0370698683
0.0859332234
0.105128489
0.120947175
0.0747875124
0.0422240794
0.0243667159
0.0171232428
-0.0095525058
-0.033798296
0.0262914356
-0.0366391651
0.0281745158
0.0131543735
0.0210098736
0.0302537959
0.0128867263
-0.00875889137
0.00360754877
-0.01155461
0.00811215024
-0.0268179458
0.0064908932
-0.055160407
-0.0215863977
-0.0482275113
-0.00626380416
-0.0211529452
0.0280628875
0.117453992
0.0683485121
0.0774055794
0.103520557
0.0748606995
0.0215216279
0.048901353
0.0460486934
-0.0263624322
-0.0386149622
-0.00414242782
-0.0134235062
-0.0088861743
0.0263812318
0.0163492709
0.00635118783
0.0300601982
0.00735958666
-0.0221256334
0.00491514429
-0.0369122177
0.00264697825
-0.0130170435
-0.0884544626
-0.0537456721
0.021831546
0.0261102896
0.0501497835
0.0708165094
0.0764558613
0.0532228388
0.0568245016
0.0663138106
-0.0306228157
0.0413191207
-0.0112777222
0.00131388509
0.00124426687
0.00659742765
-0.0176011045
-0.0190069545
0.0352065489
-0.0316983946
0.0267340839
0.0340498127
-0.0105513111
0.0212481599
0.0065067769
0.0317387171
-0.0108341407
-0.0509417504
-0.0587280765
-0.0579486154
-0.0153390523
0.0204999372
0.0133562656
0.00257222401
0.0206644312
-0.0172283202
-0.000927435351
0.0248499755
0.00175235874
0.022664398
-0.0353511013
-0.0405264422
0.00332005485
0.0195895191
0.00486892182
0.0213528033
-0.0191027299
-0.0195542462
-5.94370067e-05
0.00102237985
-0.0311065577
-0.0221813284
-0.0158816501
-0.0126642892
0.0230716858
-0.00972480606
0.0211203247
0.0284560248
-0.00279404875
-0.00973407831
0.0121915499
0.00774437794
0.0156260114
0.0157872438
-0.000503057381
-0.00715890573
0.0146371815
0.027462801
-0.020608468
0.0309006497
0.0183230713
0.0279673934
0.0122977644
0.00532531226
-0.025310535
0.0110041648
0.0183576643
-0.0341925435
-0.0312082041
-0.0162600931
0.00235522911
0.0129620628
0.00914563052
0.0346868001
-0.00601086533
-0.0194700435
-0.00938553456
-0.023996681
0.0319491848
-0.0264135543
-0.030853359
0.00885489117
0.00112526782
0.017275
-0.0245177727
0.00719124032
0.0244481638
0.00109774736
-0.0156239299
0.0200037323
0.0346812718
-0.0244999398
0.0152470432
-0.0286662802
-0.00841857679
0.0358370543
784
-0.0174726788
-0.0204429328
-0.0129134338
0.035352435
0.0255318135
-0.0296939649
0.00498510525
-0.00102046505
-0.00808352232
-0.00262549892
0.0160819478
0.00359005854
-0.0189664047
0.012491365
-0.0206990559
0.00498264004
0.0245254599
-0.0149049256
-0.00708439201
0.00406568125
-0.0252512135
0.0314492323
-0.00422354043
0.0149730928
0.00985341892
0.0349449478
0.0339156426
0.0201903321
-0.0182019994
0.00756710023
-0.0340620503
0.0191287361
-0.00337349041
0.0215408131
0.0188785326
0.0233597178
-0.0213385783
0.0132867796
0.0178695787
0.00389393582
0.0254072491
-0.0158678833
0.0119234491
0.0150758522
-0.0126895811
-0.0134200901
-0.0213029291
0.00723159686
-0.00497834198
-0.0294962917
0.00638018176
0.00277128676
-0.0163978413
-0.0270661041
0.0285814516
0.0113436133
0.00922289118
0.00915648416
-0.0355986767
-0.0242210682
0.000157793678
0.000235325773
-0.0313630663
0.0118824979
0.0135486862
0.0129576596
0.0198980588
0.0108459303
-0.000493946834
-0.0282072201
-0.0193743035
0.00464057783
-0.0314298458
0.00123569206
-0.00160332129
0.0270157717
-0.00954643171
-0.006106833
-0.0277105141
0.00244879816
-0.0225088838
0.010452792
0.00725917518
0.00495425612
-0.0195375532
-0.0105023198
-0.0124908676
-0.0195003003
0.0171562303
0.00819327217
-0.036719203
0.00548170786
0.00388877303
-0.00795565359
-0.0176803526
-0.0440259464
-0.0364953391
-0.0240413621
-0.031839475
-0.0390578508
-0.0209315643
-0.0257695578
-0.0386843272
-0.022331899
-0.00695471279
0.0188391916
0.015485663
0.0287371185
0.00772387814
-0.0351107344
-0.0310836472
-0.00802407414
-0.00343740731
0.0131867146
-0.0110336291
0.00957488641
0.02903286
0.00389447389
0.00606883038
-0.0100224046
-0.0227946099
-0.0426517762
-0.0413148589
-0.0298871733
-0.0826802179
-0.00545886392
-0.00129454199
0.0108349938
0.013285012
0.0574441627
0.0274929609
-0.0112946332
-0.0212126654
-0.0359748788
-0.0442157798
0.00831687171
0.0191158205
-0.000542407564
-0.0101703862
0.013401147
-0.0149653032
-0.0218447223
-0.00147770741
-0.0222452302
-0.0160789993
-0.0343645923
-0.0186686646
-0.0294683818
-0.0504540317
-0.106796294
-0.0710394606
-0.0306753032
-0.0800829753
0.00597237376
0.0160820149
0.0350703858
0.0603194721
0.149573222
0.150933474
0.0718854889
0.0714720115
0.0255338978
-0.0383799933
-0.0369801745
0.00654176297
0.0387743786
0.0315400735
-0.0321331471
-0.0161071699
0.00105558708
0.0220294837
0.000697983545
0.0123550408
-0.0313865617
-0.0638119504
-0.0648927018
-0.111110233
-0.098966904
-0.0808805451
-0.0119557893
-0.0563294962
-0.0666438341
-0.00887640473
0.021634981
0.0801459774
0.070946008
0.0577830523
0.0847153515
0.0406175368
0.0224453695
0.0176888146
-0.0137860673
-0.05822853
0.019391926
-0.0241425838
-0.00588755729
-0.0253147706
0.00529435417
-0.0288266707
-0.01631587
-0.0391804315
-0.0424880274
-0.0564972684
-0.0669325367
-0.113397151
-0.080754593
-0.0294476449
-0.00638043554
-0.0276504774
0.0277655367
0.0312528834
-0.00102762273
-0.0293583181
0.0992511362
0.15633975
0.0528273396
0.00965967868
0.0767400339
0.0224526431
0.00397222862
0.0213838331
0.000701490091
0.011764965
0.0373711362
0.0347670577
0.0109712202
0.00258992915
-0.0341654569
-0.0241850875
-0.0339067094
-0.0540339872
-0.0635511726
-0.107475325
-0.0749163553
-0.0279355645
-0.00656473497
0.0268096048
0.0925693288
0.126348704
0.025284607
0.0502223112
0.112591386
0.0960837454
0.0826494247
0.0692291334
0.0618953332
0.00597562827
0.0746711269
0.055864539
-0.0111710727
0.0250785202
-0.0359739922
0.0160551686
-0.0330493227
0.00242198608
-0.0197247695
-0.030547658
-0.0331432223
-0.0828602016
-0.0950982496
-0.10601303
-0.0884280577
-0.0399397388
-0.0324617028
0.0393085778
0.169625059
0.0774803013
-0.0607606024
-0.0907497853
0.00817116443
-0.00109309109
0.0635654479
0.078371048
0.014806604
-0.0172403622
0.0847834721
0.0782703683
0.0258415267
-0.0114090052
0.000769560575
0.0355879664
-0.0226835534
-0.00177160231
0.00226183422
-0.00447662361
-0.01086713
-0.0510115549
-0.0276137013
-0.0175224207
0.00356258499
-0.0252662431
0.0139667541
0.112716861
0.0788119584
0.106258936
-0.0822886899
-0.169021547
-0.0602500625
-0.00308066513
-0.00494875107
-0.0364775397
0.0421578921
0.0389756821
0.0972994789
0.0559127331
0.0354620628
-0.0291447081
0.0248636398
0.0182457082
0.0144907702
0.0286465138
-0.00538933184
-0.031532485
-0.0189787876
0.0210785549
0.0601862222
-0.0381859317
-0.0163587853
-0.0360284522
0.0607473776
0.0191050172
0.0509284064
0.0067879078
-0.185322478
-0.168511018
-0.19553186
-0.110063575
-0.0692320839
-0.00841538422
0.0143095748
0.0248997081
0.102219969
0.0763447061
-0.0112105682
0.0150924185
0.0204707664
-0.0051568104
0.0286246594
-0.0102134105
0.0212660823
-0.0179940555
0.0312256701
0.0636177361
0.0398240499
0.0154176475
0.00865804777
-0.0375052728
0.0611625426
0.0879486799
0.0724196061
-0.0870031863
-0.130074739
-0.186559886
-0.131223038
-0.105963729
-0.044856064
-0.0116487639
0.0239232089
0.0595121533
0.108138174
0.0913419053
0.00759477634
0.021332128
-0.00772771752
0.0239281617
0.0177779011
-0.00737916632
-0.0263594985
0.0610584617
0.0408053845
0.10469342
0.0717922449
0.0589804649
0.0558162816
0.0472391099
0.040382348
0.101065576
0.0643769205
-0.0341016538
-0.0454572849
-0.085241057
-0.0711664036
-0.0728312656
-0.0319214351
-0.0254477151
-0.0104498304
0.0684451088
0.130338117
0.0821862742
0.0363195054
0.00108537136
0.000312968914
0.0329906829
-0.0334649011
0.00722122937
0.0067835222
0.0539233908
0.0970961004
0.110627055
0.0823111013
0.0367597081
0.0162072107
0.0819439217
0.0674673021
0.105204672
0.085033603
0.0117814532
-0.0144308452
-0.0782031938
-0.0286261663
-0.00671461178
-0.0662246719
0.0217115302
0.0380075797
0.0807000771
0.0575899445
0.0991311371
-0.019012183
0.0235716812
0.0132131502
0.0287792683
0.00625858828
-0.0267984867
-0.0484885909
0.0393607877
0.0769084245
0.0560374931
0.0691011995
0.0170429144
0.0720841512
0.0948809758
0.00322059798
0.0581507944
-0.0393716209
0.0319226198
0.0220148452
-0.00687778369
-0.0235369392
0.00526548736
-0.0468470901
0.00176983338
0.0558671951
0.00602536276
0.0572705679
0.0497050546
0.0229336508
0.02211513
-0.0207618773
0.0170674752
0.0058348095
-0.0248147864
-0.0517790653
0.0021367236
0.0192227867
0.080282025
0.0650660545
0.0772626325
0.139212698
0.0718804821
0.0103542889
-0.0653529018
-0.0865868628
0.0662504137
0.0159032419
-0.00420486368
0.0354837663
-0.022284396
0.00578896562
0.0602637157
0.0801898092
0.085198909
0.0480304733
-0.0187095348
-0.000837250089
0.0258360486
0.0233563092
0.030948665
0.0110129751
0.00476082275
-0.0413032658
0.0269087497
0.0306493361
0.0962061062
0.063710995
0.114723831
0.184538335
0.0524648018
-0.122762538
-0.142690554
-0.0667939335
0.0534411334
0.0703445673
0.00160087226
-0.000529233774
-0.0215187799
-0.0537709109
0.0318827182
0.111488916
0.0534518622
-0.0135090202
0.0157832857
0.0209406037
-0.00496421056
-0.019541638
0.0247523058
0.0114667658
0.00600301893
-0.0224630069
0.048778113
0.0497508794
0.0771626458
0.119971201
0.184827805
0.131163597
-0.0444646329
-0.22271274
-0.183907792
-0.114059128
0.038944874
0.0801889673
0.074181512
-0.0769093409
-0.0469215177
-0.00926737953
-0.0115440581
0.0827497393
0.0700876638
0.0462482311
-0.0197422523
-0.0498168804
0.00359577872
-0.010147633
-0.00651848689
0.0166401956
-0.00224522431
-0.0109132463
0.000286766444
0.0658079088
0.112529919
0.0782041177
0.204351515
0.0958452001
-0.0308307484
-0.132520497
-0.161347672
-0.120514214
0.0136329625
0.0333068781
-0.000733412337
-0.0545970201
-0.0461564474
0.0363564193
0.0161157791
0.0710832998
0.093094036
0.0423749126
-0.0345985815
-0.0335975774
0.0193961281
-0.0264637582
-0.0179857798
0.00301047042
-0.0078366613
0.0386584215
0.0102653643
0.12211021
0.100855924
0.111569896
0.105084121
0.0643855631
0.0365067236
-0.0256301388
-0.0923664868
-0.0992746279
-0.114902541
-0.00729573285
-0.0756065845
-0.0843908861
-0.075804539
-0.0212329738
0.00212521269
0.0626030862
0.0161978342
-0.0385598466
-0.0647372156
-0.0461739227
-0.0323456712
0.0313148424
0.0197506249
-0.0341464914
0.0292335376
0.0258289315
0.0531175211
0.0880990103
0.107114695
0.0648724735
0.0880185962
0.134876907
0.0832686946
0.0832614452
-0.0946788117
-0.124155127
-0.145279184
-0.0882228315
-0.110128917
-0.0836956277
-0.136523858
-0.0558528118
-0.0151055194
-0.000208088895
0.0213623568
-0.057892967
-0.0370567292
0.00654963451
0.0326496437
-0.00518525392
0.0305528883
0.0191101078
-0.0281656962
-0.0163922012
-0.0019116248
-0.00914698001
0.0977940634
0.135115057
0.11635153
0.120632127
0.145298168
0.0978710875
0.0765984058
-0.00119092886
-0.115912393
-0.0939646736
-0.0820041671
-0.0889409631
-0.0241123978
-0.0412332863
-0.0518224761
-0.0127105769
-0.0296397526
-0.00410494115
0.0145034008
0.0283759851
0.0158765428
0.00270370487
0.0190853588
-0.0181282796
0.0309020132
-0.0229253471
-0.0344323106
-0.0188865457
-0.00851309393
0.0421754569
0.0831929967
0.0974907652
0.164515093
0.11951708
0.0447168164
0.0158437174
-0.0121677164
-0.0570653081
-0.0345705263
-0.0810614228
-0.0557929836
-0.0648085475
-0.0380659923
-0.00696314638
0.0239543132
-0.0255906321
-0.0297246929
-0.0111350501
-0.0317618288
-0.0216791667
-0.00460512564
0.0302217565
0.00768863037
-0.0425589494
-0.028983159
-0.00309893861
-0.0693569407
-0.0299550258
0.0427559242
0.015430118
0.0497883782
0.105568372
0.0744160116
0.0550102443
-0.033764068
-0.0376974754
-0.00267966767
-0.0679491982
0.0128501346
0.000483230338
0.00837393012
-0.0626092032
-0.0344872549
0.0229052734
-0.0261791553
-0.00630533416
-0.0215935167
0.00176519528
0.0247953199
0.0206644535
0.021720022
-0.0229306705
-0.0300626904
-0.0583976284
-0.0616032407
-0.0422782302
-0.048883725
-0.0602231734
-0.0441308431
-0.0212164782
-0.0501003005
0.00135014392
-0.03164915
-0.0358782895
0.00498194713
0.00768545689
-0.00414149789
-0.0332527123
0.0017369187
-0.0477618724
-0.0274246242
-0.00143864809
0.00628658663
-0.00780764502
-0.00408523111
0.0260294601
-0.0228613988
-0.0172492359
0.0206791759
-0.0165050738
0.036005836
0.0119169075
-0.0294803046
0.0162476115
-0.044010032
-0.0644627362
-0.0670697093
0.006967152
-0.0238256939
-0.0307976641
-0.0211488977
-0.0262696408
-0.043461252
-0.042681668
-0.0419966169
-0.0401092954
0.0142402695
-0.00347296614
0.00265583349
-0.026885258
-0.00815633498
-0.0102312174
-0.0135395359
0.0124557242
-0.0137839559
-0.0240757465
0.00181538612
0.0112014636
-0.0227648355
0.0189159997
-0.0119586419
-0.0202420168
0.0319595896
0.00604838645
0.0286749862
0.00854106061
0.0162945297
-0.0327295065
-0.0113990232
0.00286471238
-0.00747885369
0.0123992227
0.0286920611
0.0251533911
-0.0237449668
-0.0382154584
-0.000790390768
0.0247758422
-0.0121144224
-0.0356595069
0.0278240778
-0.00355777517
0.042805735
784
0.0265942551
-0.0303084385
0.0346752591
0.00136388466
-0.00569964573
-0.0082329046
-0.0132884216
0.0186424963
-0.0327453949
0.00530216098
-0.0294288751
0.0317739509
0.0235749967
0.0154230883
-0.00511990627
-0.00559764123
0.0324380063
-0.0286917426
-0.00781593844
-0.00533880666
-0.0150487479
0.00429668278
1.22450292e-05
-0.00847931579
-0.0118563157
0.0166267194
0.0167173445
-0.0315997042
-0.0247938968
0.00328759104
-0.0311562773
-0.000660475343
-0.0291727614
0.0260294527
-0.00951779541
-0.0336287282
0.00986835919
-0.00621946203
-0.0138856554
-0.0390160456
-0.0184624139
-0.0489991866
-0.0363787413
-0.000878967927
0.0288133603
-0.0351970755
-0.042710036
-0.00699807238
-0.0371051803
-0.0116909267
-0.0230385866
0.019566115
0.026366476
-0.00148385391
-0.0105994809
-0.00262164697
0.00942273438
0.0107094944
-0.00552187907
-0.0119524086
-0.0250034817
-0.00741070323
-0.00738865789
-0.0366013981
-0.0306397006
-0.0419321768
-0.0488337986
-0.0637366846
-0.0196840409
-0.0768691748
-0.0382182337
-0.0440485924
-0.0652755722
-0.0138881849
-0.0660283342
-0.0899908915
-0.0454475507
-0.0124686649
-0.007558187
-0.0450578965
-0.000183460812
-0.0104434798
-0.0108547769
-0.00764834322
0.0257488824
-0.024224788
-0.00311623723
-0.0173164401
0.0166016947
0.0342917293
-0.0166552681
-0.00471059373
-0.0526593328
-0.0555471964
-0.0432369523
-0.0117064416
-0.0414024033
-0.0619084127
-0.0436847657
-0.00115543453
-0.0104878619
-0.0275576022
0.00517959241
-0.0148131344
-0.0434253179
-0.0597099587
-0.0547546819
-0.0031302399
0.0118559776
0.0112641733
-0.000586006092
-0.00590445474
-0.0219060779
-0.03255089
-0.0110765947
-0.0139873605
-0.00607065856
-0.0268425327
-0.0285841431
-0.052247338
-0.0222139787
-0.0395139493
-0.0521366857
-0.0223313086
-0.0331545994
-0.0983403549
-0.0532930195
0.00489178905
0.00379216624
-0.00618509809
0.0358587354
0.00220137811
-0.0254875533
0.00715852017
-0.0197837707
-0.0489143878
0.014438903
0.0158603806
-0.0256343987
0.0088062752
-0.0150488056
0.00333403796
0.0351063311
-0.0127488505
0.00359370862
-0.0152154388
0.0144131677
0.000134783375
-0.0179519169
0.00830529258
-0.0293664243
-0.0258624367
0.00100886996
-0.0411874838
-0.0680547282
-0.0493633598
0.130357936
0.104288742
0.0581333376
0.0368786305
-0.0238592718
-0.00430931896
0.0114783356
-0.00345370057
-0.0106548853
-0.0423079394
0.00669585494
-0.0213153232
-0.030613685
-0.0241513625
0.0220393129
-0.00413333904
0.0074715768
0.019245239
0.0444043986
0.0612991005
0.0271099377
0.0758116841
0.0954357311
0.00676729344
-0.014835842
0.0875739828
0.0601305179
0.0906076431
0.0516640879
0.0350426063
0.0513955057
-0.0589730591
-0.00983688235
0.0666937903
0.0164963324
0.0197570641
-0.0417756066
-0.0407076925
0.0132562155
-0.0145583237
0.010024989
-0.0233558808
-0.0238187015
0.0245987345
0.0247263592
0.0392650105
0.0859082788
0.00334613933
0.0373893492
0.0266524609
0.0318848714
0.0604861267
0.0378960744
0.128659263
0.0286619142
-0.0388795733
-0.0337743312
-0.0720745698
-0.0884349942
-0.0220579933
0.0495347381
0.0449304692
0.0413482636
-0.0107698599
-0.0390444212
-0.0104940459
-0.000116807249
-0.0135033159
0.0292297471
-0.0264485944
-0.00748693058
0.00912934728
0.063619405
0.045552589
0.0247899052
0.0440195464
0.0444098189
0.0560834445
0.0581619851
0.0457367487
0.0663584024
0.0247783829
-0.0183287058
-0.0662586838
-0.0281880405
-0.0524662994
0.0172679573
0.0183915887
0.0584255196
0.0738253668
0.0959988013
0.0386187285
-0.0475416519
-0.0601948723
0.0198282525
-0.00877797045
0.0105562229
-0.0324467272
0.0232548378
0.0207878649
0.0715935379
0.0721034631
0.0867163017
0.0532952361
0.0549497567
0.0953722596
0.0427468717
0.00114874495
0.0188974943
0.00131341605
0.00611454761
0.0448438302
0.0389495417
0.0726383254
0.123095095
0.0947023109
0.132428467
0.0942724273
0.155100241
0.0195548423
-0.0651022419
-0.0648667291
-0.0294263009
0.0190232992
-0.00567992544
0.0364278816
-0.0110958302
0.0509386435
0.0257115718
0.0686020553
0.0805780068
-0.0147230579
0.00331767602
0.0319279432
-0.00999815855
-0.0540149994
-0.0444956049
-0.0279967319
-0.0543002747
-0.0891692042
0.0559137613
0.0719459727
0.135342836
0.117489159
0.116633579
0.0637531653
0.0292792711
-0.0706828386
-0.14887771
-0.0580059513
-0.0214937311
0.030771995
0.0280565452
-0.0275372341
0.0243843626
0.0477595665
-0.00206082524
0.0132941613
0.0150373792
0.0138426991
-0.0370095968
-0.0806349292
-0.0983135924
-0.0601251088
-0.0802346542
-0.123475477
-0.126904041
-0.0478342921
-0.0068758158
0.0969690531
0.109126315
0.13066344
0.0706207454
-0.0439560637
-0.0727966651
-0.178040847
-0.0848906562
-0.0526831932
0.00644878997
0.0203520358
-0.0356437787
-0.0219958518
0.0162250809
0.0281945318
-0.0492674857
-0.0613880567
-0.0863431171
-0.116116397
-0.0845315307
-0.129686549
-0.0428800881
-0.0411372781
0.0270456038
-0.0624805354
-0.0645289272
-0.00943346974
-0.0141923716
0.0781673938
0.0835078284
0.129028603
0.0412121341
-0.00853863917
-0.0711928457
-0.182537213
-0.0600637347
0.0161770266
0.00265606912
-0.0104431501
0.0097702574
0.0320510268
-0.0117274104
-0.0203049276
-0.0705725551
-0.100375593
-0.110555619
-0.110962078
-0.0613771752
-0.0681707785
0.0126992026
0.12785095
0.0299426615
0.0456904545
0.00332302763
-0.0964541212
-0.0470292419
0.0443270802
0.0766192451
0.0320643596
-0.0130272368
-0.0666967556
-0.132839307
-0.144743294
-0.0354187712
0.0505490638
0.019994963
0.0169463623
-0.0146493195
-0.0103848213
-0.0237025935
-0.0257499926
0.00430118013
-0.0502375104
-0.0718438178
0.00756994402
-0.00177495985
0.00376975536
-0.0027673319
0.052777186
0.114163339
0.0295692794
0.0528659821
-0.0109584443
0.000302321278
0.0754717737
-0.00678625843
0.0501445755
-0.00583189027
-0.0955509767
-0.107322909
-0.0908199772
0.0204507243
0.0453240611
0.0405731723
0.0248527154
-0.0159465708
-0.0211501084
0.00960920006
-0.0116664283
0.0688558519
0.0521866642
0.0230524931
0.0475742929
0.0111525776
0.0166102778
-0.0233662017
0.0138645601
0.0301985815
0.0359237194
0.0718211606
0.133494779
0.0367511436
0.0975186601
0.0388270319
0.0721529871
0.0138152167
0.00402273471
-0.00494948402
-0.0100249713
0.0250502806
0.0680822209
3.7140333e-05
0.0251532476
-0.00593842659
-0.0271600094
0.0266185366
0.0620245412
0.0808440372
0.0188482497
0.00712573063
0.00262909965
-0.0232251212
0.0554382503
-0.0153385205
-0.0266746804
0.104337372
0.155699581
0.0873294398
0.152301371
0.0575356223
0.126745358
0.103062831
0.0738890171
0.014436583
0.0602966771
0.0641465634
0.000256296422
0.0781873688
0.0304115526
0.0297095664
-0.0267517585
0.00154895335
0.0332848541
0.0342623144
0.0289080348
0.0873430744
0.0740832537
0.0694283843
0.00510167424
0.0248477142
-0.0479185134
-0.0648985878
0.0548767261
0.0482238121
0.134199545
0.0784303695
0.134879455
0.0524864271
0.0615411252
-0.033392068
-0.0546879731
-0.0210623257
0.0613411777
0.0456248149
0.00842599571
0.0201403592
0.0940589458
0.000789313635
0.0218908004
0.0265818946
0.0198052526
0.0116063878
0.0387540348
0.033557415
0.0943039283
0.0346965529
0.00714695547
-0.0763163418
-0.12293414
-0.0704321936
-0.0171493683
-0.0863715485
0.00460275868
0.0425358266
0.0626743436
0.045319546
0.0136006419
-0.0463087559
-0.0117596025
-0.0171767864
0.0355435796
0.0144594628
0.0135779241
0.0704814494
0.0432955958
0.0119618634
-0.0156634711
0.0288647059
0.0102352137
-0.0265479926
0.0328756534
0.104591288
0.0573875085
0.0641113222
0.0498644374
-0.0540753789
-0.042667266
-0.0837861001
-0.095858492
-0.135196075
-0.00691146869
-0.0150769893
0.0285689272
0.0575950034
0.035055466
0.0159857031
-0.0709245652
-0.025878083
0.00628801389
0.027116891
0.055651363
0.0123188328
0.0589654557
0.00875271577
-0.0347286798
-0.0277305152
0.00146805414
-0.00877557043
0.0287052654
0.125049621
0.112708561
0.0459569693
0.00379024982
-0.0420372933
-0.0835409835
-0.0769546852
-0.00299848686
-0.0992175937
-0.072403416
-0.0185272004
-0.0638724118
0.0166188627
-0.0544894375
-0.0457980186
-0.0249693487
-0.00229904428
0.044701308
-0.016514631
0.0212359708
0.0632200092
0.0315609351
0.0360182673
0.00336856139
0.027538145
-0.00926638115
0.0438448638
0.0353451036
0.0619684197
0.0143227624
0.0291854758
-0.0212125126
-0.0472375453
-0.082645461
-0.0344051048
-0.0189660527
-0.00699307676
-0.0371114276
-0.094000712
-0.1024912
-0.00241027446
-0.0393860228
-0.022025561
0.0253369007
-0.0271144714
0.0734362826
0.0447935797
0.0102375261
0.00123451056
0.0158196744
-0.033298593
-0.0333926417
-0.00421257084
-0.00339509244
0.0381650552
-0.0181333572
-0.012374768
-0.0266293753
-0.0138011798
0.0497789755
-0.00850488897
-0.0688174665
-0.0193178747
0.0331181549
-0.0224289913
-0.0711581111
-0.0788747296
-0.0633544102
-0.0618857928
-0.0807217583
-0.0311746057
-0.0144177312
0.0654192939
0.0276121106
0.0669457242
0.0342752337
0.0329223424
0.0263814274
0.00201956322
-0.00383150438
-0.0174994655
0.0293803923
0.0108911023
0.034319073
0.0357069373
-0.00954092108
0.00305533269
0.0323671252
0.0132906893
-0.00530056609
0.00366600649
0.0351061672
-0.0125557156
-0.0565291718
-0.0410266444
-0.0304132979
-0.0516496822
0.01750049
0.0462779365
0.0830166042
0.0824486017
0.0858473852
0.0268211737
0.0142350346
-0.0199424233
0.0193922184
-0.032151673
0.0108343698
0.021841377
0.0165613517
-0.0107893795
-0.0144295115
-0.0020408053
0.0281920433
0.008444665
0.0397254825
0.0269786231
-0.0331655778
-0.0101163015
0.0675189644
-0.016493937
0.0043723057
0.0830721483
0.082454659
0.10082259
0.110454701
0.0332202576
0.0401978344
0.0131850047
0.017306488
-0.0159185305
-0.0207365323
-0.0297647845
0.00265031261
0.0357555076
-0.0184700042
0.00322996825
0.000312637538
-0.0312414672
0.010687138
0.0297199283
-0.00842319895
0.0237947386
0.0412564576
0.0645174161
0.0518019944
0.0749689117
0.063820377
0.0427713953
0.00876823533
0.0524706133
0.0657805949
0.0470859334
0.00810821913
0.00129168306
-0.0183614548
-0.0254961383
-0.0329069272
-0.0594054647
0.0108347861
-0.0128695555
-0.0256707165
4.30150067e-06
0.00112887844
-0.0269754753
-0.0196444746
-0.0218034759
-0.0224420335
0.0283214804
-0.0176869892
0.00288891606
0.0448738895
0.0362456813
0.0246278588
0.0357385613
0.0394741744
-0.00922715012
0.0534310043
0.0404312536
0.0382979438
0.0309719164
0.0157816391
0.0116723068
-0.0301063601
0.00130473881
-0.0272015668
-0.00723304739
0.0195582658
0.0183138419
0.00235647475
-0.000351522118
0.0205254965
-0.0280069485
0.00151523575
-0.0334251598
0.00905602425
-0.00968842302
-0.0341720954
0.0194272492
0.0342269689
-0.0150260748
0.0346193872
-0.0225901846
0.0273623765
-0.0240359735
0.00730645005
-0.0289818719
-0.00160659046
0.00941445865
-0.00271458761
0.0230809636
-0.023238143
0.0361938365
0.000764160999
0.0314145498
-0.032576181
0.00967731327
0.00375010818
0.0280299596
0.0280780308
-0.00699755875
784
-0.0070052743
-0.023342941
0.0323689617
0.0251133591
0.00873725861
-0.010047622
-0.013210129
-0.022637248
-0.0356350243
0.0107620284
0.0202659667
-0.0327797532
-0.00133327593
0.00785579346
0.020292826
0.0291361827
0.0327040516
0.0140293539
0.00565258786
0.00309089944
0.0201813169
-0.0269371569
-0.0185105
-0.0345213562
0.0138734542
0.0282480158
-0.021347044
0.00597212091
0.0163092688
-0.0329384618
-0.0252818409
0.0166887976
-0.0113611724
-0.0186352227
-0.0187081974
-0.0106898192
0.0212510638
-0.0125813494
0.014504916
0.00205579656
0.0165073741
0.0228804722
0.00144288538
0.00778183481
-0.0173221026
-0.00176879007
0.0176853128
0.00435371837
-0.0282251462
-0.0250166543
-0.0110348603
-0.00167752407
-0.00790445693
0.00693995133
-0.00308641419
-0.0162039362
0.0175919458
0.0249890871
-0.0084075816
-0.0205763131
-0.0307557192
0.00368252979
-0.0295695066
-0.0284707006
0.0136773642
0.00993912295
-0.0269463789
0.0118826907
-0.0489057414
-0.0555328242
0.00378228794
-0.0291979015
-0.0263863783
-0.00524889817
-0.00347684091
0.0155452034
-0.0196206048
-0.0335881077
-0.0435212925
-0.00333701377
0.025894627
-0.022766903
-0.0196998063
-0.0231942255
0.0318127833
0.0345620774
0.0277014617
-0.00949730072
0.0195650514
-0.0267386436
0.001092255
-0.000276068371
0.00950453617
-0.0114547079
-0.0205803607
-0.021055961
-0.0166073572
-0.0572436228
0.0168452412
0.0330051146
0.0881411582
0.0619841963
0.0364592336
-0.00863661338
0.00590164121
-0.0429271497
-0.0499268956
0.00595142366
-0.0295235142
0.0300578587
0.0218089093
0.0269965194
0.016178038
-0.0242867172
0.0254178792
0.0345804505
0.0251547582
-0.018132912
0.000209397927
-0.0238681119
-0.0168686565
-0.00923817605
-0.0380432308
-0.0540571474
-0.0329712704
-0.033651717
-0.0177377146
-0.00284121395
0.0541350134
0.119614854
0.105843194
0.0635020509
0.0586562455
0.0350615531
-0.0166674927
0.00183498755
-0.0124720214
0.0224760417
-0.0249176025
0.000261949288
0.0151349157
0.0153847523
0.000136725706
0.0132162236
0.0150404694
-0.0104827369
-0.0210066773
-0.0450962447
-0.047038313
-0.0594767965
-0.0442466065
-0.0630769655
-0.101611897
-0.149036154
-0.137895361
-0.100876823
0.00904338434
0.00107613613
0.0422799326
0.0670075119
0.0624949038
0.0495037101
0.0343410708
0.00789675489
-0.0573409609
-0.0485554002
-0.0107278572
-0.0332424901
-0.0272716247
0.00296091381
-0.0216744523
-0.0214421116
0.0295917168
0.0322273225
0.0191591401
0.0033792716
0.0209269524
0.0102393432
0.0401033387
-0.0151278861
-0.00336383446
-0.0679691657
-0.16775623
-0.139371753
-0.041292347
-0.00975043047
0.0264520608
0.0792573392
0.0994104967
0.0827029124
0.0221036542
-0.0012611351
-0.037109416
-0.0323891118
0.0105102817
0.0318853222
0.0245200433
-0.031673234
-0.00796277076
-0.00714562321
0.0582404137
0.0308994949
0.0733961463
0.0466288365
0.029601004
0.108136922
0.0352812782
0.0314371586
-0.00847947132
-0.0687990189
-0.173713759
-0.211877793
-0.124010414
-0.0172032509
0.0677924454
0.145357355
0.0995870382
0.103478901
0.055269938
0.00310332864
-0.0516849682
-0.0446531288
0.0190033428
-0.0165961161
-0.032672748
0.00738339964
0.03714725
0.0481208526
0.036144983
0.0825928748
0.0557257943
0.0745048597
0.0718732774
0.0819010586
0.0762112886
0.136217698
0.0714196786
-0.0139917359
-0.0830717459
-0.184794962
-0.0594046302
0.0543726087
0.0898220688
0.131634176
0.0568076745
0.0255659986
0.0259932652
0.000729084888
-0.0429621898
-0.010414904
-0.0261254907
0.0316768512
-0.0270678289
0.0196893457
-0.00248287991
0.0574300922
0.0853873491
0.0303662531
0.0726404339
0.0326844193
0.119788796
0.107439369
0.0856352374
0.133339375
0.117548503
-0.0123210866
-0.0835250914
-0.122108683
0.0004610818
0.0743059739
0.0885002911
0.0707380548
0.0100849746
0.0296973288
0.0335207283
-0.00575785339
-0.0263323579
-0.0300516896
-0.0210707448
0.0315796398
0.035778366
0.00582096865
0.0128571009
0.0362802818
-0.00931108464
0.0486408621
0.0325851887
0.0627932921
0.140247047
0.0968506113
0.111109495
0.14078559
0.0667310357
0.0103486599
-0.0998046473
-0.0351876691
-0.00975139532
0.0694068819
0.111952089
0.0571075827
-0.00868687872
-0.0194509365
-0.0170171037
-0.00860663597
-0.0348089449
0.00877013151
0.0077841715
0.0149542931
-0.0229954794
0.0331913643
0.00199137512
0.00945802312
-0.0146292914
-0.039262291
-0.0562632643
-0.00234755874
-0.0368457995
0.0315468982
0.00351455528
0.0103788124
-0.047299061
-0.0814198479
-0.0797107518
-0.0762062594
-0.003583743
0.0853529125
0.0740794092
0.000961579324
-0.0390675776
-0.0152356606
-0.0469090827
-0.0563760735
-0.00810310803
-0.0229007211
0.0068552224
0.0218225475
-0.0203011036
0.0147865852
0.0389910601
-0.00464468589
-0.0341873169
-0.0765025243
-0.13867335
-0.0989621729
-0.160866931
-0.152394503
-0.116915591
-0.0810844824
0.00551674981
-0.0402048118
-0.0386941433
0.0142802596
0.0566421673
0.010227222
0.0374455154
-0.0667438582
-0.037759915
-0.073696509
-0.0226539858
-0.0662395805
-0.0283977687
0.041739203
0.0234078709
-0.0262946952
0.029285863
-0.0108189052
-0.0218724553
-0.0425151139
-0.0800146461
-0.135582969
-0.191931084
-0.150580093
-0.209582508
-0.165611699
-0.0612833276
-0.0207385439
0.00628205389
-0.0354877375
-0.040306475
0.00721620629
0.00878813304
0.00139536161
-0.0293813609
-0.0880054384
-0.0285529252
-0.0889334828
-0.0554104783
-0.0574085265
0.00674570305
0.0432942584
0.029869888
0.0289383661
-0.00807416067
0.0218802951
-0.00917218719
-0.0492506698
-0.0686903968
-0.131216437
-0.148478195
-0.163273901
-0.111227773
-0.0714069307
0.0108115235
0.0282760337
0.0503002405
-0.00868079718
-0.0256254915
0.00510724494
0.0417750143
0.0196037162
-0.0884222016
-0.00163837615
-0.0458710231
-0.00712320581
0.0225751158
-0.00709317764
0.0218148902
0.070895344
0.0335005485
0.0115901316
0.00983910728
0.000113917631
0.00162335043
0.0126089035
-0.0426855236
-0.0390195325
-0.0686479732
-0.0265653599
-0.0624320097
0.0319757946
0.0757039264
0.131644443
0.035412699
0.001047294
0.0244861674
-0.00670920638
-0.0532171428
-0.0295654703
0.0649234056
0.0398496091
0.00353901857
0.0691797212
0.0514664315
0.0725264922
0.0775150657
0.00537391379
0.0388587639
-0.00801626127
0.0313982107
0.025718404
-0.0127166789
0.036725603
-0.030398611
-0.0335121304
-0.00289936666
-0.00132084673
0.0460207686
0.0827501267
0.0777452439
0.0690881759
0.100927815
0.0595712923
-0.00418938184
0.0297327787
-0.0314437635
0.10323488
0.0641227886
0.0955755636
0.0615728535
0.0700913295
0.0406421535
0.075612247
0.0951696411
-0.000236570108
0.00392452953
0.0043851682
-0.0116885286
-0.0204259753
0.00402555848
0.00416605407
9.91648085e-06
0.00590749364
0.00242343661
0.0217986144
0.0121831857
0.0345494486
0.0410465673
0.100004353
0.0208741706
-0.00487072393
-0.0213306043
-0.00117751246
0.0382172763
0.0111830635
0.108567588
0.11344263
0.0426668487
0.0505083017
0.0486845858
0.0433880799
0.0752295479
0.0551134273
-0.0235996544
0.0314331837
-0.0330455042
-0.00121576642
-0.00377951516
0.0404678509
0.0615651794
0.039171312
0.00152495224
0.0588854514
0.0581405461
0.0607057773
0.051750727
0.0400538743
-0.0315107442
-0.0724285617
-0.018011583
-0.000833988423
-0.00507546961
0.00312914653
0.0616940819
0.0365161523
-0.0132435774
0.0235503577
0.0555612892
0.0245349798
0.048524376
0.0400891416
-0.0163833164
-0.00887536537
0.00574282883
0.0153427422
-0.0216340646
0.0195992794
0.0719591454
0.0294805598
0.0331831425
0.0858247206
0.0626631379
0.0397733636
0.0349491574
0.0206534471
-0.0618796349
-0.0530949049
-0.0194302052
-0.0487777218
-0.0039631594
-0.0237921514
-0.0593737997
0.0059057828
-0.0464002043
-0.0463666543
-0.0178143606
0.0322448835
0.0278938375
-0.01135311
-0.00624962617
0.0109137613
0.0132743157
0.0278643575
-0.0203142725
0.00837526564
0.0390942544
0.0184747446
0.0397703461
0.0798301995
0.101602726
0.0373091362
-0.031675566
0.00117186795
-0.0511465967
-0.0482541844
0.00561907468
0.00178838649
-0.0513248816
-0.0490761399
-0.102701016
-0.0781297162
-0.0638876259
-0.0293631405
0.00166257448
0.031492427
0.0434505083
0.0230001491
-0.0333500169
0.00680981344
-0.00983817037
0.00652722083
-0.0266263466
0.038853392
0.0288470387
0.00812068023
0.0419361852
0.063785933
0.0252345782
-0.0378173217
-0.0203265417
-3.36501253e-05
0.0205606893
0.00533655053
-0.00616794545
-0.0128942011
-0.047076676
-0.0411565453
-0.102388144
-0.0515861884
-0.0219760183
-0.0303747058
-0.0254995953
0.00738179265
-0.0233452767
-0.0192360654
-0.0269076917
-0.0319925211
0.0102474168
0.0134896748
-0.00381626259
-0.0264087953
-0.0262003504
0.0377651826
0.0193247534
0.0322792679
0.024499679
0.0129733076
-0.00899291877
0.00792348292
0.00993916392
-0.0291633178
-0.0275486857
-0.0205427296
-0.0485664159
-0.0300305728
-0.00596054271
0.0218255296
-0.0205488633
-0.00688024703
0.0183744226
0.0321753882
-0.011098193
-0.0163865015
0.0292239692
-0.0243625976
0.0272915997
-0.0243367348
-0.0280755237
-0.0177651774
0.0122058019
0.00544329127
0.00405987352
0.0573395267
-0.0539429374
-0.0198174845
-0.0134068253
0.000896393729
-0.0385939702
0.0311433636
-0.0603154302
-0.0138914743
0.0208556857
-0.0256242193
0.00923000183
0.014072693
-0.0412321799
-0.0401485451
-0.0235658344
-0.0110065239
0.0189423598
-0.00786109827
0.00212407368
-0.0128990207
-0.00811280124
0.00529265031
0.0242723003
-0.00145118602
0.00538330059
-0.00296533201
0.0260237269
-0.00886013731
-0.0162400808
0.0223223027
0.0195168965
0.00259359833
0.0296595395
-0.0010305281
0.0206202567
0.0169063136
0.0168601703
-0.0139878495
0.000684529427
0.0245674495
-0.0222864281
-0.0466976054
-0.0217292756
-0.0362342186
0.00460736547
-0.0278030727
0.0191793572
0.0300123505
-0.0110643283
-0.0295597911
-0.0258303676
-0.00531458249
0.0105863865
0.0100275427
-0.0229567513
-0.0228962749
0.0293997061
0.00406555785
-0.000578663487
0.0288783964
0.056247551
0.0341202319
0.0284568053
0.0113323526
0.0324707329
-0.0134382993
-0.0260908529
-0.0328291617
-0.00452770852
-0.0647775605
-0.0103978515
-0.0015935665
-0.0345915258
-0.0330194905
0.0270519592
-0.00726064295
-0.0296123512
0.0195163228
0.0108482726
-0.0302860849
0.0293675717
-0.0410583466
-0.0419825464
0.0208836142
-0.0325830504
0.003223181
-0.0219211336
-0.0188197084
-0.0179999042
-0.0222677123
-0.0391452163
-0.0374348313
-0.00364885526
0.00694580469
-0.00793792307
-0.0111691616
-0.000223506009
-0.00695617916
0.0291742273
0.020700397
0.0175285283
-0.0225825664
-0.00153535604
-0.0190150514
-0.0145210251
0.0165852383
0.0338479765
0.0257474482
0.0231075063
-0.00197111233
-0.00485468144
-0.0299760476
-0.0150880767
0.0234098099
-0.0303270649
0.0210585725
0.0262279361
0.0107412841
0.000774781161
0.0180916023
-0.0128767248
-0.00744303456
0.0195108429
-0.0161065701
0.0235752892
0.0353055373
-0.0118537014
0.00849295966
-0.00598039478
-0.0124898162
0.0122641586
-0.019154191
-0.00551375002
784
0.0348836221
0.00326219201
-0.0294819847
-0.00370967388
0.00864411891
-0.00401868299
0.0294467844
-0.016447505
-0.00461111777
0.000948991627
0.0211562812
0.00218888
0.0025424948
0.0246367529
-0.00933974143
0.0216395836
-0.0180440973
0.0185781047
0.0279238932
0.0311628617
-0.0315245427
0.0242037214
0.00624071062
0.0304332785
-0.00788050704
-0.0190967098
-0.0298091639
-0.00258100405
-0.0217942446
-0.0101509169
-0.0350115709
-0.0108984578
-0.0275202785
-0.00427654572
0.0227830783
-0.0191252865
0.0229300205
0.0287696756
-0.00580025092
0.0135258157
-0.0268893912
0.00369030959
0.0353441201
0.0321809612
0.0137234023
-0.034776926
0.0289895516
0.0263089146
-0.014556041
0.00997893047
0.00261217169
-0.025027927
-0.0092698168
-0.0121087804
-0.0122570805
-0.00473095849
-0.0132409278
0.0311642103
-0.00890065916
-0.00456399191
-0.00386649673
-0.00614294782
0.00278894044
0.0290509239
-0.0372917093
-0.0139500229
0.000525331649
-0.0283276644
-0.0440248512
-0.0451531224
0.0157502908
0.012634418
0.00154162338
-0.022756258
0.0112598008
0.000114075388
-0.036266461
0.0255755913
0.00673554558
0.00857826695
-0.0325259306
0.00555140339
0.0214935988
0.0286038034
0.0298888423
-0.0154096987
0.00926894415
-0.0188221019
-0.0316858627
0.0258969832
-0.00696737925
-0.0133046955
-0.0468735099
-0.0156145729
-0.0364682898
-0.0416066088
-0.00792675279
-0.035877686
-0.0356942266
-0.0335926563
-0.0430956632
0.0114219505
7.84999975e-06
-0.00296859583
0.000879162923
-0.0113699501
-0.0142666502
0.00542357191
-0.00456692977
-0.00591756077
0.01494898
-0.0142105892
0.0197955519
-0.0104595181
-0.00947813224
0.0286960285
-0.0243009776
0.0304108448
-0.0148562249
0.0144096566
-0.0242228471
0.0212704316
0.00912258308
0.0263302997
0.0145324506
0.00881698076
0.0593556315
0.0472364612
0.131107792
0.0820690617
0.0968078449
0.143493637
0.0615359358
0.0384384952
0.0688876659
0.0159468129
0.0371441543
0.0486206859
0.00317849405
0.00272004004
0.002124466
-0.0083791744
0.0286413971
0.0358375944
0.0147937546
0.00291265966
0.00904562138
0.0241194833
-0.0479582995
0.0161356218
-0.0159462821
-0.013048104
0.015089036
-0.0779951066
0.0152475666
-0.0435541682
0.108400933
0.0996103063
0.0619086027
0.13128075
0.150137082
0.114452817
0.0962465927
0.052809339
0.0783181116
0.0278915856
-0.0109542599
0.0210953839
-0.00359055772
0.0106655583
-0.00456812279
-0.0413122624
0.000628897396
-0.0150373923
0.0129421251
-0.00947632361
0.0128420889
0.0791733786
0.0363070667
0.0182866119
0.00751312869
-0.0240073819
0.0109647559
0.0361997336
-0.055456683
-0.0172375347
-0.00390550797
0.0635408163
0.0527222529
-0.004165438
0.0573430769
0.175076485
0.117638104
0.0687849373
0.0232700426
-0.000931079907
0.00374468346
-0.00112466048
-0.0324636959
-0.0800505951
-0.00417450583
0.0380259268
-0.0110495947
0.0880223885
0.179751188
0.0672401935
0.0708848014
0.0124835363
0.0374510661
-0.0180528127
0.00364461844
-0.0144597301
-0.0440231413
-0.0619621463
-0.0212752838
0.00828653295
-0.024598822
-0.00368970912
0.10775286
0.130044833
0.163133129
0.0863157809
0.0303774197
0.0293565728
-0.0345068611
-0.0346156582
-0.044997897
-0.00648864452
0.0245398879
0.0618882291
0.0245772842
0.102610074
0.0446477681
0.0421670787
0.00901934132
0.00628909981
0.0127255432
0.0235242825
-0.0616573915
-0.0302542783
-0.0440742746
-0.0311771985
-0.0211150311
0.0430581458
0.0241199099
0.0250474662
0.0943796113
0.113531955
0.169437706
0.109493218
0.0490819551
0.00786532834
-0.0348212458
0.00820873212
-0.000236017338
-0.0168535989
-0.0057292725
-0.00081971247
0.0206634104
0.0915597156
0.0630676895
0.0831281245
-0.0139228189
-0.0116371745
-0.0668599233
-0.11058858
-0.0935079604
-0.137923926
-0.061443273
-0.0921130255
-0.0345775038
0.00207708799
-0.000555310398
0.0624271147
0.124277741
0.100028776
0.16352728
0.14320524
0.0261821095
0.0204976406
0.0344627462
-0.0106352791
-0.0108122015
-0.06080015
-0.0294747464
-0.0425202288
0.0248748157
0.0284959376
0.0489258207
-0.0111108925
0.0352926329
-0.034382306
0.000776652654
-0.0598461367
-0.0904224068
-0.1170936
-0.149184614
-0.0810117349
-0.0234259404
-0.0174058061
-0.017299274
-0.0548407324
-0.00352900475
0.066483289
0.0835655704
0.0715029314
-0.00452242838
-0.0169129279
0.0295814443
-0.0195925944
-0.061202921
-0.0342929587
-0.0240894668
-0.0355418585
0.000572465244
-0.016005585
-0.0348576494
-0.0227999408
-0.0647909194
-0.0320026577
0.077008836
0.051124502
0.00607218361
-0.0668512657
-0.0765747726
-0.128428459
-0.107556991
-0.0254607555
-0.129421949
-0.166240439
-0.145883024
-0.00314798369
0.108667985
0.0840350613
0.0583230294
0.0274242628
-0.0114478534
0.0271442737
-0.0069292658
-0.0725316927
-0.0487379022
-0.0405413285
0.0340118743
0.0159131866
-0.0844891518
0.00109661557
0.0931480899
0.087533772
0.264718682
0.201711848
0.0608955361
0.025615694
-0.0664942488
-0.0764082819
-0.0520950817
0.0602428205
-0.0276624449
-0.083865948
-0.181951478
-0.103584416
0.00816044491
0.0148357404
-0.0201971419
0.0149488142
0.0129345339
-0.0105966451
-0.0357821435
-0.0403423756
-0.0591795966
-0.0443045646
0.0761888623
0.0528026
0.0166217964
0.0514170006
0.0385036729
0.152458712
0.239595026
0.138258502
0.130264729
0.103070915
0.0135654034
-0.00100266119
0.046711836
0.0648393929
-0.000489472528
-0.158610374
-0.186064497
-0.0967621952
-0.0939826518
-0.0439394601
0.0130566806
-0.0148960063
-0.0261658225
-0.0256858747
0.0114200199
-0.0352290645
-0.0467085466
-0.0541061014
0.0178086087
-0.0147848343
0.0661761239
0.0266332235
0.0675195456
0.102967188
0.0799355283
0.1088963
0.222165018
0.15076749
0.124739997
0.0824035406
-0.0544783659
-0.0298688263
-0.111772515
-0.114131682
-0.168148771
-0.186945364
-0.0729458407
-0.0171279237
-0.0278192014
0.00621875282
0.00625731843
0.0340296999
-0.000839611166
-0.00464487122
-0.0474598147
-0.0902264267
0.0597987399
0.0418359563
0.0543641448
0.0783098638
0.0068915654
0.100875549
0.0952601358
0.17926909
0.255491883
0.0396338925
0.101044029
-0.110763051
-0.0525076613
-0.112457335
-0.14560841
-0.0971635208
-0.0987463742
-0.0842793211
-0.0165437385
-0.0345280692
-0.0354795791
-0.0109847281
-0.0125054168
-0.0148884747
-0.00120800326
-0.0217305105
-0.0597241521
-0.0654863343
-0.0590063445
-0.0510268547
-0.0747546479
0.00970824715
-0.0302549209
0.0107224444
0.136196405
0.152474061
0.129876181
0.0708817765
-0.0520182103
-0.109702483
-0.0958046615
-0.108863503
-0.156438693
-0.0657055303
-0.0310739353
-0.0107140318
0.0102737844
0.0200023539
0.0066459463
-0.0319644734
0.0160311982
0.00790383201
0.0376750454
0.0128238844
-0.0123507036
-0.0455711819
-0.0454231165
-0.0318157561
-0.0744150281
-0.115276068
-0.144512162
-0.0415982269
0.018504601
0.110810131
0.0814874098
-0.0844667107
-0.0318072326
-0.121546835
-0.109648466
-0.0525622591
-0.0322904848
0.0283738971
0.00436978694
0.0501560494
0.00618428551
-0.0246371049
0.00203779992
0.00968590658
0.0215861574
0.00334163848
0.0177892316
0.0404596068
-0.0214188546
-0.00582789863
0.0667338148
-0.0612284355
-0.109500766
-0.067896463
-0.108479418
-0.0850384459
-0.00973149855
0.00705556152
-0.0594017766
-0.08299198
-0.0687205121
-0.110396698
-0.0518859029
-0.0303912554
0.0297277775
0.00992134213
0.0456283651
0.142666981
0.0460045449
-0.0404862799
0.0142208142
-0.0127012534
-0.00333460933
0.0173119679
0.0240343269
0.0160595849
-0.0250380691
-0.00914694648
0.00662986608
-0.106440492
-0.0789871439
-0.0424028672
-0.0506778061
-0.205737323
-0.170992196
-0.0391348042
-0.121494681
0.0110749668
-0.0120759718
-0.0193653684
0.0150441015
-0.0118168816
0.0557056814
0.0707700476
0.106956311
0.130519286
0.0167155508
0.0357002765
-0.00507835066
-0.0181035697
-0.0311564859
-0.00393644534
-0.0285211746
0.0184770897
0.0302801263
-0.0345878489
0.0255811196
0.00824681856
-0.0158307478
-0.0157378446
-0.0998852253
-0.0885461345
-0.164552167
-0.0758348331
-0.0865254253
0.0806786269
0.103491887
0.0819927007
0.144522011
0.0806548148
0.0762347132
0.0816046968
0.114191584
0.0906839892
0.0251142476
-0.00432087667
0.0159874912
0.0247333199
-0.0326410346
-0.0217046756
-0.0104534961
0.0401592813
0.0655443743
-0.0657244399
0.0368601643
0.0432773493
-0.040520303
-0.060185235
-0.0832886994
-0.0448469743
-0.0506853536
0.00590668432
0.0540162697
0.0724645406
0.00983508304
0.129443422
0.0791909918
0.0934371874
0.165127411
0.114518434
0.108721413
0.0934212804
-0.019080516
-0.0136568984
0.00990339555
0.0250584334
-0.0269477516
0.0240540672
0.0188198294
0.0143346665
0.0567578189
0.0243589506
-0.017247051
0.00906876195
-0.0879231691
-0.0225960612
-0.032578703
0.0701521039
-0.00537823793
0.0378994569
0.0509550273
0.089070648
0.0383829586
0.11272192
0.142167628
0.160529256
0.154553369
0.101248257
0.102955021
0.061078988
0.0503230207
0.00582493935
0.0317806751
0.00156491983
-0.0107177123
0.0102911517
0.0471442454
0.0435775109
0.0502216183
0.00132562488
-0.0212118123
-0.0169130992
0.0570326746
0.0811885521
0.100712717
0.0917735323
0.138492659
0.124850072
0.0933020413
0.139943197
0.184855297
0.0800484568
0.0933932811
0.147608459
0.118267104
0.0507376678
0.0614774004
0.0199029744
0.0384483561
0.0181177817
0.0247109234
0.00171357393
0.0143281259
0.027073469
0.0325789936
0.00271261111
-0.00915718544
-0.0284401402
-0.00824619643
-0.0189464167
0.061242085
0.144542634
0.122040972
0.13924633
0.168077677
0.173709393
0.200940266
0.132144734
0.158309162
0.0639532283
0.108865932
0.109995969
0.0521236621
0.021837797
0.0205063708
0.00508324802
0.0398990251
0.0268841255
0.0171103403
-0.0123509523
-0.0109922159
-0.0318891816
-0.0321012065
-0.00754289376
-0.0356725901
-0.0406900458
-0.00524089951
0.0179395936
0.0376403071
0.0673767999
0.0748143122
0.0516489148
0.0664247274
0.0769250244
0.000729840016
0.0950376615
0.0277066976
0.0149478344
-0.0158834327
-0.0247243606
-0.049432531
-0.0420559086
-0.0177786462
0.0181161147
0.0446336679
-0.00839083735
-0.011497491
-0.0238342211
-0.01031751
0.0222068764
0.0166605711
0.0140677318
0.0181529112
-0.0311538018
-0.0467014275
-0.0343085229
-0.0480913408
-0.0394892432
-0.0833673626
-0.0739562735
-0.0271317586
-0.0946183056
-0.145039573
-0.0986955836
-0.0353186093
-0.089490436
-0.0552176945
-0.11733675
-0.0486547872
-0.0215356946
0.014270138
0.0252562109
-0.0198986754
0.0133413011
-0.02246961
-0.00386923179
-0.0301756561
-0.0193811394
-0.024498241
-0.0276398789
0.0278954916
0.00452636182
-0.00291844201
-0.0217946731
-0.0104715973
-0.0217110608
-0.0429197103
-0.0382428654
0.0159583855
-0.00114728056
0.00701102149
-0.029581286
-0.0043772771
-0.0316398777
0.00766335195
-0.0148473391
0.0104833627
0.0193023328
-0.021246016
-0.0351951197
-0.0243619084
-0.0219788421
0.0301853158
-0.0326253697
0.160346299
784
0.0214523561
-0.0217026882
0.0286508016
0.0340156518
-0.0132042542
0.00469848886
-0.0324845351
0.0324393772
-0.00572638027
-0.0289677456
-0.00375015661
-0.0289009232
-0.0234978199
0.00445983652
-0.0342070758
0.0196744613
0.0291730203
0.0252072141
0.014746394
-0.0145095438
-0.00475643389
-0.0128082335
0.0177273303
0.0146658868
-0.0105051231
0.0118349381
-0.0187880043
0.0157363117
-0.0198249444
0.0164659359
0.0287098102
0.0257457756
-0.00507243164
0.0236551501
0.00721694669
0.00408985745
0.0226023253
0.0150604788
0.000714697875
0.0348329134
-0.010135687
-0.0251679029
0.0192110147
-0.0308587216
0.0303888787
-0.00248998567
-0.0160506014
-0.0274090599
-0.0172242485
0.00521888863
0.0321840681
0.0190775245
-0.00467072241
-0.000829067081
-0.00556096807
-0.0346254185
-0.0208085179
-0.0144543853
-0.00624671951
0.00850320514
-0.0155720199
-0.0211018361
0.00372995809
-0.0134936608
-0.0107521042
0.0218158532
-0.0202448964
-0.00789896026
0.033188697
-0.0247921459
0.0195115637
0.0056720539
0.00547880586
-0.0015885561
0.0296874624
-0.0131507935
-0.0153433308
-0.0241588596
0.024264399
0.0148153538
0.0208894182
0.0344338156
-0.00836075284
-0.0191715807
-0.00246492401
0.000581592321
-0.0108719543
0.00322695123
-0.00955368951
0.00170802569
0.000449443993
0.0248338953
0.0031458959
0.00927162264
-0.0121606244
-0.0512953475
0.0133932782
0.00130920776
0.00585103175
0.00878537912
0.00014729274
-0.0234144703
0.0367124602
0.0484858528
0.030991463
0.00196812768
-0.0284085497
-0.0153955612
-0.00877979398
0.0314272642
-0.0261068083
0.0203275345
0.00200937316
-0.0141356885
-0.00756326318
0.0258028358
0.026346663
0.00369768078
0.0109310532
-0.0499685332
-0.0581023991
-0.0312595293
-0.0103416862
-0.0712905005
-0.0436480269
-0.0291802175
-0.0354542919
0.0342469066
0.00154706941
0.00863033906
0.0488319844
0.0377977304
0.0200549345
0.00908952113
0.0561583638
-0.00151700911
0.0212733261
-0.000188559658
-0.00268379669
-0.00978215691
0.0151569769
0.0290323533
0.0180877782
0.020258842
0.0166040491
0.00715110218
-0.0318850242
-0.0197424237
-0.0586579256
-0.0569687672
-0.0374170505
-0.0641451627
-0.0821280852
0.0135972984
-0.00796453562
-0.0233675633
0.0174512547
0.0179131776
-0.00189867895
0.0107109295
-0.00250143441
-0.0209373049
0.00042130705
-0.0117232464
0.0295411833
0.0179891847
-0.0149160633
-0.0032582609
0.0238279924
-0.0229471289
-0.0197292399
0.0223580617
0.0153096877
-0.00699420646
0.0227857567
-0.0149537576
0.0236056
-0.0197312478
-0.0410427339
-0.0177666713
-0.0188365541
0.0054408228
-0.0593033135
-0.0243208576
-0.0701167658
-0.0540412627
-0.0498964712
-0.0643193871
-0.00806562137
-0.0208424143
0.000700931356
-0.0456379987
0.0144594051
-0.018363636
0.0163114965
0.0285915099
0.00520494487
0.0231316686
0.0336205699
0.0291139334
0.0194409005
0.0288012493
0.0306518395
0.0487112738
0.0291691236
0.0801883265
0.0156105561
0.00674454449
0.0351280235
0.00871170219
-0.0150618497
-0.0677724406
0.00509398943
0.0370156541
0.0173376985
-0.0165768135
0.000230743826
0.016375063
-0.0424126126
0.010646197
0.0192294437
-0.0103994897
-0.0295942333
-0.034759108
0.0350615047
0.0153994849
0.0324509107
-0.00899790879
0.0323411562
0.0340257622
0.025921097
0.106720373
0.073129639
0.0769804195
0.0174485818
0.0179142654
0.0754032433
0.0595618039
0.0730891228
0.0329462141
0.0532175265
-0.000403629849
0.00150856725
0.0104759829
0.0186547637
0.0211758483
0.0242328625
0.0541343726
0.0501244292
0.00325626903
0.00498257345
0.0116755748
0.0302346591
0.00929296575
0.0295776334
0.0172653571
0.0188938938
0.0876229107
0.0696460456
0.0787070245
0.079293929
0.0768760666
0.0769752041
0.0828141049
0.153601691
0.213313088
0.135817111
0.106036685
0.00467408029
0.0102763465
0.090988107
-0.00248481054
-0.0292220432
0.0369264521
0.0781267211
0.0484214835
0.0869660676
0.010567043
0.0135083804
-0.00458044466
0.00569292344
-0.0179137606
-0.0104720052
0.0454119369
0.091714263
0.0843624994
0.0625620261
0.0522646084
0.0867158249
0.0971468166
0.100011989
0.157634288
0.176080316
0.270765156
0.11780633
0.0184868816
-0.00735174865
0.00331094582
0.0628316551
0.063553758
0.0466055796
0.0331913941
0.0258837845
0.0346004814
0.0150647415
0.0199851058
0.0248610005
-0.00199559983
0.017587034
0.0426464491
0.0188712198
0.00143450545
0.0327874273
0.0223666634
0.0157159418
0.0473151878
0.0554531179
0.0371569321
0.0943166837
0.108792588
0.120747998
0.108580075
-0.0423755012
-0.0814060718
-0.0382976271
0.00255366787
0.0444365889
0.0303448047
-0.00940981694
-0.00816180464
-0.00747232977
0.0301222038
0.0242773015
0.024251502
0.0436322801
0.0324205123
0.00738036493
0.0214572567
-0.00116114097
-0.0141925188
-0.025185613
-0.0169795621
-0.0244504139
0.040706154
0.0244657695
0.0417325124
0.0537324585
0.0136822909
-0.0749405399
-0.140619874
-0.192565247
-0.087769568
-0.0625277907
-0.0480328985
-0.0204933044
-0.0878023431
-0.053941112
-0.101239197
-0.0631815195
-0.0390856825
-0.0353143699
0.0258786567
0.0316930413
-0.00971151423
0.00977393333
-0.0064452053
0.0339043252
0.00394313969
-0.0431086384
0.00418330915
-0.0447789021
0.00877465028
-0.018800877
-0.0634652227
-0.0145124728
-0.119375229
-0.191892564
-0.238197818
-0.15113765
-0.12972033
-0.0584581494
-0.084970355
-0.0843432471
-0.12063159
-0.0534628965
-0.0407908447
-0.0442420058
-0.0144024678
-0.0163770486
-0.0118661858
0.0291232839
0.0015423242
-0.00630983477
0.0331545025
-0.00477240281
0.024664823
-0.0360132605
-0.0545810834
-0.00790544786
-0.00430664932
-0.0485495813
-0.0133281276
-0.0395899527
-0.105270691
-0.10589315
-0.130671844
-0.0199037008
-0.027211722
-0.0923669562
-0.0734631792
-0.103275172
-0.0483631268
-0.0242189113
-0.0533840358
0.00797687843
0.0275234152
0.0401424356
0.0026514614
0.03053011
-0.00833469536
0.0151515985
-0.0321564786
-0.0107424632
0.00693644723
-0.0627575591
-0.00726102665
-0.0174581669
-0.0225902088
-0.0526897684
-0.0372535735
-0.0576083474
-0.0918773487
-0.0203326195
-0.0844159722
-0.0696037635
0.0360929146
-0.0770944804
-0.0497117601
-0.0357803628
-0.0729403868
-0.0309564713
0.0608995073
0.000317635597
0.0597098395
0.0103095612
-0.0521270745
-0.0203146245
0.0236662682
0.00808256771
-0.0112117166
0.0176018514
-0.0258577727
-0.00347084412
-0.0541137867
-0.0617025979
0.00716282148
-0.00457726372
-0.0197373684
-0.0277241878
-0.0826321691
-0.0807295218
-0.0751932487
-0.0351522528
0.0306268688
-0.0543763451
0.00603455352
-0.039969258
0.000916165358
0.0185609665
0.0156041179
0.0118076084
0.0190753918
-0.0161319003
-0.0311122891
-0.0292550996
0.001052559
0.00994877517
-0.00522906473
0.022532722
-0.00570712378
-0.0228123814
-0.00731599191
-0.0674766749
-0.0202370696
0.0035353913
-0.0236489065
-0.0678559691
-0.0825803578
-0.0935219005
-0.0887360647
0.0157179609
0.000287070317
-0.0449386127
0.0308752954
0.0812770128
0.0322667807
0.0848439559
0.0507421643
0.00971192215
-0.0110619264
-0.0145041663
-0.00672952319
-0.00583640346
0.00126223371
-0.00470999256
-0.00562971598
0.00113709923
-0.00414869655
-0.0432840958
-0.0204746164
-0.0123515464
0.0602519698
0.00177312281
-0.0147193344
-0.0811856166
-0.0944731906
-0.164005935
-0.0937304646
-0.00859644171
0.0247849394
-0.0032809996
0.0827571824
0.028791599
0.0101665407
0.0311072115
0.0423650853
0.0295352824
0.0130006708
0.018346956
-0.0397857875
0.0333887897
0.00230170111
-0.0229699761
0.0162824839
0.00233921106
-0.0163056776
0.0209087171
0.00215989002
0.0383706465
0.0381957665
0.031207554
0.0129354224
-0.0782572627
-0.0525855571
-0.0875469521
-0.0600303784
0.0194802135
0.0654502288
0.0330901965
0.0369583927
0.0329173952
-0.00212884881
0.0446499251
-0.00470945938
-0.00334481476
-0.0130677754
0.0228048526
0.00998268463
0.0119227618
0.0307285823
-0.0204334166
0.0042954362
0.0192277655
-0.0371471718
0.0229336768
0.01298068
-0.0145111308
0.0129359122
0.0856585503
0.0226874482
-0.0227626581
-0.0425506793
0.0086897593
-0.00454802765
0.0661195666
0.0680092648
0.00633990485
0.00372058596
-0.0296291839
0.0255987663
0.0180240031
0.0173065644
0.00678077387
0.00147663639
-0.00543260435
-0.0109765632
-0.0173781663
0.0323021263
0.0174687505
0.0310413968
0.00668319641
0.00916136801
-0.0120048812
-0.00778873498
0.0226500165
0.0241429321
0.049027577
0.0358191691
0.029393455
0.0565572008
0.0666451827
0.0614902936
0.0360843949
0.102534994
0.0979522318
0.042722296
0.0142540298
0.00511562126
-0.038840346
0.0155639835
0.00192993041
-0.0311106294
-0.0246585254
0.00833923463
-0.0242034663
-0.000334803161
-0.0116236769
0.00314281299
-0.038468238
-0.0147229778
-0.0145049496
0.0237274766
0.0250208713
0.0406650901
0.094245851
0.0737197399
0.0675763413
0.0162047017
0.05148305
0.0354065299
0.0642722398
0.101255521
0.0491468161
0.0731457919
0.0293147769
-0.0307386257
-0.0659971759
-0.0564436167
0.0015043735
0.01880496
0.0187263433
-0.0288849622
-0.0100952657
-0.0306387935
0.00324073806
-0.0329290293
-0.0125221172
-0.0402238369
0.00870869774
0.055791799
0.0390397012
-0.0238298159
-0.0223634392
0.0885541588
0.104669958
0.0701010153
0.0756057128
-0.0124275619
0.0694495365
0.0599101707
-0.011875785
-8.11898717e-05
-0.0412047133
-0.0241000075
-0.0498664677
-0.0201661345
-0.0362238139
-0.0123526584
0.0276807528
-0.0118951239
0.00284845475
0.0283903889
0.0144141167
-0.0276650228
0.0321661979
-0.0332891233
-0.00127620413
0.00471836096
-0.0198676363
-0.0077102012
-0.021988675
-0.0259046312
0.0129963923
0.0111665642
0.0551210344
-0.0124501474
0.0279348101
0.0118538719
-0.0292479806
0.0368150622
-0.0250894185
-1.80566258e-05
-0.0541643463
0.00476984866
0.00489743007
0.00617558975
-0.0244598649
-0.0220584236
0.0160377547
0.0290353708
-0.00258567929
-0.0289424211
-0.00698953727
-0.0267773569
0.00346123287
-0.0102637764
-0.00961769279
-0.0214950982
-0.0223451704
0.036144644
-0.0370948948
0.0136793423
0.0547319874
0.00433804281
-0.0434762798
0.0129426299
0.00186802342
0.0567753874
0.0635323748
-0.00988833886
-0.00104074087
0.00638749264
0.0363664441
0.0412876643
0.0439218283
-0.0248599593
-0.0199394077
0.0173825696
0.00603041425
-0.00392656773
0.0061674118
0.0128278909
0.0246361103
-0.0465986244
0.00219985284
0.0197223388
-0.00740988599
-0.00285911979
-0.00815138407
-0.00170459738
-0.0244114511
-0.00207043812
0.0461524762
0.0607050769
0.0461302958
-0.015727846
0.0363479927
0.0116615994
-0.0176355224
0.0362048894
0.0375411138
-0.0260131024
0.0124087092
-0.00127800298
0.0123503655
0.00110136345
0.0105973482
-0.0332080349
0.0154733062
-0.0115605984
-0.0131970998
-0.034669891
-0.028652437
-0.00890006591
-0.0311185364
0.00975336879
-0.00741864461
-0.0221981462
0.0306520592
0.0374312811
-0.0118231634
-0.0220724624
-0.0228836592
0.00528887194
0.0183637757
-0.0291664582
0.0166822299
-0.0265269
-0.0094504077
0.0209863726
0.0112964064
0.00151104107
-0.0324657783
-0.00944111869
0.0313591063
32
32
0.249050364
0.237619981
0.241801739
0.102288499
-0.0834060684
-0.0370175987
-0.0311783049
-0.263195068
0.190069094
-0.49937427
-0.156903476
0.139610752
0.363644868
-0.0293992721
0.324191868
0.343837827
-0.0510979593
0.10580536
0.0457510054
-0.212834299
0.0322049782
0.199641958
0.281352788
-0.0396251604
0.0536938012
0.171741098
0.19721283
-0.0313795842
-0.0890934914
0.112738267
-0.204163551
0.410563082
0.0528834425
32
-0.148930728
0.247908235
0.0491289049
0.24388738
-0.0109925158
-0.0541771948
-0.0431955941
-0.0496265888
-0.13062197
-0.177295744
0.0251602046
-0.00635550683
-0.17176868
0.0730656832
0.210742623
-0.0720180869
0.0617467947
-0.014311973
0.134952784
-0.137776583
-0.136442214
-0.140090093
0.123091005
0.162147686
0.137887985
0.0446130112
-0.045443587
0.114844717
-0.180105776
0.00912677869
-0.00372429262
-0.0446410254
0.0452645533
32
0.0986308679
0.0418435894
-0.0432018302
-0.200871989
0.0205122884
-0.0703141764
-0.0367968008
-0.115527943
0.268941969
-0.0143455723
0.0687846616
-0.0395538583
-0.107144974
-0.185780421
-0.0853321776
-0.233302295
-0.12713705
0.20534347
-0.057193242
0.191140682
0.161527246
-3.13667879e-05
0.15227057
0.0382866897
-0.0344259813
0.299381822
-0.11988996
-0.0894245803
-0.0198751166
0.132312968
-0.0312809274
-0.0132531328
0.0119983861
32
0.128307417
-0.179266095
0.0955197886
-0.181549996
0.0510144159
-0.107334234
-0.161042348
-0.0820467398
-0.0839704201
-0.0534629524
0.0766025111
-0.133399308
0.100788325
0.0839781463
-0.0511990599
0.0823898017
-0.0322372913
0.0169038512
0.0635780022
0.113970064
-0.04519495
-0.154301405
-0.125003263
0.0734147877
0.048849944
-0.0587255843
-0.0185911562
-0.0482540689
0.105165504
-0.167032197
-0.0693252385
0.0482826829
-0.0218777694
32
-0.092040956
-0.205856785
-0.260166764
0.32146731
0.829897404
0.156871378
0.523441195
0.775779247
-0.286803901
0.251341611
0.00821715966
0.615305007
-0.522497952
0.128185645
-0.131383225
0.519129515
0.589547694
-0.0307713505
0.185643569
-0.101947904
0.291843116
-0.498785019
0.472283125
0.439966232
0.22787936
-0.235403672
-0.28589344
-0.463095456
-0.10585659
-0.413631231
0.536832094
0.0116191925
0.000396681018
32
-0.0160325114
0.00481013395
0.0605841279
0.395929605
-0.179342777
0.425377131
0.522556603
0.368362218
0.114202254
-0.0298073515
0.258819818
0.31334275
-0.60873276
0.268731058
-0.248650625
0.0921295732
0.223094255
-0.0559168383
0.347501993
-0.0938121602
-0.185224175
0.523279607
0.153201059
-0.204796687
-0.0370680094
-0.237182856
-0.0733305812
0.283029526
-0.0467678383
-0.509033382
-0.20067516
-0.086505264
0.0171147063
32
0.0730057731
-0.254716694
-0.0992003605
0.388140559
-0.212466806
-0.310095459
0.110952131
-0.376250684
0.441519737
-0.289969116
0.112218298
0.204675063
-0.174774826
-0.367061853
0.0764324367
0.39959991
-0.0582311302
0.624942482
0.109101191
0.0344689861
-0.49988535
0.447050184
-0.0594039634
-0.15978609
0.374601603
-0.0508468375
0.0473667569
-0.441838086
0.209658325
-0.243009239
-0.320159197
0.0270937607
0.152705714
32
0.146012664
-0.0959060565
-0.168696716
0.05975255
0.0730023459
0.0939056948
-0.0881396681
0.128376201
-0.0297487043
-0.114376217
-0.264207423
-0.161640257
0.140849158
-0.103979424
0.288072377
-0.0595095418
-0.096102789
-0.0760883614
-0.118069768
-0.0820649564
-0.0966228098
-0.132835239
0.127639711
-0.131399587
0.254488945
-0.157484695
-0.0922432914
-0.212671518
6.21738e-05
0.219359174
0.0654713064
-0.16920197
0.0695651621
32
0.0771349221
-0.0717647299
0.283708632
-0.174742892
-0.0221045725
0.322542816
0.459029526
0.382219076
0.215583012
-0.27942735
0.0578341484
0.256845981
0.0336610265
0.304224372
0.481122971
-0.104551479
-0.332216352
-0.182792321
0.341215134
0.392843008
0.318412989
0.203214645
-0.013070628
-0.00270126178
-0.0232365262
0.279547006
0.088467367
0.0550680161
0.0583025403
0.0365633331
-0.178670838
0.0997414365
-0.112229958
32
-0.145716295
0.450514227
-0.0220795311
0.196015716
-0.0717425048
0.3280963
0.271023273
0.314586908
-0.270889431
0.0924813971
-0.178607121
0.0652312264
-0.0746364966
0.108062536
-0.162374794
-0.189471319
-0.227523655
-0.189032763
-0.173075333
-0.187326685
0.311622202
-0.0787727758
0.66660434
-0.10307347
-0.0580985844
0.0997673124
0.0285847057
0.26619792
-0.300100893
-0.033419624
0.212393865
0.0781591907
0.0538173653
32
0.252558321
0.0889487341
-0.0652577579
-0.555738986
0.249751508
0.0868016332
0.107638106
-0.167897299
0.140475348
0.336210579
-0.228574559
-0.246015385
0.432067722
0.387469232
0.090580456
-0.38155368
0.420113742
-0.217537448
0.282434255
0.383965701
-0.0449763834
-0.17898494
0.0161519684
0.0235686749
0.0441363119
-0.0345616937
0.00481608743
0.264565647
0.122508474
0.119201019
-0.0576086715
0.180586934
0.0742910579
32
-0.271606505
0.148284033
-0.287357718
-0.0971715525
-0.035431765
-0.138014317
-0.17789945
-0.0461736284
-0.477118433
0.244806945
-0.102685519
-0.0547902286
-0.10462337
-0.10452535
-0.237367362
0.367611021
0.296663374
0.155694768
-0.29828167
-0.0727729127
-0.253431588
0.283540547
0.0117156478
-0.12109457
-0.130843908
0.0557434037
0.196837872
0.214704931
0.126217246
0.102196157
0.273552299
-0.235745341
0.193768501
32
0.0768490732
0.165082425
-0.432488322
0.540986538
-0.0985062942
0.327554703
-0.112845354
0.305144519
-0.477111965
0.217809841
0.126692951
-0.250465512
-0.375576764
-0.254711658
-0.351625592
0.107101634
0.0855644196
0.232411876
-0.62545377
-0.754023373
0.0582348295
0.301119566
0.464470387
0.128982022
-0.0434309281
0.285464376
0.173782334
0.0610948056
-0.341234028
-0.237672895
0.361127198
-0.248663962
0.292228341
32
0.0929398611
-0.00460023666
0.17812638
-0.378582388
-0.11185848
0.00250981934
0.113305733
-0.00039371918
0.423948765
0.270494729
0.0532669015
-0.217180744
0.175356656
0.342880577
0.0618206076
-0.270588338
-0.0444120765
0.176954046
-0.106357113
0.266327739
0.204051569
-0.0136520015
-0.0119910035
-0.0532983989
-0.00671160221
0.119841814
0.00256181788
0.263203084
0.0978063121
-0.11645323
0.136983201
-0.0610368252
-0.0658796951
32
0.450657457
-0.18955338
0.186812535
-0.399024576
-0.124135636
-0.191866189
0.0891004875
0.29158926
0.572774529
0.413790554
0.174972519
-0.235592142
0.266499966
0.380826741
0.245241746
-0.583032906
0.285440028
-0.0742738619
0.12712343
0.451664031
0.345648289
-0.186410889
-0.325496107
0.0157652479
-0.0693539679
0.453627646
0.28573373
0.390967548
-0.0269876104
0.144599959
-0.114644796
0.294157922
-0.0178173073
32
-0.00527387159
-0.0837967992
-0.181356788
-0.0120802782
0.0879857242
0.134866506
0.00393501436
-0.116989486
0.106614225
-0.029475702
-0.0829145238
-0.0331488177
-0.17102769
-0.0790930167
-0.0788325667
-0.0416147523
-0.0885235667
-0.11223495
-0.15272972
0.00970471092
0.120561577
-0.098118633
-0.0903094411
0.155952394
-0.172053203
-0.124690697
0.0211150981
0.0568203889
0.159108669
0.164885655
-0.0566874743
-0.122655056
-0.0152857434
32
0.0626697093
0.23523733
-0.0827587321
-0.291574806
0.338763148
-0.178630054
-0.170974255
-0.285344213
0.0448410921
0.380703956
-0.507239282
0.070453003
0.362346888
-0.385912001
0.49851495
-0.431679457
-0.0602846816
0.146455362
0.307030588
0.0514914766
-0.0582307838
-0.407061934
-0.0587550998
0.355349243
0.349256903
0.173400804
-0.106097721
-0.207974479
-0.0582376122
0.0327847488
-0.101109639
0.188053161
0.22108075
32
0.0371595211
0.281793714
0.326159865
0.415863663
0.214939281
0.00216373173
-0.239252552
-0.312024772
-0.118819728
-0.277736604
0.200183302
0.120764174
0.0391197018
-0.214218184
0.550624073
0.501146257
-0.17074284
0.165591225
0.0576668158
-0.169217989
-0.261552989
0.476661682
-0.0150638381
-0.124392763
0.165119395
-0.00999376178
-0.153191566
-0.208360091
0.220419332
0.289816856
-0.174409807
0.293436795
0.286250532
32
-0.174790993
-0.25013271
0.0339070037
-0.255549699
0.22108528
-0.637339473
-0.00628052047
-0.253057361
0.124009989
0.443557322
0.113853343
0.0305689834
0.14422968
-0.00851282664
0.645461619
-0.183848053
-0.227029279
-0.163518682
0.143383801
0.49320218
0.0871236399
-0.0616153479
-0.304343343
0.103768796
0.628749192
-0.237053424
0.118287541
-0.232810259
0.191425651
0.394620717
0.621290505
-0.285211235
-0.056613557
32
0.276783139
-0.220294088
0.331633717
0.173072681
0.628904998
0.118819118
-0.420973271
0.143956214
-0.0369054265
-0.114990033
0.378788471
0.116042279
0.339598298
-0.0147208218
0.430790633
0.496107996
0.246177286
0.173929989
-0.0707956403
0.118399054
0.0593629181
-0.111156233
-0.384787172
0.18791011
0.228498027
-0.149449572
-0.5400787
-0.487488657
0.29600969
0.47492972
0.386874974
0.0818268061
0.110577852
32
0.106979512
-0.107856177
0.0398804694
0.123526871
0.234632194
0.248066768
-0.498888373
0.0899744183
-0.215702131
-0.132769853
0.374950737
-0.289417356
-0.0735494122
0.216049373
-0.102859363
0.042717535
0.278550863
-0.0141422292
-0.48130244
0.294362098
0.0694454387
0.138608754
0.00472076749
-0.227981299
-0.576413393
0.240074798
-0.0738016516
0.00975007657
0.27297771
-0.00289148325
0.109444633
-0.0630900711
0.114238739
32
-0.0263748895
0.0364533328
-0.107533716
-0.245745704
0.329582185
-0.226167873
-0.107249327
-0.0473504402
0.118644699
-0.121013276
0.112430491
-0.128380984
0.200955465
-0.0716918856
0.508850098
0.169527933
0.026535999
0.160884827
-0.0718035549
0.0333140008
-0.21470803
0.318717808
-0.00711706234
0.111142814
-0.0120508447
0.219433293
-0.0795033202
-0.187087253
0.394002944
0.332711667
0.343140602
0.161637664
0.127240404
32
0.182598293
0.221617445
-0.0419674627
-0.0217032377
0.00830948353
0.155438185
0.075679101
0.27690351
-0.254473358
-0.100346468
0.144148216
0.053221453
0.0780970752
0.0132173682
-0.206060991
-0.0832391456
-0.133514225
-0.23990415
-0.215994477
-0.00611656811
0.169575021
0.176147908
0.272456467
0.172437325
-0.281688929
0.126497135
0.0291968323
0.0381284207
0.188101962
0.0176415704
0.125728145
0.109405808
0.116141543
32
-0.0467294566
0.0677490756
-0.247093081
0.109741986
-0.0810049027
-0.192274958
-0.302966058
-0.248094007
0.040199928
-0.194482982
-0.326166719
-0.0178832542
-0.0703534633
-0.289225519
0.159295917
0.00435387017
-0.295848757
0.633082986
-0.0176608767
-0.29013443
-0.0163801517
-0.440611243
0.00593198929
0.225321591
0.673743546
0.137106299
0.267718524
-0.182806671
-0.296815544
0.183082327
0.52756387
-0.111228958
0.166157618
32
-0.168779224
0.327187985
-0.0182016641
0.0527149811
0.0417371318
0.122409396
0.382845491
0.325339496
-0.224532604
-0.330993831
-0.228131294
0.285206288
-0.122440591
0.127433807
-0.128825247
0.0705887377
0.26795876
-0.211815774
0.0641101748
-0.290088922
-0.00971696153
-0.106525108
0.401132494
0.114078939
0.171103597
0.124618977
0.216838375
0.0977007449
0.0141417664
-0.0414440483
0.0744507909
0.184754387
-0.0404143594
32
-0.182077348
0.00504341209
0.10911575
0.0909718424
0.604698777
0.109724231
0.0871264115
0.323747486
-0.319599181
0.013483311
-0.104156323
0.0973559842
-0.0263058376
0.0667494833
0.295113236
0.0741583854
-0.0543301404
-0.36254552
0.385243922
0.0814841837
0.168637931
-0.268759489
0.256151497
0.132314131
-0.0448771715
-0.0869476274
-0.122910067
-0.2119077
0.286248773
0.0708780438
0.283023477
0.0936118588
0.0431386195
32
-0.104795694
-0.174510226
-0.1291015
0.0811296925
-0.120252907
0.106770672
0.072453469
-0.172844365
0.124611445
-0.125838965
-0.180327803
-0.0833048075
-0.0305200964
-0.127295911
0.00485736225
-0.145718828
-0.146366984
-0.0267927963
0.0131039005
-0.0413198955
-0.0897968858
0.047253333
0.149175763
0.00383857545
-0.170709446
-0.024272399
-0.0820629969
0.0125858355
0.0837811157
-0.087830089
0.129506692
0.104995519
-0.0482489876
32
-0.547226906
0.217004776
-0.213319719
-0.229561538
-0.128927663
-0.426660359
0.466473103
-0.39609766
0.00133448909
0.272507846
-0.124346651
0.354381859
0.100469939
-0.00905903056
0.156126991
0.0147191249
-0.307220757
-0.0649259761
0.785342336
0.193063051
-0.238883927
0.158748746
-0.0441680998
0.224199593
0.331866324
-0.173711658
0.364544809
0.321410447
0.149360359
-0.0163699016
0.459926844
0.026640553
0.0810376927
32
-0.0339802578
0.408369422
0.293614089
0.560104072
-0.1907693
-0.0215218216
-0.148025021
0.270939887
-0.175214633
0.388336271
0.358977228
0.167549923
-0.263935715
0.386683226
-0.45395261
-0.165668428
-0.439291567
-0.147745848
-0.130014464
0.034995947
0.461137831
-0.0548536964
-0.0392691083
-0.23372893
0.164792389
-0.213905796
0.0734862536
0.2007875
-0.0745369494
-0.152960658
0.231796131
-0.115464136
-0.0764944553
32
-0.177581325
0.0699482784
-0.222453162
-0.204712465
-0.2200526
-0.0688362196
0.28712979
0.275708288
0.32321462
0.471828312
0.0389795415
-0.191740781
-0.0472176708
0.113291144
0.223378181
-0.374391258
-0.310550839
0.411442965
-0.221512467
0.122500271
0.301202148
0.0219193567
-0.194479361
0.322741956
0.199841172
0.0569263659
0.324737698
0.050014697
-0.342309028
-0.0169025082
0.124971673
0.0457424894
-0.0261940099
32
-0.0569012687
-0.178577185
-0.369702309
-0.166067436
-0.302197635
0.0712943599
-0.228152096
0.116487235
-0.0557157546
0.535884261
0.0156458169
-0.287551254
0.2523956
-0.0568447039
-0.00740398886
-0.317191899
0.0539274178
0.665265262
-0.631937623
-0.18120268
0.458300382
0.106522866
0.1812976
0.350527912
-0.0198726542
0.463405132
0.374089241
-0.143897533
-0.245303854
-0.0536808781
0.339054614
0.0801604912
0.285427243
32
-0.25853321
0.0398700982
-0.272388875
-0.0280188415
-0.277339011
-0.534310281
0.162142947
-0.413214922
-0.292787105
0.642784953
0.127543226
0.0862462446
-0.316253871
0.101439156
-0.480885416
0.275260836
0.484999418
0.180974096
-0.152463257
-0.212679178
-0.53057164
0.52135545
-0.32765308
-0.295183569
0.119961642
-0.335610479
-0.00901222508
0.408074349
0.425439119
-0.158480793
0.247096598
-0.564929128
0.0646304861
10
32
-0.246992096
0.0936032385
-0.0543406494
0.0180128235
-0.674005628
0.565430462
0.205500409
-0.0657736138
0.583631337
0.444767773
0.100443989
-0.289308667
-0.111006387
0.451338619
0.498315066
0.0285074189
-0.439713657
-0.266706735
-0.168130338
-0.816531539
-0.173648447
-0.57014209
-0.00398136536
0.0832829922
-0.193866372
0.0264358316
-0.0429549254
0.238692641
0.741397202
0.1055668
-0.257845551
-0.237658799
-0.321385682
32
0.016436616
0.168818712
-0.2215437
-0.0336565785
0.276764214
-0.88913095
-0.207550347
0.446356058
-0.395292222
-0.200609133
0.300118268
-0.0591932833
-0.0328855924
-0.290661782
-0.580615222
0.0757056177
0.771714807
0.258011639
0.268004566
0.449868023
0.171975508
0.0973075032
0.100657962
0.741465271
-0.211241201
0.196901441
0.00893725269
0.369530946
-0.380695939
0.225704208
0.0985443667
-0.824073672
0.246083096
32
0.454677939
0.115631312
0.25629881
-0.134911165
-0.291240156
-0.471656084
-0.0354511403
-0.0924288705
0.186891288
-0.340948731
0.662318468
0.226245984
-0.925420523
0.432813376
0.716680646
-0.144052714
0.371899098
-0.264400214
0.43102929
-0.123730138
0.450154096
0.450716048
-0.079310149
0.136235103
0.41157338
-0.0240540337
-0.0997714028
0.377973646
-0.725686789
0.201792657
0.166774318
0.478024393
-0.0266633704
32
-0.138630539
-0.292039007
0.0543219224
-0.182031929
0.715986431
-0.0786845759
-0.23443073
0.0292219222
0.25397265
-0.457657486
-0.31888774
-0.23620832
-0.696978986
0.0684620067
-0.138893202
0.0793565139
-0.251902133
0.269800305
0.82988447
0.97740972
0.010361868
0.317882448
-0.429099202
-0.919946551
-0.125758976
0.383048981
0.0180004556
0.00783680659
0.297919244
-0.130757287
-0.46497792
-0.153063551
-0.286929011
32
-0.11191155
-0.101589724
-0.270982951
-0.111607872
-0.778228819
-0.322005272
0.264180481
-0.0812895373
-0.599168837
-0.167812571
0.173559874
0.598437846
0.742728174
-0.173785567
0.224599019
-0.027000498
0.099168241
0.450140715
-0.296501637
0.440394282
0.559053481
0.376444042
0.0948235765
0.38892892
-0.597720742
-0.416089803
-0.000836828665
-0.888552308
0.101896085
-0.455842346
0.311759979
0.728017449
0.182867289
32
0.260808527
0.213997647
0.114889577
0.145373672
1.12372243
0.145679101
-1.00270045
0.070885241
0.0544511564
0.688326359
-0.239158481
0.150492668
0.72443217
-0.185057715
-0.268591791
-0.0509594604
0.398789793
-0.184229523
-0.277804524
-0.138982534
0.0163775645
0.0836686492
0.32751748
-0.664492965
0.544834793
0.592046559
0.165531129
-0.332018465
0.111069158
-0.10655012
0.159034342
-0.506852686
0.329316705
32
-0.448965847
-0.0125707369
0.214286521
-0.115210637
0.0880100653
0.133076638
-0.105926894
-0.013292281
0.166671157
0.178331971
-0.207332626
-0.223439336
0.433257937
0.480368078
0.641608059
-0.0416210145
-0.37231496
-0.811237812
-0.374374926
-0.511251569
-0.103124604
-0.321165115
-0.0037404513
-0.0649784282
0.177492008
-0.531091154
0.155972183
-0.570774376
0.26362896
0.818755865
1.03336573
-0.127542198
-0.200307056
32
0.581490159
-0.163458243
-0.180031255
0.136757955
-1.01467502
0.139650702
0.669328094
0.163326889
0.668319643
0.160170957
0.00780484686
-0.503109992
-0.41051051
-0.119344763
-0.159760088
-0.139755994
0.247749239
0.929643631
0.54032743
0.0579494685
0.301620215
0.431088328
0.195101097
0.171462059
0.0435362086
-0.272848397
-0.155816972
-0.0557749085
-0.64176333
-0.0967821255
-0.318918794
-0.628503382
0.177119687
32
-0.362133592
0.211341023
0.0310405809
-0.149696946
0.0347443223
-0.12976025
-0.217060402
-0.236213192
-0.346703827
0.296499908
-0.718954086
0.47263518
0.15681155
-0.175470203
-0.760101497
0.0509006381
-0.680856824
-0.0964030027
0.484209299
-0.423371822
-0.185814545
-0.0275676213
-0.114309654
-0.0310441386
0.152215645
-0.0149314441
-0.0317583419
1.02627325
0.502007186
0.149382994
0.0862146541
0.656516075
-0.186863914
32
-0.221339896
-0.0159537997
-0.120886452
0.0984436721
0.740807831
0.973005772
0.805283844
-0.00358972279
-0.1101069
-0.387912393
0.127900377
0.0570540726
0.300398558
-0.164529115
-0.357052624
-0.0318251401
-0.140671477
0.0897824913
-0.907007456
-0.0221083462
-0.794811606
-0.225211576
-0.238151222
0.0293044504
0.0416448675
-0.408761233
0.094175227
-0.210437819
-0.154241517
-0.687320769
-0.842625976
0.766934037
0.116644569
